IKN,yil_v3,urun_pazari,ihale_adi
2025/1481729,2025,health_information_systems,36 AYLIK 3 KISIM HBYS YAZILIMI HİZMETİ ALIMI İŞİ
2025/1446772,2025,computers_peripherals,"3 Kısım 151 Kalem Bilgisayar, Yazılım ve Bilgi Sistemleri Yan Donanımları Satın Alımı"
2025/869773,2025,health_information_systems,Bursa İl Sağlık Müdürlüğü 36 Aylık 4 Kısım HBYS Yazılım Hizmeti
2025/753303,2025,cybersecurity,3 KISIM SİBER GÜVENLİK YAZILIMLARI LİSANS GÜNCELLEMESİ HİZMET ALIMI
2024/129195,2024,software_licences,İSTANBUL ÜNİVERSİTESİ-CERRAHPAŞA BİLİŞİM ALTYAPISI YAZILIM VE YAZILIM LİSANSI ALIMI İŞİ (2 KISIM)
2023/1254818,2023,health_information_systems,2024 YILI 2 KISIM HBYS YAZILIMI HİZMETİ ALIMI
2023/515492,2023,custom_software_web_mobile,ÜYTE MERKEZİ 4 KISIM 11 KALEM TIBBİ CİHAZ VE YAZILIM ALIMI
2023/391373,2023,health_information_systems,2023 YILI 2 KISIM HBYS YAZILIMI HİZMETİ ALIMI
2023/337210,2023,health_information_systems,24 AYLIK 4 KISIM HBYS YAZILIMI HİZMETİ ALIMI
2022/828914,2022,physical_security_surveillance,I KISIM-İNSANSIZ HAVA ARACI ÖZELLİKLERİ VE YER İSTASYONU-DRONE VE EKLERİ  İLE II KISIM-MULTİSPECTRAL KAMERA VE YAZILIM
2022/682156,2022,software_licences,2 Kısım Yazılım Kullanım Hakkı (Lisans) Alımı
2022/529501,2022,software_licences,Lisans ve Yazılım Alımı (2 kısım)
2021/502042,2021,network_datacentre_infrastructure,2 KISIM XWAYS DONGLE VE İNTERNET İÇERİĞİ ÇIKARTMA YAZILIMI GÜNCELLEMESİ
2021/466791,2021,computers_peripherals,15 KISIMDAN OLUŞAN YAZILIM - KABLOLAMA MALZEMELERİ - APPLE IMAC SSD - MEDYA İLETİŞİM MALZEMELERİ - JENERATÖR - BİLİŞİM MALZEMELERİ ALIMI
2021/365455,2021,software_licences,2 Kısım Yazılım Kullanım Hakkı (Lisans) Alımı
2021/288697,2021,network_datacentre_infrastructure,3 KISIM İNTERNET GÜVENLİK DONANIMLARI MODERNİZASYONU VE YAZILIM GÜNCELLEMESİ
2021/151919,2021,health_information_systems,24 AYLIK 2 KISIM HBYS YAZILIMI HİZMETİ ALIMI
2020/514249,2020,maintenance_support_services,3 KISIM ADLİ VERİ İNCELEME YAZILIM GÜNCELLEMESİ
2020/335022,2020,custom_software_web_mobile,3 KISIM HAZIR PAKET YAZILIM KİRALAMA
2020/402177,2020,maintenance_support_services,2 KISIM VERİ DONANIM İNCELEME LABORATUVARI YAZILIM GÜNCELLEMESİ
2020/374171,2020,software_licences,Üniversitemiz Birimlerine 3 Kısım Yazılım Lisansı Alımı
2020/336442,2020,network_datacentre_infrastructure,2 KISIM CEP TELEFONU İNCELEME VE İNTERNET İÇERİĞİ ÇIKARTMA YAZILIM GÜNCELLEME
2020/344566,2020,software_licences,3 KISIM YAZILIM KULLANIM HAKKI (LİSANS) ALIMI
2020/266309,2020,maintenance_support_services,8 KISIM VERİ VE DONANINM İNCELEME LABORATUVARI YAZILIM GÜNCELLEMESİ
2020/179410,2020,software_licences,2 KISIM MOBİL CİHAZ YÖNETİM VE AĞ TABANLI DOSYA TİPİ ÇEVİRİCİ YAZILIM LİSANS KİRALAMASI
2019/517211,2019,health_information_systems,36 AYLIK 3 KISIM HBYS YAZILIMI HİZMETİ ALIMI
2019/499834,2019,cybersecurity,Belediye Sunucu ve Bilgisayarlarında kullanılmak üzere antivirüs ve yedekleme yazılımı kısmi ihale ile alımı
2019/317120,2019,software_licences,KISMİ TEKLİFLİ YAZILIM VE LİSANS GÜNCELLEME HİZMET ALIMI
2019/224775,2019,software_licences,2 Kısım Yazılım Kullanım Hakkı (Lisans) Alımı
2019/153205,2019,custom_software_web_mobile,4 KISIM HAZIR PAKET YAZILIM KİRALAMA HİZMETİ
2018/465290,2018,maintenance_support_services,2 KISIM YAZILIM YILLIK KULLANIM HAKKI VE BAKIM ALIMI
2018/308059,2018,network_datacentre_infrastructure,"3 KISIMDAN OLUŞAN IP TELEFON SUNUCU SİSTEMLERİ, ANAHTARLAMA SİSTEMLERİ VE YAZILIM PAKETLERİ"
2018/194553,2018,custom_software_web_mobile,3 KISIM VERİ İNCELEME SİSTEMİ YAZILIMI
2017/402081,2017,software_licences,2 KISIM YAZILIM KULLANIM HAKKI VE LİSANS HİZMET ALIMI
2017/177119,2017,software_licences,2 Kısım Yazılım Kullanım Hakkı (Lisans) Alımı
2016/441589,2016,software_licences,"6 Grup Mal Alımı İşi ( NVR Sunucu, 2U2 Soket Rack Sunucu,, Sunucu Malzemesi, Microsoft Kampüs Lisansı, Sanallaştırma Yazılımı ve Eviews Yazılım )"
2016/264653,2016,cybersecurity,2 KISIM ANTİVİRÜS PROGRAMI İLE DTSEARCH DESKTOP WITH SPIDER YAZILIMI
2016/205911,2016,maintenance_support_services,4 Kısım Yazılım Kullanım Hakkı ve Bakım Hizmeti Alımı
2016/197264,2016,network_datacentre_infrastructure,"3 KISIM SUNUCU, YAZILIM, DEPOLAMA SİSTEMİ ALIMI"
2015/143299,2015,software_licences,"4 kısımdan oluşan Lisans Artırımı, Lisans Alımı ve yazılım"
2015/140078,2015,maintenance_support_services,6 KISIM İŞLETİM SİSTEMİ VE PAKET YAZILIMLARI
2015/128232,2015,network_datacentre_infrastructure,"5 GRUP MAL ALIMI (NETWORK YAZILIMI, SANALLAŞTIRMA YAZILIMI, SUNUCU VE NETWORK MALZEMESİ, DONANIM MALZEMESİ VE TEKNİK SERVİS MALZEMESİ)"
2015/103803,2015,ERP_management_software,2 KISIM İŞ ZEKASI YAZILIMI İLE DOKÜMAN ARŞİV SİSTEMİ LİSANS GÜNCELLEMESİ
2015/111858,2015,custom_software_web_mobile,115 Adet Yazılım ve Cihaz ( 4 Kısım 10 Kalem )
2015/65708,2015,custom_software_web_mobile,2 KISIM VERİ KAYBI ÖNLEME YAZILIMI İLE NAVİGASYON CİHAZI
2015/29492,2015,computers_peripherals,2015 YILI 28 KISIM BİLGİSAYAR DONANIM-YAZILIM-SARF MALZEME ALIMI
2014/162161,2014,software_licences,2 KISIM YAZILIM KULLANIM HAKKI (LİSANS) ALIMI
2014/99906,2014,custom_software_web_mobile,4 KISIM YAZILIM KULLANIM HAKKI
2013/145318,2013,software_licences,1 Grup Network Ürünleri ile 1 Grup  Microsoft Yazılım Güncellemesi
2013/108496,2013,software_licences,"9 KISIM YAZILIM(KULLANIM HAKKI,LİSANS ALIMI)"
2013/57231,2013,custom_software_web_mobile,2 KISIM VERİ GÖRÜNTÜLEME CİHAZI (50 ADET) VE UYGULAMA GELİŞTİRME YAZILIMI (3 ADET)
2012/155347,2012,physical_security_surveillance,"1 Grup Kablosuz Erişim Ürünleri, 1 Grup Grafik Amaçlı Bilgisayar, 1 Grup Netbok, 1 Grup Çok Fonksiyonlu Lazer Yazıcı, 1 Grup Monitör , 1 Grup IP Kamera ve 1 Grup  Yazılım Güncellemeleri"
2012/143269,2012,software_licences,7 Kısım Yazılım Kullanım Hakkı Alımı (lisans)
2012/99880,2012,software_licences,"12 KISIM YAZILIM (KULLANIM HAKKI, LİSANS ALIMI VE SÜRÜM YÜKSELTMESİ) ALIMI"
2012/59056,2012,custom_software_web_mobile,2 GRUP YAZILIM
2011/163790,2011,custom_software_web_mobile,2 (İKİ) KISIM 2 (İKİ) KALEM BİLGİ SİSTEM YAZILIM ALIMI
2011/167710,2011,custom_software_web_mobile,3 KISIM YAZILIM ALIMI
2011/131268,2011,custom_software_web_mobile,3 (ÜÇ) KISIM 3 (ÜÇ) KALEM BİLGİ SİSTEM YAZILIM ALIMI
2011/109978,2011,network_datacentre_infrastructure,"5 Grup IP Telefon, IP Telefon Sistemi ve Yazılım Güncellemeleri"
2011/107856,2011,custom_software_web_mobile,2 KISIM YAZILIM TEDARİKİ
2011/65386,2011,custom_software_web_mobile,3 Kısım 3 Kalem Yazılım
2011/63850,2011,custom_software_web_mobile,2 Grup çöp ve atıkların taşınması ile yazılım alım ve yapımı
2011/9891,2011,custom_software_web_mobile,7 Kısım 7 Kalem Yazılım Alımı
2026/13149,2026,ERP_management_software,AMASYA İL SAĞLIK MÜDÜRLÜĞÜNE BAĞLI AMASYA ADSM VE MERZİFON ADSM DİŞ HEKİMLİĞİ BİLGİ SİSTEMİ HİZMET ALIMI 2 KISIM-36 AYLIK
2025/1231748,2025,health_information_systems,36 Aylık 2 KISIM Sağlık Bilgi Yönetim Sistemi (SBYS) ve Diş Hekimliği Bilgi Sistemi (DHBS)
2025/43651,2025,ERP_management_software,DİYARBAKIR DİCLE ÜNİVERSİTESİ HASTANESİNE 12 AY SÜRELİ  1 GRUP 7 KALEM SAĞLIK YÖNETİM BİLGİ SİSTEMİ HİZMET ALIMI
2025/422293,2025,health_information_systems,1 KISIM YOĞUN BAKIM BİLGİ YÖNETİM SİSTEMİ
2025/20821,2025,health_information_systems,2 Kısım 36 Ay Hastane Bilgi Yönetim Sistemi (HBYS)
2022/33562,2022,health_information_systems,Sağlık Tesislerimiz İçin 2 Kısım 36 Ay Hastane Bilgi Yönetim Sistemi (HBYS)
2021/584870,2021,health_information_systems,2 KISIM 36 AYLIK SBYS (Sağlık Bilgi Yönetim Sistemi) ve YBBYS (Yoğun Bakım Bilgi Yönetim Sistemi )
2021/192587,2021,health_information_systems,Müdürlüğümüze Bağlı Sağlık Tesislerine Ait 4 Kısım Hastane Bilgi Yönetim Sistemi (HBYS) Hizmet Alımı İşi
2015/103947,2015,ERP_management_software,Eğitim Yönetim Sistemi Yazılımı Kiralanması ( 2 Kısım )
2014/171241,2014,health_information_systems,HASTANE BİLGİ YÖNETİM SİSTEMİ İLE GÖRÜNTÜ ARŞİVLEME (PACS) SİSTEMİ (2 KISIM)
2013/190047,2013,health_information_systems,HASTANE BİLGİ YÖNETİM SİSTEMİ İLE GÖRÜNTÜ ARŞİVLEME (PACS) SİSTEMİ (2 KISIM)
2011/127699,2011,health_information_systems,HASTANE BİLGİ YÖNETİM SİSTEMİ HİZMET ALIMI İHALESİ (3 GRUP)
2021/480019,2021,education_technology,2 Kısım Kütüphane RFID Güvenlik ve Otomasyon Sistemi
2020/392929,2020,education_technology,6 Kısım Kütüphane RFID Güvenlik ve Otomasyon Sistemi
2021/374115,2021,ERP_management_software,"SUNUCU SİSTEMLERİ VE ARŞİV SİSTEMİ GÜNCELLEME MAL ALIMI
KISIM 1: Depolama Sistemi SSD Net 50TB,
KISIM 2: Spectrum Scale Server Licence, 
Spectrum Archive Enterprise Edition"
2018/496114,2018,software_licences,"Üç (3) Grup Hizmet Alımı ( Network Yönetim Yazılımı (XMC) Destek Paketi, Kablosuz Kontrolcü (7030) AP Lisans Artırımı, Deepfreeze Enterprise Lisansı) İhalesi"
2025/596562,2025,network_datacentre_infrastructure,"4 KISIM SUNUCU BİLGİSAYAR İŞLETİM SİSTEMİ, DEPOLAMA VE YEDEKLEME SİSTEMLERİ, VERİ TABANI VE UYGULAMA SUNUCULARI İLE KUBERNETES DESTEK HİZMETİ"
2022/338204,2022,network_datacentre_infrastructure,"JANDARMA GENEL KOMUTANLIĞI İHTİYACI İÇİN 3 KISIM SUNUCU BİLGİSAYAR İŞLETİM SİSTEMİ, DEPOLAMA VE YEDEKLEME SİSTEMLERİ İLE VERİ TABANI VE UYGULAMA SUNUCULARI DESTEK HİZMETİ"
2020/185010,2020,network_datacentre_infrastructure,2 KISIM VERİ TABANI VE UYGULAMA SUNUCULARI İLE YEDEKLEME SİSTEMLERİ DESTEK HİZMETİ
2016/186514,2016,GIS_city_information,"4. Grup, Millî Eğitim Bakanlığına Bağlı Eğitim Kurumlarına İlişkin Mekânsal Verilerin Toplanması ve Veritabanı Oluşturulması İşi"
2016/186513,2016,GIS_city_information,"3. Grup, Millî Eğitim Bakanlığına Bağlı Eğitim Kurumlarına İlişkin Mekânsal Verilerin Toplanması ve Veritabanı Oluşturulması İşi"
2016/186512,2016,GIS_city_information,"2. Grup, Millî Eğitim Bakanlığına Bağlı Eğitim Kurumlarına İlişkin Mekânsal Verilerin Toplanması ve Veritabanı Oluşturulması İşi"
2016/186511,2016,GIS_city_information,"1. Grup, Millî Eğitim Bakanlığına Bağlı Eğitim Kurumlarına İlişkin Mekânsal Verilerin Toplanması ve Veritabanı Oluşturulması İşi"
2021/665533,2021,custom_software_web_mobile,TR52/20/MESLEK-01/0003 NO LU MEVKA PROJESİ LOT 6 (YAPAY ZEKA VE SİMÜLASYON ATÖLYESİ CİHAZLARI ALIMI)
2025/1207096,2025,health_information_systems,36 AYLIK 2 KISIM DHBYS HİZMETİ ALIMI
2019/385484,2019,health_information_systems,İL SAĞLIK MÜDÜRLÜĞÜ VE SAĞLIK TESİSLERİNE AİT 3 GRUP HBYS HİZMET ALIMI
2025/520521,2025,physical_security_surveillance,"Bilgi İşlem Hizmetlerinde kullanılmak üzere 2 kısım teknik servis, bilişim, ip, fiberoptik ve cctv sistemi ürünleri alımı işi"
2025/274374,2025,computers_peripherals,Adliye ana hizmet binamız ile ek hizmet binalarımızda kullanmak üzere ihtiyaç olan 2 (iki) kısım kırtasiye ve bilişim malzemelerinin alım işi
2024/1199424,2024,other_IT,25 Kısım Bilişim Yedek Parça
2023/1076246,2023,physical_security_surveillance,5 Grup Güvenlik Kameraları ve Bilişim Malzemeleri Alımı İşi
2023/672885,2023,cybersecurity,İki Kısımda Bilişim Güvenliği Ürünleri Temini İşi
2023/368680,2023,cybersecurity,8 Kısımda Bilişim Güvenliği Ürünleri Temini İşi
2023/148229,2023,computers_peripherals,5 Kısım Bilişim Malzemesi
2022/845280,2022,computers_peripherals,"43 KISIM HIRDAVAT, BİLİŞİM MALZEMESİ  ve ÇİM TOHUMU ALIMI"
2022/144890,2022,other_IT,4 KISIM BİLİŞİM VE ELEKTRONİK MALZEME ALIM İŞİ
2020/599588,2020,computers_peripherals,Müdürlüğümüze Bağlı Sağlık Tesisleri için 3 Kısım Bilişim Malzemesi Alımı
2020/268616,2020,computers_peripherals,10 Kısım ve 12 Kalemden Oluşan Bilişim Malzemeleri Alımı
2020/143345,2020,other_IT,İZMİR İL SAĞLIK MÜDÜRLÜĞÜ 2 KISIM BİLİŞİM VE TEKNİK MALZEME ALIMI İŞİ
2020/170103,2020,computers_peripherals,"Erenköy Ruh ve Sinir Hastalıkları Eğitim ve Araştırma Hastanesi 3 Kısım Elektrik, Teknik ve Bilişim Malzemeleri Alımı"
2019/410419,2019,custom_software_web_mobile,1 KISIM BİLİŞİM SİSTEMİ ODASI MALZEMELERİ VE 13 KISIM MUHTELİF ELEKTRONİK BÜRO DEMİRBAŞLARI
2019/311373,2019,custom_software_web_mobile,18 KISIM BİLİŞİM SİSTEMİ ODASI MALZEMELERİ VE MUHTELİF ELEKTRONİK BÜRO DEMİRBAŞLARI
2019/49377,2019,cybersecurity,"4 KISIM ADLİ BİLİŞİM, MOBİL İNCELEME VE SİBER SUÇ SORUŞTURMA MALZEMELERİ"
2018/210740,2018,computers_peripherals,"16 Kısım 126 Kalem Elektrik, Teknik ve Bilişim Malzemeleri"
2017/653632,2018,computers_peripherals,19 KISIM (33 KALEM) BİLİŞİM MALZEMELERİ VE SES KAYIT CİHAZI ALIMI
2017/566784,2017,cybersecurity,Adli Bilişim İncelemeleri ve Siber Suç Analizlerinde Geçici Olarak Çalıştırılacak 3 Kısım 70 Teknik Personel Temini
2017/381479,2017,cybersecurity,"7 KISIM 38 AYLIK ADLİ BİLİŞİM İNCELEMELERİ VE SİBER SUÇ ANALİZLERİNDE 
GEÇİCİ OLARAK ÇALIŞTIRILACAK 193 TEKNİK PERSONEL TEMİNİ"
2017/346301,2017,network_datacentre_infrastructure,Sağlık Bilişim Ağı (SBA) Projesi Kapsamında Bilgi İşlem Malzemesi ve Sunucu Alımı (3 Kısım)
2017/103899,2017,computers_peripherals,2 KISIM BİLİŞİM VE BİLGİSAYAR MALZEMELERİ
2015/41240,2015,computers_peripherals,13 KISIM 56 KALEM BİLİŞİM MALZEMESİ ALIMI
2015/38698,2015,computers_peripherals,HIMMS PROJESİ KAPSAMINDA 4 KISIM BİLİŞİM MALZEMESİ ALIMI
2015/14473,2015,other_IT,9 KISIM BİLİŞİM MAZLEMESİ ALIMI
2013/51549,2013,network_datacentre_infrastructure,6 Kısım Muhtelif Bilişim Mal ve Malzemeleri ile Kablosuz Ağ Sistemi Alımı
2017/624649,2018,software_licences,2 KISIM MİCROSOFT PREMİER TEKNİK DESTEK HİZMETİ ALIMI
