model,variable,coef,se_cluster,se_model,OR,OR_lo,OR_hi,p,n_contracts,n_rows,n_buyer_clusters,loglik,OR_boot_lo,OR_boot_hi,n_boot
M0 incumbent only,inc_same_market,3.9291628151289406,0.06522681038628533,0.03748302772402596,50.86437695249134,44.76015143802179,57.80107438527187,0.0,4913,149670,1126,-11685.816944448801,,,
M1 full (all repeat-eligible),inc_same_market,2.719669179561347,0.08267355375666617,0.0456069155823246,15.175301114681977,12.905183007460133,17.844749957295747,2.4676878324774373e-237,4913,149670,1126,-9352.686618516114,12.812336201127504,18.091317923136593,500.0
M1 full (all repeat-eligible),inc_other_market,1.187798641973137,0.12113826998618667,0.07734907030328377,3.279853123501458,2.586660425754189,4.158812809225138,1.0681543075455515e-22,4913,149670,1126,-9352.686618516114,2.614841611826207,4.301583542759726,500.0
M1 full (all repeat-eligible),same_home_province,2.7247163943476345,0.08530050447372549,0.05547881716074982,15.252087735129884,12.903871796251192,18.02762643284177,6.85388570107087e-224,4913,149670,1126,-9352.686618516114,12.952203646334377,17.863615404088545,500.0
M1 full (all repeat-eligible),log_wins_market_12m,-0.13683764306763582,0.04716037143873016,0.03479445813606434,0.872111808036228,0.7951122565507519,0.9565680813620698,0.003713349036015523,4913,149670,1126,-9352.686618516114,0.7915353451827212,0.9633783492258718,500.0
M1 full (all repeat-eligible),log_total_prior_wins,-0.5210843809988432,0.050225111223889056,0.031446498542545866,0.5938762106012921,0.5381996995185384,0.6553124311174051,3.222894968490392e-25,4913,149670,1126,-9352.686618516114,0.5337938081959539,0.6558271940703084,500.0
M1 full (all repeat-eligible),log_prior_wins_same_sector,0.822076472678949,0.054439755493877355,0.03574692724224175,2.275219366703509,2.0449524796932277,2.531414894980487,1.6031013191297413e-51,4913,149670,1126,-9352.686618516114,2.031177769031126,2.5207306697323952,500.0
M1 renewals,inc_same_market,3.486616321015086,0.1149166794182958,0.07809567314817722,32.675198060269615,26.085500651101945,40.92957933060583,3.3647273089900887e-202,1743,53071,541,-2285.9657149604263,,,
M1 renewals,inc_other_market,0.6360992512540153,0.17796253341548735,0.1476739047147197,1.8890975934266903,1.3328142521453843,2.677559691266895,0.0003511075416091535,1743,53071,541,-2285.9657149604263,,,
M1 renewals,same_home_province,2.3987644216257453,0.17830183343740363,0.11371747015352948,11.009564793113363,7.762409806707834,15.615062841569898,2.9406780329325403e-41,1743,53071,541,-2285.9657149604263,,,
M1 renewals,log_wins_market_12m,0.10660787039358947,0.081330820240479,0.06517856810907971,1.11249792556249,0.9485691978083989,1.3047562974217897,0.18992770591338914,1743,53071,541,-2285.9657149604263,,,
M1 renewals,log_total_prior_wins,-0.41121752813994866,0.08256807526530964,0.06142448974464633,0.6628427289713195,0.5638026750356011,0.7792805937332647,6.347091219205915e-07,1743,53071,541,-2285.9657149604263,,,
M1 renewals,log_prior_wins_same_sector,0.681709092806304,0.0887599673670736,0.07157749643632487,1.9772541569528508,1.6615311500181142,2.3529706326268434,1.5863390564318537e-14,1743,53071,541,-2285.9657149604263,,,
M1 new needs,inc_same_market,2.170698309584314,0.09874569330048413,0.05990531144747113,8.764402170354282,7.2221793090315565,10.63595102210377,4.214987306427911e-107,3170,96599,975,-6912.996670765853,,,
M1 new needs,inc_other_market,1.3964122206285565,0.126181157133229,0.08958040168596275,4.040676872464395,3.1553428303692255,5.1744201709321445,1.8192742988999814e-28,3170,96599,975,-6912.996670765853,,,
M1 new needs,same_home_province,2.8116967299564637,0.09082161393359627,0.06395769022392274,16.638124687215953,13.925008088105594,19.879858694215343,1.955143602635324e-210,3170,96599,975,-6912.996670765853,,,
M1 new needs,log_wins_market_12m,-0.2585417120787561,0.0525324957067803,0.04219659546929905,0.7721768212770386,0.6966268317279611,0.8559202949999994,8.585805264492755e-07,3170,96599,975,-6912.996670765853,,,
M1 new needs,log_total_prior_wins,-0.5619302302192049,0.054557026488380345,0.03721627149306992,0.5701075622701038,0.5122912325218758,0.6344489460761585,7.055726117914218e-25,3170,96599,975,-6912.996670765853,,,
M1 new needs,log_prior_wins_same_sector,0.8762925673740187,0.06125332250336475,0.04196250049794517,2.4019780067070657,2.130242994772789,2.7083756918162387,2.006120984175875e-46,3170,96599,975,-6912.996670765853,,,
M1 21(b),inc_same_market,3.959882902992585,0.16631711466345542,0.13554453280795156,52.45118371283918,37.86023520488402,72.6653349613398,2.6797728881062777e-125,618,18953,270,-728.5442036458145,,,
M1 21(b),inc_other_market,2.758373420355735,0.6224367301725867,0.44323518093333597,15.774164135317049,4.657120921586486,53.42877248786545,9.354840104427802e-06,618,18953,270,-728.5442036458145,,,
M1 21(b),same_home_province,2.5245948348764173,0.32379978380701985,0.18943539377233592,12.485835413590268,6.6190195755749865,23.552745870482237,6.350812616208249e-15,618,18953,270,-728.5442036458145,,,
M1 21(b),log_wins_market_12m,0.6526029339280792,0.1206351606793026,0.11714421307375883,1.9205333500106978,1.5161254265614323,2.432812143299188,6.312192441540827e-08,618,18953,270,-728.5442036458145,,,
M1 21(b),log_total_prior_wins,-1.3035498114053867,0.25611003714590747,0.2056472238883086,0.27156607164527075,0.1643880505515401,0.4486222144578707,3.584343942692258e-07,618,18953,270,-728.5442036458145,,,
M1 21(b),log_prior_wins_same_sector,1.202117419076625,0.2539350691180939,0.2116865321952602,3.3271544497129373,2.0226422143662797,5.473017745609032,2.2018558555306324e-06,618,18953,270,-728.5442036458145,,,
M1 open,inc_same_market,2.547551083197677,0.09040266401149823,0.056865873873783924,12.775778623030707,10.701263961508163,15.252452421674983,1.0270545214172483e-174,3041,92804,852,-5989.301954535769,,,
M1 open,inc_other_market,1.0391386491668213,0.13809484377195827,0.09148036342626599,2.826781115151512,2.156470279899788,3.705449385255871,5.279356826345323e-14,3041,92804,852,-5989.301954535769,,,
M1 open,same_home_province,2.611830214275594,0.09729965542771658,0.06905322041793975,13.623962818999514,11.258494266269112,16.486428691408857,1.013734527536717e-158,3041,92804,852,-5989.301954535769,,,
M1 open,log_wins_market_12m,-0.247573900525851,0.055087685750481216,0.043435881692591695,0.7806925250909478,0.7007908719734709,0.8697042771355513,6.9838983574784635e-06,3041,92804,852,-5989.301954535769,,,
M1 open,log_total_prior_wins,-0.3563079484283554,0.04925952936305719,0.03661310631018784,0.7002569440030277,0.6358092856251107,0.7712372227189965,4.714673532310454e-13,3041,92804,852,-5989.301954535769,,,
M1 open,log_prior_wins_same_sector,0.7636229142817136,0.0563981504621536,0.04224440845792056,2.1460370618971316,1.9214546691852576,2.396868968545016,9.096534360707693e-42,3041,92804,852,-5989.301954535769,,,
M1 other procedures,inc_same_market,2.3513712718969875,0.16212902205299523,0.10210034320707609,10.499958154785235,7.641534155192314,14.427616106031305,1.158220581520301e-47,1254,37913,428,-2440.731850806136,,,
M1 other procedures,inc_other_market,1.4958452401045823,0.1638013373077475,0.1435188553782102,4.463107356334791,3.2374779590317395,6.152729849048044,6.720198629441417e-20,1254,37913,428,-2440.731850806136,,,
M1 other procedures,same_home_province,3.092686038082364,0.13573641252175722,0.11065490141057645,22.036188595293694,16.88866470776664,28.75263475294412,6.532692538501866e-115,1254,37913,428,-2440.731850806136,,,
M1 other procedures,log_wins_market_12m,-0.5474272961829596,0.12425165661176847,0.08524538259178803,0.5784360423574769,0.45340906707807427,0.7379390475236498,1.0539672790721138e-05,1254,37913,428,-2440.731850806136,,,
M1 other procedures,log_total_prior_wins,-0.7607795831781002,0.10181518287699155,0.062436395282093174,0.4673019842056474,0.3827637420538523,0.5705115726761072,7.888755127133942e-14,1254,37913,428,-2440.731850806136,,,
M1 other procedures,log_prior_wins_same_sector,0.9035002378522827,0.11162091335623099,0.07320521899014397,2.468227391779808,1.98322289803093,3.071841528040456,5.75645906704745e-16,1254,37913,428,-2440.731850806136,,,
M2 interactions,inc_same_market,2.008935255612039,0.1058179508388037,0.06856764523664015,7.4553750510660795,6.058923063337564,9.173679310831323,2.2769448529642994e-80,4913,149670,1126,-9153.4407791504,,,
M2 interactions,inc_other_market,1.2497599295384179,0.11660904725892093,0.07642707113811031,3.4895051297898254,2.7765418011091354,4.385543933091641,8.423054187581029e-27,4913,149670,1126,-9153.4407791504,,,
M2 interactions,same_home_province,2.7348412302424214,0.0854815794341957,0.05572906460182804,15.407297028912513,13.03055956470754,18.21754473077874,1.3496787119010223e-224,4913,149670,1126,-9153.4407791504,,,
M2 interactions,log_wins_market_12m,-0.1921283279655071,0.04887676784544135,0.036028246474833645,0.8252009653356435,0.7498164820881191,0.9081643968328387,8.463825563806149e-05,4913,149670,1126,-9153.4407791504,,,
M2 interactions,log_total_prior_wins,-0.5242064106585123,0.05050974142036745,0.03145665481668766,0.5920250027242263,0.5362228154403403,0.6536342612777464,3.1119346826731593e-25,4913,149670,1126,-9153.4407791504,,,
M2 interactions,log_prior_wins_same_sector,0.833048482774035,0.05532681547925369,0.035903556355871065,2.300320549964918,2.0639217280311177,2.563796175370815,3.111902531003492e-51,4913,149670,1126,-9153.4407791504,,,
M2 interactions,inc_x_renewal,1.316687783551331,0.13645556006210524,0.09271600671672109,3.7310428668704847,2.8554655249194507,4.875100313045387,4.953787922855711e-22,4913,149670,1126,-9153.4407791504,,,
M2 interactions,inc_x_21b,1.521079647842725,0.1839613192269797,0.1409561391702592,4.577164253952879,3.191577989863504,6.564286592463941,1.3568286132053804e-16,4913,149670,1126,-9153.4407791504,,,
M2 interactions,inc_x_other_proc,-0.27310653775424587,0.16367674766975232,0.10875311160279284,0.7610117068317273,0.552162460676421,1.0488558335267317,0.09520211119469761,4913,149670,1126,-9153.4407791504,,,
M1 without home province,inc_same_market,3.3933383011326765,0.06965211440423791,0.04298892839681402,29.765151638992037,25.966835260777135,34.119069312633485,0.0,4913,149670,1126,-10932.93971812529,,,
M1 without home province,inc_other_market,1.68519556195679,0.1368666012108087,0.0806825766880394,5.393505593728192,4.124467924981029,7.0530073499628685,7.740301970615532e-35,4913,149670,1126,-10932.93971812529,,,
M1 without home province,log_wins_market_12m,-0.1764247617602883,0.047934863849625135,0.033847402984635684,0.8382618461283508,0.7630916820882117,0.9208368262534439,0.0002327676250262426,4913,149670,1126,-10932.93971812529,,,
M1 without home province,log_total_prior_wins,-0.6577019209744989,0.049987360923110576,0.03152086092613657,0.5180404655380216,0.469692455535056,0.5713652002971558,1.543776806840894e-39,4913,149670,1126,-10932.93971812529,,,
M1 without home province,log_prior_wins_same_sector,0.9800409436053088,0.04942366696415469,0.03541758634887922,2.664565336607499,2.418555730318173,2.9355984416849488,1.6605609693039415e-87,4913,149670,1126,-10932.93971812529,,,
M1 home = leave-contract-out,inc_same_market,3.0176967491473454,0.0741162791545484,0.04483959402457086,20.44414941023135,17.67990779541485,23.640578330179896,0.0,4913,149670,1126,-10620.417127561606,,,
M1 home = leave-contract-out,inc_other_market,1.4245791288516652,0.12442723363848063,0.07814344011096792,4.156108288545384,3.2566587644842113,5.303974826742823,2.37615201271434e-30,4913,149670,1126,-10620.417127561606,,,
M1 home = leave-contract-out,log_wins_market_12m,-0.16169957758074344,0.046219790349663906,0.033864454876725736,0.8506967345258828,0.7770190848682904,0.9313605653015194,0.00046789671617158507,4913,149670,1126,-10620.417127561606,,,
M1 home = leave-contract-out,log_total_prior_wins,-0.6152972190070658,0.04980002857210585,0.03147639888815891,0.5404802304367433,0.49021790874477145,0.5958959766299455,4.5571858224571624e-35,4913,149670,1126,-10620.417127561606,,,
M1 home = leave-contract-out,log_prior_wins_same_sector,0.9091456227402164,0.05061942857152656,0.03536096437561892,2.482200891176812,2.2477541063222,2.7411011048001965,3.9786784869747177e-72,4913,149670,1126,-10620.417127561606,,,
M1 home = leave-contract-out,same_home_loo,1.130027159476676,0.06368909751765738,0.04590188181159148,3.0957405776769695,2.7324442227941534,3.507339562260375,1.956921912570009e-70,4913,149670,1126,-10620.417127561606,,,
M1 home = prior wins only (leakage-free),inc_same_market,3.1702247971619757,0.07417197718603592,0.045869127168677304,23.812836812931753,20.59086893358189,27.53896394117235,0.0,4913,149670,1126,-10087.299480122234,20.67857297302536,27.89650183697599,500.0
M1 home = prior wins only (leakage-free),inc_other_market,1.4683117138532422,0.1449817232865998,0.08028398220771814,4.3418985824728304,3.2678998674446134,5.768868100362349,4.16905236619427e-24,4913,149670,1126,-10087.299480122234,3.3663070670624795,5.956566206216918,500.0
M1 home = prior wins only (leakage-free),log_wins_market_12m,-0.059616934985167506,0.04733612149237934,0.03623580442112243,0.9421253597347999,0.8586484178890609,1.0337178465169035,0.20787198204765478,4913,149670,1126,-10087.299480122234,0.8529139697066193,1.0352580711432893,500.0
M1 home = prior wins only (leakage-free),log_total_prior_wins,-0.1203647990756164,0.04198144219624998,0.031918409853101,0.8865969479694833,0.8165652742651415,0.962634798370777,0.00414258140015278,4913,149670,1126,-10087.299480122234,0.8133677774529661,0.9550748466375386,500.0
M1 home = prior wins only (leakage-free),log_prior_wins_same_sector,0.6469201404232137,0.0434211849221353,0.034558919545659886,1.909650307892105,1.7538521861699832,2.079288281640268,3.359464609139893e-50,4913,149670,1126,-10087.299480122234,1.7692678907499075,2.0663351839221393,500.0
M1 home = prior wins only (leakage-free),same_home_prior,1.1550880885788914,0.0618269172007366,0.05058192364509215,3.174303025054752,2.812031935832032,3.5832451141385695,6.858425952982808e-78,4913,149670,1126,-10087.299480122234,2.8459662565429107,3.556060922577983,500.0
M1 home = prior wins only (leakage-free),no_prior_wins,2.433084913009413,0.0747931412096069,0.06283871063642277,11.393977348194593,9.840340914421795,13.192908755925934,3.9060223293976374e-232,4913,149670,1126,-10087.299480122234,9.859037481158746,13.287324708967109,500.0
M1-prior renewals,inc_same_market,4.038038749536558,0.12165560705900995,0.08629789521864134,56.715001334251724,44.68302875878729,71.98686986301493,1.3868726809250606e-241,1743,53071,541,-2388.8192342150505,,,
M1-prior renewals,inc_other_market,0.6693179612369842,0.18293032354294933,0.1504661794209741,1.952904909460819,1.364481532881742,2.7950818633224483,0.0002533314813308143,1743,53071,541,-2388.8192342150505,,,
M1-prior renewals,log_wins_market_12m,0.14274950004288348,0.08499634315023315,0.06907228893448793,1.153440828595551,0.9764386739504616,1.362528728699954,0.09305889628611923,1743,53071,541,-2388.8192342150505,,,
M1-prior renewals,log_total_prior_wins,-0.10029299325593617,0.07263890717740458,0.06326665630193135,0.9045723456088693,0.7845340915690243,1.0429771468616174,0.16736929830514546,1743,53071,541,-2388.8192342150505,,,
M1-prior renewals,log_prior_wins_same_sector,0.5559614376759643,0.08208294746723409,0.0718657418443133,1.7436165578165999,1.4845012550243057,2.047959670227716,1.259941509922059e-11,1743,53071,541,-2388.8192342150505,,,
M1-prior renewals,same_home_prior,0.9616040325874653,0.12267849972551033,0.10129525400365433,2.6158890813159625,2.0568057511415416,3.3269430921953744,4.562973423534574e-15,1743,53071,541,-2388.8192342150505,,,
M1-prior renewals,no_prior_wins,2.44402509673169,0.14465826222058084,0.13213306947488654,11.519313906096222,8.675430090671473,15.2954483501476,4.883523288954049e-64,1743,53071,541,-2388.8192342150505,,,
M1-prior new needs,inc_same_market,2.63473623019789,0.08776252342719625,0.05876087321060955,13.939635123400604,11.736711732991472,16.556036460138642,5.190526371924569e-198,3170,96599,975,-7546.886323302539,,,
M1-prior new needs,inc_other_market,1.7583564041606368,0.14907145745085634,0.09105412680910525,5.802891943065487,4.332636930606821,7.772069398434011,4.1227220296156825e-32,3170,96599,975,-7546.886323302539,,,
M1-prior new needs,log_wins_market_12m,-0.14836100130789576,0.05258977360709517,0.043431112321107475,0.8621198323716694,0.7776824830518423,0.955725018328603,0.004785930696332467,3170,96599,975,-7546.886323302539,,,
M1-prior new needs,log_total_prior_wins,-0.1307723957640039,0.04459312501715724,0.037587833181240676,0.877417455595668,0.8039847957042177,0.9575571521966997,0.003361707053482609,3170,96599,975,-7546.886323302539,,,
M1-prior new needs,log_prior_wins_same_sector,0.6760136236375828,0.04725097751689624,0.04002602992090455,1.9660247755162963,1.7921243568426024,2.1567997796502123,1.982347673297309e-46,3170,96599,975,-7546.886323302539,,,
M1-prior new needs,same_home_prior,1.184716224531816,0.06768510263295921,0.05950446308148051,3.2697588124612293,2.8635251144925524,3.733622812511106,1.3507860161846052e-68,3170,96599,975,-7546.886323302539,,,
M1-prior new needs,no_prior_wins,2.41421561966697,0.07718429127092766,0.07237900605598213,11.180996763120413,9.61125116691826,13.007119098833595,9.125089252397352e-215,3170,96599,975,-7546.886323302539,,,
M1-prior 21(b),inc_same_market,4.219812873818217,0.1523866679211152,0.13585908833884763,68.02075463433422,50.45768199552001,91.6970989954533,8.842239665911908e-169,618,18953,270,-773.9028125567934,,,
M1-prior 21(b),inc_other_market,2.7883327537706797,0.6222101670555006,0.42896554646436375,16.25389794860071,4.800887642518418,55.02924004797991,7.417725984249016e-06,618,18953,270,-773.9028125567934,,,
M1-prior 21(b),log_wins_market_12m,0.6986747732663383,0.1329396736743509,0.1212517400858146,2.011085796069004,1.549780042605189,2.6097032920566776,1.4756060385084054e-07,618,18953,270,-773.9028125567934,,,
M1-prior 21(b),log_total_prior_wins,-0.5602247496395265,0.20304927581159316,0.1873861132519313,0.5710806992431103,0.3835822035756924,0.8502301775417064,0.005796822736265203,618,18953,270,-773.9028125567934,,,
M1-prior 21(b),log_prior_wins_same_sector,0.6464749385282713,0.19054732682825548,0.1864632858796558,1.9088003171791315,1.3139031064301803,2.7730497272073893,0.0006920072979188865,618,18953,270,-773.9028125567934,,,
M1-prior 21(b),same_home_prior,1.095431537627039,0.18500489753422183,0.16912157010853968,2.990472906565241,2.0809446275085643,4.297532998563152,3.1980542354071446e-09,618,18953,270,-773.9028125567934,,,
M1-prior 21(b),no_prior_wins,2.784685921813077,0.3149356738593782,0.2502215949791407,16.194730666268185,8.735646915890655,30.02288254987549,9.395424922268931e-19,618,18953,270,-773.9028125567934,,,
M1-prior open,inc_same_market,2.971351095836041,0.08454146911830565,0.0574311588734766,19.51827284630822,16.53781896056644,23.035865600616326,1.3068876901453383e-270,3041,92804,852,-6425.4367646855735,,,
M1-prior open,inc_other_market,1.2539417695702315,0.16322580163782413,0.09461156731977795,3.5041282364687754,2.5447163713758494,4.825258655831628,1.563157431458869e-14,3041,92804,852,-6425.4367646855735,,,
M1-prior open,log_wins_market_12m,-0.17742754983326173,0.05690489036504861,0.04501394396522845,0.8374216684774941,0.7490413163661098,0.9362301324548924,0.0018210341436081458,3041,92804,852,-6425.4367646855735,,,
M1-prior open,log_total_prior_wins,-0.03220089106714308,0.044424403685976166,0.03758662672672947,0.968312037300197,0.887565708797414,1.056404266508758,0.46854596294182416,3041,92804,852,-6425.4367646855735,,,
M1-prior open,log_prior_wins_same_sector,0.6361956419050682,0.04728644112092772,0.04116513018052077,1.8892796935498568,1.7220478917288862,2.072751737976514,2.913361629441688e-41,3041,92804,852,-6425.4367646855735,,,
M1-prior open,same_home_prior,1.168765910396341,0.07379511608505496,0.06331823571339833,3.218018863411836,2.7846647326126357,3.7188122807008455,1.7018865668498281e-56,3041,92804,852,-6425.4367646855735,,,
M1-prior open,no_prior_wins,2.282865282238129,0.09415821209779612,0.07948207923618712,9.80473352911419,8.152423023195684,11.791929749402616,7.467056199639665e-130,3041,92804,852,-6425.4367646855735,,,
