variant,term,n,coef,se,ci_low,ci_high,buyer_clusters,firm_clusters,clipped_vcov_eigenvalues
main_assumed_TRY,p_21b,4913,-0.025162330825209744,0.04541090513189275,-0.11416770488371952,0.06384304323330003,1126,1437,0
main_assumed_TRY,p_oth_neg,4913,-0.02730714266075904,0.023118949310778885,-0.07262028330988565,0.018005997988367575,1126,1437,0
main_assumed_TRY,log_real_value,4913,-0.0037586325635603195,0.007441556088224029,-0.018344082496479418,0.010826817369358777,1126,1437,0
main_assumed_TRY,log_prior_suppliers,4913,-0.1546243148511382,0.02553276501569918,-0.2046685342819086,-0.10458009542036781,1126,1437,0
main_assumed_TRY,log_prior_contracts,4913,0.2698655742421217,0.021248257634628336,0.22821898927825018,0.31151215920599323,1126,1437,0
main_assumed_TRY,years_since_first,4913,-0.023131346497643687,0.0033716297756883153,-0.029739740857992785,-0.01652295213729459,1126,1437,0
main_assumed_TRY,post7144,4913,0.029519031831247124,0.054672124037810424,-0.0776383312828613,0.13667639494535555,1126,1437,0
main_assumed_TRY,p21b_x_post,4913,0.1188811309420176,0.045385843768226436,0.029924877156293786,0.20783738472774144,1126,1437,0
explicit_currency_only,p_21b,4786,-0.04977878069786736,0.046170524554589594,-0.14027300882486296,0.04071544742912824,1094,1396,0
explicit_currency_only,p_oth_neg,4786,-0.034997100971746666,0.023756746741379578,-0.08156032458485063,0.011566122641357306,1094,1396,0
explicit_currency_only,log_real_value,4786,-0.004958167585353736,0.007506661546290788,-0.01967122421608368,0.009754889045376209,1094,1396,0
explicit_currency_only,log_prior_suppliers,4786,-0.1517544860594494,0.02610924063309504,-0.20292859770031568,-0.10058037441858314,1094,1396,0
explicit_currency_only,log_prior_contracts,4786,0.2713818380541193,0.021734721265522658,0.2287817843736949,0.3139818917345437,1094,1396,0
explicit_currency_only,years_since_first,4786,-0.02361500030182338,0.0033650165174060197,-0.03021043267593918,-0.01701956792770758,1094,1396,0
explicit_currency_only,post7144,4786,0.025955614848294402,0.05497306938633769,-0.08179160114892747,0.13370283084551626,1094,1396,0
explicit_currency_only,p21b_x_post,4786,0.13840628964317245,0.04472045914516753,0.050754189718644094,0.2260583895677008,1094,1396,0
