model,estimate,max_abs_refit_difference,n_contracts,n_alternatives,parameters,max_abs_score,max_abs_score_per_contract,max_abs_newton_correction,information_eigen_min,information_eigen_max,information_condition,log_likelihood,pass
observed all | main,saved,8.881784197001252e-16,3013,203721,6,5.30298027712206e-13,1.760033281487574e-16,1.0454329301957775e-15,107.53953260495825,3354.272271014802,31.191062391321466,-5568.934664829845,True
observed all | main,refit,8.881784197001252e-16,3013,203721,6,2.8509600919793997e-13,9.462197450977098e-17,3.8019995143256396e-16,107.53953260495813,3354.2722710148037,31.19106239132152,-5568.934664829847,True
observed all | plac,saved,4.440892098500626e-16,3013,203721,7,1.3553014378785716e-13,4.498179349082547e-17,5.126400551069484e-16,92.83478848577998,3150.503691647522,33.9366711879793,-5001.154534758047,True
observed all | plac,refit,4.440892098500626e-16,3013,203721,7,1.377934771265073e-13,4.573298278344086e-17,3.7029877001751414e-16,92.83478848578004,3150.50369164752,33.93667118797926,-5001.154534758047,True
observed all | le,saved,4.440892098500626e-16,3013,203721,7,3.825557889821282e-13,1.2696839992768942e-16,7.529766718320827e-16,101.31407499411841,3321.491245021648,32.78410472794101,-5541.231654363073,True
observed all | le,refit,4.440892098500626e-16,3013,203721,7,5.225593222787947e-13,1.7343488957145525e-16,8.862774963872649e-16,101.31407499411844,3321.491245021649,32.78410472794101,-5541.231654363071,True
observed renewals | main,saved,5.551115123125783e-17,1388,91164,6,1.5187850976872141e-13,1.0942255747026038e-16,5.969325071306042e-16,48.013656228747905,1046.6220691071526,21.798424684027573,-1521.6435931545348,True
observed renewals | main,refit,5.551115123125783e-17,1388,91164,6,1.7275070263167436e-13,1.244601603974599e-16,6.4321526047046155e-16,48.01365622874799,1046.6220691071528,21.79842468402754,-1521.6435931545348,True
observed renewals | plac,saved,5.551115123125783e-17,1388,91164,7,6.550315845288424e-14,4.719247727153043e-17,6.453398826561822e-16,23.553806783155913,1008.7781424856513,42.82866679568167,-1314.4260881540613,True
observed renewals | plac,refit,5.551115123125783e-17,1388,91164,7,1.0658141036401503e-13,7.67877596282529e-17,8.180142085139024e-16,23.553806783155977,1008.7781424856513,42.82866679568155,-1314.426088154063,True
observed renewals | le,saved,8.326672684688674e-17,1388,91164,7,2.751132655021138e-13,1.982084045404278e-16,8.213537617416816e-16,34.474620358296136,1013.2595419140132,29.391463383299524,-1506.49533127824,True
observed renewals | le,refit,8.326672684688674e-17,1388,91164,7,3.481659405224491e-13,2.5084001478562616e-16,9.863920735282797e-16,34.47462035829614,1013.2595419140127,29.391463383299506,-1506.4953312782418,True
observed new needs | main,saved,2.220446049250313e-16,1625,112557,6,4.613964590050635e-13,2.8393628246465446e-16,9.392646779662175e-16,61.60557292005738,2255.366673817818,36.609783286075434,-3885.7907962364625,True
observed new needs | main,refit,2.220446049250313e-16,1625,112557,6,2.6066813615283517e-13,1.6041116070943702e-16,7.648181526395084e-16,61.605572920057575,2255.366673817818,36.60978328607532,-3885.7907962364616,True
observed new needs | plac,saved,1.1102230246251565e-16,1625,112557,7,1.330033371494526e-13,8.184820747658622e-17,3.986270552821649e-16,58.78997844584752,2097.081883490462,35.67073741015437,-3528.62417277075,True
observed new needs | plac,refit,1.1102230246251565e-16,1625,112557,7,2.3025887410661634e-13,1.4169776868099466e-16,4.3121349685144744e-16,58.78997844584778,2097.081883490461,35.670737410154196,-3528.624172770752,True
observed new needs | le,saved,4.336808689942018e-17,1625,112557,7,1.5720758028692217e-13,9.674312633041365e-17,5.652390994508766e-16,59.91353946253494,2250.9865703408586,37.570582384778696,-3877.015690130035,True
observed new needs | le,refit,4.336808689942018e-17,1625,112557,7,1.532107773982716e-13,9.42835553220133e-17,5.589080439416775e-16,59.91353946253487,2250.986570340859,37.57058238477875,-3877.015690130035,True
symmetric 730d | all,saved,4.440892098500626e-16,2508,175616,7,1.2567724638756772e-13,5.0110544811629873e-17,6.352935972847889e-16,71.62371373942858,2626.4824702245787,36.670570864000176,-4511.766470974389,True
symmetric 730d | all,refit,4.440892098500626e-16,2508,175616,7,1.268984917146554e-13,5.0597484734711084e-17,4.068943704985072e-16,71.6237137394287,2626.4824702245783,36.67057086400011,-4511.766470974389,True
symmetric 730d | recurring,saved,8.326672684688674e-17,1177,79126,7,1.6574415451220403e-13,1.4081916271215296e-16,1.0590789966571974e-15,20.755777707659433,755.6268201334078,36.40561345261283,-1127.2781173765725,True
symmetric 730d | recurring,refit,8.326672684688674e-17,1177,79126,7,1.066802896021457e-13,9.063745930513654e-17,9.554520170727695e-16,20.755777707659504,755.626820133408,36.40561345261272,-1127.2781173765725,True
symmetric 730d | other,saved,2.7755575615628914e-17,1331,96490,7,2.6579498151046987e-13,1.9969570361417721e-16,9.15800199811926e-16,48.718011934322185,1830.3967217672541,37.571252378583345,-3238.360511577751,True
symmetric 730d | other,refit,2.7755575615628914e-17,1331,96490,7,2.0906258495212438e-13,1.570718143892745e-16,8.604209889855618e-16,48.71801193432233,1830.3967217672548,37.571252378583246,-3238.360511577751,True
