scenario,sigma,calibration_status,metric,observed,mean,p025,p975,reps
legacy_all_fixed,2.90625,matched_within_0.01,OR_incumbent_main,42.30883859853278,47.83077604681613,43.30026585951401,53.00562798873453,100
legacy_all_fixed,2.90625,matched_within_0.01,OR_incumbent_plac,63.693030676663795,67.69868964344086,60.11321934709896,77.61947021463823,100
legacy_all_fixed,2.90625,matched_within_0.01,OR_future_only,54.38802893370581,43.04341129562168,32.764069810611126,54.557173663534925,100
legacy_all_fixed,2.90625,matched_within_0.01,past_future_ratio,1.1710854746050818,1.5953622829082095,1.3025857386068342,2.0167220012614693,100
legacy_all_fixed,2.90625,matched_within_0.01,OR_inc_last,45.75839151544446,55.197635249420756,49.727068859596834,61.74816104367191,100
legacy_all_fixed,2.90625,matched_within_0.01,OR_inc_earlier,26.159735710059774,22.818804137016752,17.62794586348053,26.702487831107494,100
legacy_all_fixed,2.90625,matched_within_0.01,last_earlier_ratio,1.7491916593732246,2.4446686116578964,2.0349014983101883,3.1635586462783327,100
legacy_all_fixed,2.90625,matched_within_0.01,share_chosen_incumbent,0.6893461666113508,0.6942482575506141,0.6815383338864919,0.7069863923000331,100
legacy_all_fixed,2.90625,matched_within_0.01,share_chosen_future_only,0.07799535346830401,0.06714902090939263,0.061068702290076333,0.07235313640889479,100
legacy_all_fixed,2.90625,matched_within_0.01,share_chosen_last,0.5628941254563558,0.5675439761035513,0.5492864254895453,0.5841520079654829,100
legacy_all_fixed,2.90625,matched_within_0.01,incumbency_all_eligible,,0.457315285975982,0.44921636474659066,0.46614085080398937,100
