group,n_contracts,n_buyers,HHI_count,CR4_count,HHI_value,CR4_value,HHI_value_nomax,CR4_value_nomax,HHI_count_kurum_recorded,HHI_value_kurum_recorded
ALL (aggregate),9991,2890,13.886484423910657,3.0927835051546393,109.33054633004073,12.818043891128312,44.41571700164966,6.178800973092596,33.93154930419261,174.9376980221842
ERP_management_software,1515,770,26.79040181245847,4.092409240924093,145.5797371359679,17.047056625678252,119.58513572838366,14.912611624977021,33.212430153906475,146.7496458519535
GIS_city_information,553,320,61.83598259044045,8.860759493670885,329.777145179351,29.967099471239784,240.38314408785618,23.844036189263136,61.901382889319805,329.78287127424016
call_centre_helpdesk,74,55,262.96566837107383,21.62162162162162,8896.734314477375,98.13560786189987,2781.209236340411,71.89338858378937,262.96566837107383,8896.734314477375
computers_peripherals,696,415,54.53989959043467,8.908045977011495,214.85041973123774,22.83863620555271,169.6917743451638,19.052877083434293,110.85513277843836,236.33990075723497
custom_software_web_mobile,1117,625,32.05125636276348,4.834377797672337,204.52959025689063,22.561503877958426,179.17843954603615,20.223932916729243,32.37184907456906,204.67290983933086
cybersecurity,390,229,96.7784352399737,12.05128205128205,424.9876187487569,33.830461363935704,373.5331862384322,31.995213591936338,101.51216305062461,426.54510282656025
education_technology,205,124,199.16716240333125,20.975609756097562,1292.847031893562,60.909760176613595,847.2055683132569,51.319054680971334,201.54669839381316,1292.90729274016
health_information_systems,2189,935,21.593494278986615,3.015075376884422,84.23841282773297,13.114202952902387,70.07408650573372,10.835471427502519,196.72889970012858,1226.4977247019053
maintenance_support_services,626,251,83.75098245363328,9.105431309904152,348.02795665295446,30.653596781844044,326.8353826023159,28.245035965003673,84.36342108217904,348.03384918623345
network_datacentre_infrastructure,748,420,53.475935828877,8.55614973262032,195.92272680464185,18.93213176711477,167.34805166562373,15.955397520040474,64.19971975178015,207.61396326224045
other_IT,277,165,103.61141159144522,10.108303249097473,852.9897978356203,51.52953820806431,740.761662367755,45.93664993438491,109.0852220151442,853.1354730128606
physical_security_surveillance,385,203,113.00387923764546,14.025974025974028,318.9867811388307,27.07917659731569,308.24441084117115,25.648566320260898,114.62303929836395,319.2557218175681
smart_city_traffic_OT,169,111,167.01095900003497,17.751479289940825,1702.146071945943,67.3883167530279,947.2433665512594,53.492327326285285,167.01095900003497,1702.146071945943
software_licences,1047,445,53.46608174171166,6.5902578796561615,251.80605097229716,23.865175096944352,218.40622834773092,22.012813718462176,53.73975218229371,251.8374032666215
