firma_v3,rank_value,rank_count,n,value_bn_2025
GLOBAL BİLGİ PAZARLAMA DANIŞMANLIK VE ÇAĞRI SERVİSİ HİZMETLERİ ANONİM ŞİRKETİ,1,1101,1,7.539004699
FONET BİLGİ TEKNOLOJİLERİ ANONİM ŞİRKETİ,2,2,208,3.148118540232909
AKGÜN BİLGİSAYAR PROGRAM VE HİZ.SAN.TİC.LTD.ŞİRKETİ,3,3,166,2.9733507192798485
KARDELEN BİLGİSAYAR İNŞAAT REKLAM ORMAN ÜRÜNLERİ TEKSTİL İTHALAT VE İHRACAT SANAYİ VE TİCARET LİMİTED ŞİRKETİ,4,7,142,2.574696779551171
SİSOFT SAĞLIK BİLGİ SİSTEMLERİ LİMİTED ŞİRKETİ,5,5,149,1.912840782134333
İSTTELKOM İSTANBUL ELEKTRONİK HABERLEŞME VE ALTYAPI HİZMETLERİ SANAYİ VE TİCARET ANONİM ŞİRKETİ,6,32,34,1.768496042537991
DESTEK BİLGİSAYAR VE İLETİŞİM HİZ.TİC.A.Ş.,7,17,66,1.6981856339806698
ASELSAN ELEKTRONİK SANAYİ VE TİC.A.Ş.,8,362,4,1.6794099402957565
TEKNOSER BİLGİSAYARTEKNİK HİZM.SAN.VE DIŞ TİC.A.Ş.,9,17,66,1.4886460961199486
FORTE BİLGİ İLETİŞİM TEKNOLOJİLERİ VE SAVUNMA SANAYİ ANONİM ŞİRKETİ,10,11,82,1.3558492776398876
PROBEL BİLGİSAYAR YAZILIM DONANIM SANAYİ VE TİCARET ANONİM ŞİRKETİ,11,1,210,1.3213381124537735
PROBİL BİLGİ İŞLEM D ESTEK VE DANIŞ.S AN.VE TİC.A.Ş.,12,154,10,1.0303759570261712
İNNOVA BİLİŞİM ÇÖZÜMLERİ A.Ş.,13,40,30,0.9886607037589197
PRODAY BİLİŞİM TEKNOLOJİLERİ TİCARET ANONİM ŞİRKETİ,14,40,30,0.9269167771930257
KOÇ SİSTEM BİLGİ VE İLETİŞİM HİZMELERİ ANONİM ŞİRKETİ,15,19,63,0.9142764442039338
PRESTİJ BİLGİ SİSTEMLERİ ARGE YAZILIM İNŞAAT MOBİLYA SANAYİ VE TİCARET A.Ş.,16,15,76,0.9050760595511237
PANATES BİLİŞİM VE TEKNOLOJİ SAN.TİC.LTD.ŞTİ.,17,4,150,0.9025754449091528
İSBAK İSTANBUL BİLİŞİM VE AKILLI KENT TEKNOLOJİLERİ A.Ş.,18,71,19,0.8267132181879709
PROMET BİLGİ SİSTEMLERİ VE DAN.SAN.TİC.LTD.ŞTİ.,19,21,56,0.8218110202286888
ATOS BİLİŞİM VE DANIŞMANLIK ANONİM ŞİRKETİ,20,471,3,0.7987189527475081
