IKN,status,ihale_usulu,okas_codes,sozlesme_bedeli,yaklasik_maliyet,para_birimi,en_yuksek_teklif,en_dusuk_teklif,sozlesme_tarihi,n_dokuman_indiren,n_teklif_veren,n_gecerli_teklif,n_contracts_listed,note,sozlesme_bedeli_n,yaklasik_maliyet_n,en_yuksek_teklif_n,en_dusuk_teklif_n,date,year,firm_id,buyer,market,usul_v3,proc,real_value,bm_prior_contracts,bm_prior_suppliers,bm_years_since_first,incumbent_win,dyad_repeat,post7144,renewal,urun_pazari,bedel_amount_original,bedel_currency,bedel_currency_status,discount,detail_currency_assumed,detail_currency,value_match,single_valid,renew
2014/170130,ok,Pazarlık (MD 21 F),50312300;50312310,"80.000,00","133.333,33",TRY,"80.000,00","80.000,00",09.01.2015,2.0,2.0,1.0,1,okas_truncated,80000.0,133333.33,80000.0,80000.0,2014-12-16,2014,Fb1396fc9,"COĞRAFİ BİLGİ SİSTEMLERİ GEN. MÜD. ÇEVRE, ŞEHİRCİLİK VE İKLİM DEĞİŞİKLİĞİ BAKANLIĞI BAKAN YARDIMCILIKLARI",software_licences,negotiated_21f,other,1052220.4776464754,1.0,1.0,1.1143052703627652,0.0,0,0,new need,software_licences,80000.0,TRY,explicit,0.39999998499999956,False,TRY,1.0,1.0,0
2013/183255,ok,Pazarlık (MD 21 B),72260000,"7.800,00","9.775,00",TRY,"7.800,00","7.800,00",12.12.2013,,,,1,no_teklif_tab,7800.0,9775.0,7800.0,7800.0,2013-12-12,2013,F7893c3d8,Devlet Hastanesi -Pötürge SAĞLIK BAKANLIĞI TÜRKİYE KAMU HASTANELERİ KURUMU,health_information_systems,negotiated_21b,21b,111677.2095533666,1.0,1.0,1.0130047912388775,0.0,0,0,new need,health_information_systems,7800.0,TRY,explicit,0.20204603580562663,False,TRY,1.0,,0
2015/38317,ok,Açık,50000000,"495.000,00","603.333,33",TRY,"495.000,00","495.000,00",21.05.2015,,,,1,no_teklif_tab,495000.0,603333.33,495000.0,495000.0,2015-04-27,2015,F7c38388a,Tarım Reformu Genel Müdürlüğü TARIM VE ORMAN BAKANLIĞI BAKAN YARDIMCILIKLARI,ERP_management_software,open,open,6046890.97398112,1.0,1.0,2.2039698836413417,0.0,0,0,new need,ERP_management_software,495000.0,TRY,explicit,0.17955800651689502,False,TRY,1.0,,0
2023/1190355,ok,Açık,72310000;72260000,"2.300.520,00","2.302.019,04",TRY,"2.300.520,00","2.300.520,00",21.12.2023,4.0,1.0,1.0,1,,2300520.0,2302019.04,2300520.0,2300520.0,2023-11-30,2023,F01bddb10,Ağız ve Diş Sağlığı Merkezi- Sancaktepe SAĞLIK BAKANLIĞI BAKAN YARDIMCILIKLARI,health_information_systems,open,open,4918419.702735558,3.0,1.0,4.947296372347707,1.0,1,1,new need,health_information_systems,2300520.0,TRY,explicit,0.0006511848833361533,False,TRY,1.0,1.0,0
2023/1263612,ok,Açık,71356300,"16.992.000,00","17.942.888,16",TRY,"17.902.512,00","16.992.000,00",12.01.2024,4.0,2.0,2.0,1,,16992000.0,17942888.16,17902512.0,16992000.0,2023-12-18,2023,F0d7363ea,İLLER BANKASI ANONİM ŞİRKETİ YATIRIM KOORDİNASYON DAİRESİ BAŞKANLIĞI,maintenance_support_services,open,open,36328216.050667934,1.0,1.0,7.857631759069131,0.0,0,1,new need,maintenance_support_services,16992000.0,TRY,explicit,0.05299526762474116,False,TRY,1.0,0.0,0
2016/534406,ok,Açık,72500000,"360.327,00","507.466,63",TRY,"570.009,00","360.327,00",25.01.2017,,,,1,no_teklif_tab,360327.0,507466.63,570009.0,360327.0,2016-12-30,2016,Ffdb3af78,Keçiören Eğtim Araştırma Hastanesi-Ankara SAĞLIK BAKANLIĞI TÜRKİYE KAMU HASTANELERİ KURUMU,health_information_systems,open,open,4084043.853338081,1.0,1.0,0.9418206707734428,1.0,1,0,renewal,health_information_systems,360327.0,TRY,explicit,0.28994937066108173,False,TRY,1.0,,1
2016/337780,ok,Pazarlık (MD 21 F),79622000,"173.058,94","175.500,00",TRY,"181.000,00","173.058,94",31.08.2016,3.0,3.0,2.0,1,,173058.94,175500.0,181000.0,173058.94,2016-08-26,2016,Fed25faf3,Bilgi İşlem Dairesi Başkanlığı DİĞER ÖZEL BÜTÇELİ KURULUŞLAR TÜRK PATENT VE MARKA KURUMU,other_IT,negotiated_21f,other,1961496.9185551004,3.0,2.0,1.188227241615332,1.0,1,0,renewal,other_IT,173058.94,TRY,explicit,0.013909173789173779,False,TRY,1.0,0.0,1
2019/420705,ok,Pazarlık (MD 21 B),72260000,"165.235,44","279.835,36",TRY,"165.235,44","165.235,44",05.09.2019,,,,1,no_teklif_tab,165235.44,279835.36,165235.44,165235.44,2019-09-04,2019,F6a9fb4bb,Taksim Hastanesi-İstanbul SAĞLIK BAKANLIĞI BAKAN YARDIMCILIKLARI,health_information_systems,negotiated_21b,21b,1257609.0514326703,4.0,1.0,3.356605065023956,1.0,1,1,renewal,health_information_systems,165235.44,TRY,explicit,0.40952622999466537,False,TRY,1.0,,1
2019/460586,ok,Açık,72260000,"203,980.00","247.511,67",TRY,"203,980.00","203,980.00",31.10.2019,,,,1,no_teklif_tab,203980.0,247511.67,203980.0,203980.0,2019-10-09,2019,Fe49b3b37,İl Sağlık Müdürlüğü SAĞLIK BAKANLIĞI BAKAN YARDIMCILIKLARI | RİZE,health_information_systems,open,open,1552494.3941277736,1.0,1.0,1.5003422313483916,1.0,1,1,renewal,health_information_systems,203980.0,TRY,explicit,0.17587724247507197,False,TRY,1.0,,1
2014/17601,ok,Açık,72200000,"29.700,00","39.780,00",TRY,"49.680,00","29.700,00",15.04.2014,,,,1,no_teklif_tab,29700.0,39780.0,49680.0,29700.0,2014-02-25,2014,F840b3c08,Devlet Hastanesi-Lice SAĞLIK BAKANLIĞI TÜRKİYE KAMU HASTANELERİ KURUMU,health_information_systems,open,open,390636.852326254,1.0,1.0,0.2026009582477755,1.0,1,0,new need,health_information_systems,29700.0,TRY,explicit,0.25339366515837103,False,TRY,1.0,,0
2011/175465,ok,Açık,48820000,"23.700,00","47.604,33",TRY,"24.500,00","23.700,00",30.12.2011,,,,1,no_teklif_tab,23700.0,47604.33,24500.0,23700.0,2011-11-21,2011,F15f06098,İdari ve Mali İşler Daire Başkanlığı YÜKSEKÖĞRETİM KURUMLARI ORTA DOĞU TEKNİK ÜNİVERSİTESİ,network_datacentre_infrastructure,open,open,397170.57646749145,1.0,1.0,0.4134154688569473,0.0,0,0,new need,network_datacentre_infrastructure,23700.0,TRY,unspecified_assumed_TRY,0.5021461283038748,False,TRY,1.0,,0
2016/198672,ok,Açık,48218000,"61.774,00","71.623,00",TRY,"64.244,00","61.774,00",15.07.2016,,,,1,no_teklif_tab,61774.0,71623.0,64244.0,61774.0,2016-06-14,2016,F59e8f194,İdari ve Mali İşler Daire Başkanlığı YÜKSEKÖĞRETİM KURUMLARI BİNGÖL ÜNİVERSİTESİ,software_licences,open,open,700163.254477479,3.0,2.0,3.12662559890486,1.0,1,0,renewal,software_licences,61774.0,TRY,explicit,0.13751169317118805,False,TRY,1.0,,1
2013/43738,ok,Açık,63000000,"22.000,00","31.760,00",TRY,"22.000,00","22.000,00",22.05.2013,,,,1,okas_truncated;no_teklif_tab,22000.0,31760.0,22000.0,22000.0,2013-04-15,2013,F3d32ddd3,Şırnak Kamu Hastane Birliği SAĞLIK BAKANLIĞI TÜRKİYE KAMU HASTANELERİ KURUMU,health_information_systems,open,open,314987.0013043674,1.0,1.0,0.1149897330595482,0.0,0,0,new need,health_information_systems,22000.0,TRY,explicit,0.3073047858942065,False,TRY,1.0,,0
2013/174804,ok,Pazarlık (MD 21 F),50312000,"144.300,00","147.065,00",TRY,"145.908,00","144.300,00",30.12.2013,0.0,0.0,0.0,1,bid_table_empty,144300.0,147065.0,145908.0,144300.0,2013-12-09,2013,F04d375c1,ÇEKMEKÖY BELEDİYESİ FEN İŞLERİ MÜDÜRLÜĞÜ,network_datacentre_infrastructure,negotiated_21f,other,2066028.3767372824,1.0,1.0,1.0130047912388775,0.0,0,0,renewal,network_datacentre_infrastructure,144300.0,TRY,explicit,0.018801210349165376,False,TRY,1.0,0.0,1
2015/38362,ok,Açık,48000000,"3.147.740,00","3.180.000,00",TRY,"3.167.700,00","3.147.740,00",12.06.2015,,,,1,no_teklif_tab,3147740.0,3180000.0,3167700.0,3147740.0,2015-05-21,2015,F1b54afac,ANKARA TED.BLG.BŞK (MSB) MİLLİ SAVUNMA BAKANLIĞI MSB BAĞLILARI,physical_security_surveillance,open,open,38452607.26149359,1.0,1.0,0.974674880219028,0.0,0,0,renewal,physical_security_surveillance,3147740.0,TRY,explicit,0.01014465408805032,False,TRY,1.0,,1
2024/1159152,ok,Açık,72260000,"143,800,000.00","157.272.032,25",TRY,"143,800,000.00","143,800,000.00",14.11.2024,3.0,1.0,1.0,1,,143800000.0,157272032.25,143800000.0,143800000.0,2024-10-18,2024,Ffd7e5f24,İSTANBUL BÜYÜKŞEHİR BELEDİYESİ BİLGİ TEKNOLOJİLERİ ŞUBE MÜDÜRLÜĞÜ,custom_software_web_mobile,open,open,193958752.21925145,1.0,1.0,1.295003422313484,1.0,1,1,renewal,custom_software_web_mobile,143800000.0,TRY,explicit,0.08566069921818542,False,TRY,1.0,1.0,1
2023/1236701,ok,Pazarlık (MD 21 D),72212331,"3.135.000,00","3.455.000,00",TRY,"3.135.000,00","3.135.000,00",18.04.2024,5.0,2.0,1.0,1,,3135000.0,3455000.0,3135000.0,3135000.0,2024-03-13,2024,Fbbeb2a19,KAYSERİ VE CİVARI EL EKTRİK T.A.Ş.,custom_software_web_mobile,negotiated_21d,other,4228516.607839731,2.0,2.0,7.586584531143052,0.0,0,1,new need,custom_software_web_mobile,3135000.0,TRY,explicit,0.09261939218523874,False,TRY,1.0,1.0,0
2023/1122498,ok,Açık,72611000,"749.800,00","883.333,33",TRY,"749.800,00","749.800,00",29.11.2023,2.0,1.0,1.0,1,,749800.0,883333.33,749800.0,749800.0,2023-11-09,2023,F4f98857b,DESTEK HİZMETLERİ DAİRESİ BAŞKANLIĞI DİĞER ÖZEL BÜTÇELİ KURULUŞLAR TÜRK STANDARDLARI ENSTİTÜSÜ,software_licences,open,open,1603042.3961152788,2.0,2.0,9.007529089664612,1.0,1,1,renewal,software_licences,749800.0,TRY,explicit,0.15116980811762193,False,TRY,1.0,1.0,1
2025/1754581,ok,Açık,72260000;72261000,"45,363,051.90","56.646.800,19",TRY,"45,363,051.90","45,363,051.90",31.03.2026,6.0,3.0,1.0,1,,45363051.9,56646800.19,45363051.9,45363051.9,2025-11-19,2025,F425f2e88,BARTIN İL SAĞLIK MÜDÜRLÜĞÜ,health_information_systems,open,open,45363051.9,1.0,1.0,2.945927446954141,0.0,0,1,new need,health_information_systems,45363051.9,TRY,explicit,0.1991948045106341,False,TRY,1.0,1.0,0
2021/457321,ok,Pazarlık (MD 21 F),72212900,"290.000,00","314.233,33",TRY,"290.000,00","290.000,00",09.09.2021,2.0,1.0,1.0,1,,290000.0,314233.33,290000.0,290000.0,2021-08-11,2021,Fdbe54504,GÖLBAŞI BELEDİYESİ MALİ HİZMETLER MÜDÜRLÜĞÜ,custom_software_web_mobile,negotiated_21f,other,1643732.6614554585,1.0,1.0,1.5496235455167693,0.0,0,1,new need,custom_software_web_mobile,290000.0,TRY,explicit,0.07711890396858923,False,TRY,1.0,1.0,0
2024/263047,ok,Açık,30200000,"376.420,00","423.569,17",TRY,"413.570,00","376.420,00",02.04.2024,4.0,3.0,3.0,3,lots=17 rows=37 (firm counts are unique firms across lots),376420.0,423569.17,413570.0,376420.0,2024-03-11,2024,F6a585441,Devlet Hastanesi -Bartın SAĞLIK BAKANLIĞI BAKAN YARDIMCILIKLARI,computers_peripherals,open,open,507718.7309483354,6.0,5.0,4.344969199178645,1.0,1,1,renewal,computers_peripherals,376420.0,TRY,explicit,0.11131397972142298,False,TRY,1.0,0.0,1
2012/186415,ok,Pazarlık (MD 21 F),35120000,"134.900,00","142.986,67",TRY,"134.900,00","134.900,00",18.12.2012,0.0,0.0,0.0,1,bid_table_empty,134900.0,142986.67,134900.0,134900.0,2012-12-11,2012,F6a1a7428,FATİH BELEDİYESİ DESTEK HİZMETLERİ MÜDÜRLÜĞÜ,physical_security_surveillance,negotiated_21f,other,2076086.4774705083,2.0,1.0,1.6043805612594113,1.0,1,0,renewal,physical_security_surveillance,134900.0,TRY,explicit,0.05655541177369894,False,TRY,1.0,0.0,1
2013/192628,ok,Pazarlık (MD 21 B),72212610,"256.431,54","664.873,42",TRY,"256.431,54","256.431,54",31.12.2013,,,,1,no_teklif_tab,256431.54,664873.42,256431.54,256431.54,2013-12-24,2013,Ff3a2afbf,Erzurum Kamu Hastane Birliği SAĞLIK BAKANLIĞI TÜRKİYE KAMU HASTANELERİ KURUMU,health_information_systems,negotiated_21b,21b,3671481.9011118608,2.0,2.0,1.0349075975359343,1.0,1,0,new need,health_information_systems,256431.54,TRY,explicit,0.6143152481565589,False,TRY,1.0,,0
2019/645187,ok,Pazarlık (MD 21 B),72222300,"180.000,00","212.000,00",TRY,"180.000,00","180.000,00",20.12.2019,,,,1,no_teklif_tab,180000.0,212000.0,180000.0,180000.0,2019-12-10,2019,Fb48270a3,Devlet Hastanesi -İstanbul Beylikdüzü SAĞLIK BAKANLIĞI BAKAN YARDIMCILIKLARI,health_information_systems,negotiated_21b,21b,1369982.3068094873,3.0,1.0,1.3716632443531829,1.0,1,1,renewal,health_information_systems,180000.0,TRY,explicit,0.15094339622641506,False,TRY,1.0,,1
2023/1222872,ok,Pazarlık (MD 21 B),72260000,"245,787.03","265.583,53",TRY,"245,787.03","245,787.03",28.11.2023,,,,1,no_teklif_tab,245787.03,265583.53,245787.03,245787.03,2023-11-10,2023,F2bc4f546,İzmir Eğitim ve Araştırma Hastanesi-Bozyaka SAĞLIK BAKANLIĞI BAKAN YARDIMCILIKLARI,health_information_systems,negotiated_21b,21b,525482.8347629474,2.0,1.0,0.5968514715947981,1.0,1,1,renewal,health_information_systems,245787.03,TRY,explicit,0.07453963730356328,False,TRY,1.0,,1
2016/69640,ok,Açık,50312000;72000000,"129.036,00","138.195,00",TRY,"129.036,00","129.036,00",18.04.2016,,,,1,okas_truncated;no_teklif_tab,129036.0,138195.0,129036.0,129036.0,2016-03-28,2016,F06c744f5,İZMİR METRO İZMİR B. ŞEHİR BEL.METRO İŞL.TAŞ.İNŞ.SAN.,other_IT,open,open,1462528.988000712,3.0,1.0,3.36208076659822,1.0,1,0,renewal,other_IT,129036.0,TRY,explicit,0.06627591446868553,False,TRY,1.0,,1
2023/546160,ok,Pazarlık (MD 21 F),72260000,"1.405.000,00","1.432.833,00",TRY,"1.420.000,00","1.405.000,00",22.06.2023,3.0,3.0,3.0,1,,1405000.0,1432833.0,1420000.0,1405000.0,2023-06-06,2023,F1140e07b,Program ve İzleme Dairesi Başkanlığı DİĞER ÖZEL BÜTÇELİ KURULUŞLAR KARAYOLLARI GENEL MÜDÜRLÜĞÜ,GIS_city_information,negotiated_21f,other,3003833.777730017,1.0,1.0,10.54072553045859,0.0,0,1,new need,GIS_city_information,1405000.0,TRY,explicit,0.019425152826602954,False,TRY,1.0,0.0,0
2018/487293,ok,Pazarlık (MD 21 F),72260000,"149.040,00","173.333,00",TRY,"149.040,00","149.040,00",08.11.2018,2.0,2.0,1.0,1,,149040.0,173333.0,149040.0,149040.0,2018-10-16,2018,Fb06be9cc,ELEKTRİK ÜRETİM A.Ş GENEL MÜDÜRLÜĞÜ(EÜAŞ) Satın Alma ve Malzeme Yönetimi Daire Başkanlığı - İç Satın Alma Müdürlüğü,maintenance_support_services,negotiated_21f,other,1306533.9259748843,5.0,3.0,7.321013004791239,0.0,0,1,new need,maintenance_support_services,149040.0,TRY,explicit,0.14015219260037037,False,TRY,1.0,1.0,0
2024/1117535,ok,Açık,48810000,"56.400.000,00","74.647.900,00",TRY,"68.900.000,00","56.400.000,00",04.11.2024,13.0,5.0,5.0,1,,56400000.0,74647900.0,68900000.0,56400000.0,2024-09-30,2024,Fcb8c5e71,TÜRKİYE İŞ KURUMU DESTEK HİZMETLERİ DAİRESİ BAŞKANLIĞI,software_licences,open,open,76072834.66735591,7.0,7.0,12.281998631074606,1.0,1,1,new need,software_licences,56400000.0,TRY,explicit,0.2444529584891203,False,TRY,1.0,0.0,0
2017/522020,ok,Pazarlık (MD 21 F),72212218,"193.462,00","193.748,00",TRY,"193.462,00","193.462,00",08.11.2017,1.0,1.0,1.0,1,,193462.0,193748.0,193462.0,193462.0,2017-10-24,2017,Fe7f5dd13,Bilgi İşlem Daire Başkanlığı YÜKSEKÖĞRETİM KURUMLARI AYDIN ADNAN MENDERES ÜNİVERSİTESİ,software_licences,negotiated_21f,other,1972941.7641442944,5.0,4.0,5.971252566735113,1.0,1,0,new need,software_licences,193462.0,TRY,explicit,0.0014761442698763005,False,TRY,1.0,1.0,0
2024/1480826,ok,Pazarlık (MD 21 F),48750000,"2.038.000,00","2.071.883,33",TRY,"2.050.000,00","2.038.000,00",03.12.2024,3.0,3.0,2.0,1,,2038000.0,2071883.33,2050000.0,2038000.0,2024-11-08,2024,Fcb8c5e71,BİLGİ TEKNOLOJİLERİ GENEL MÜDÜRLÜĞÜ KÜLTÜR VE TURİZM BAKANLIĞI,ERP_management_software,negotiated_21f,other,2748872.997377152,4.0,4.0,4.145106091718001,0.0,0,1,new need,ERP_management_software,2038000.0,TRY,explicit,0.016353879347057676,False,TRY,1.0,0.0,0
2013/171636,ok,Açık,30121420;32260000;32580000,"382.700,00","656.214,90",TRY,"596.938,00","382.700,00",20.01.2014,,,,1,okas_truncated;no_teklif_tab,382700.0,656214.9,596938.0,382700.0,2013-12-19,2013,F39bb1a8c,Bursa Büyükşehir Belediyesi Destek Hizmetleri Dairesi Başkanlığı İhale Şube Müdürlüğü,physical_security_surveillance,open,open,5479342.063599154,1.0,1.0,3.1047227926078027,0.0,0,0,new need,physical_security_surveillance,382700.0,TRY,explicit,0.4168069027387218,False,TRY,1.0,,0
2025/1539891,ok,Açık,50312600,"64.380.000,00","108.256.654,34",TRY,"78.378.000,00","64.380.000,00",03.12.2025,11.0,6.0,6.0,1,,64380000.0,108256654.34,78378000.0,64380000.0,2025-11-03,2025,Fd056f984,COĞRAFİ BİLGİ SİSTEMLERİ GENEL MÜDÜRLÜĞÜ,maintenance_support_services,open,open,64380000.0,3.0,3.0,1.943874058863792,1.0,1,1,renewal,maintenance_support_services,64380000.0,TRY,explicit,0.40530214615904603,False,TRY,1.0,0.0,1
2023/753116,ok,Açık,72000000,"10.280.861,00","10.562.500,00",TRY,"11.201.826,00","10.280.861,00",28.09.2023,7.0,2.0,2.0,1,,10280861.0,10562500.0,11201826.0,10280861.0,2023-08-28,2023,F1b54afac,Türkiye Şeker Fabrikaları A.Ş. Genel Müdürlüğü,network_datacentre_infrastructure,open,open,21980069.42060299,11.0,4.0,8.030116358658454,1.0,1,1,renewal,network_datacentre_infrastructure,10280861.0,TRY,explicit,0.02666404733727812,False,TRY,1.0,0.0,1
2022/630939,ok,Açık,16630000;30232100,"44.340,00","49.500,00",TRY,"46.000,00","44.340,00",10.08.2022,,,,4,okas_truncated;no_teklif_tab,44340.0,49500.0,46000.0,44340.0,2022-07-19,2022,F51ad6e33,İdari ve Mali İşler Daire Başkanlığı YÜKSEKÖĞRETİM KURUMLARI AFYON KOCATEPE ÜNİVERSİTESİ,custom_software_web_mobile,open,open,138110.6889254012,2.0,2.0,6.017796030116359,0.0,0,1,new need,custom_software_web_mobile,41986.0,TRY,explicit,0.10424242424242425,False,TRY,1.0560663078168913,,0
2018/215088,ok,Açık,72260000,"2.339.136,00","3.271.950,00",TRY,"2.494.800,00","2.339.136,00",03.08.2018,,,,1,no_teklif_tab,2339136.0,3271950.0,2494800.0,2339136.0,2018-06-11,2018,Fa558691b,Eğitim ve Araştırma Hastanesi-Marmara Üniversitesi Pendik SAĞLIK BAKANLIĞI BAKAN YARDIMCILIKLARI,health_information_systems,open,open,20505639.703899536,3.0,1.0,6.507871321013004,0.0,0,1,new need,health_information_systems,2339136.0,TRY,explicit,0.28509420987484524,False,TRY,1.0,,0
2018/486374,ok,Açık,48820000,"908.100,00","909.000,00",TRY,"908.100,00","908.100,00",09.11.2018,,,,1,no_teklif_tab,908100.0,909000.0,908100.0,908100.0,2018-10-30,2018,F66552319,BAŞBAKANLIK Milli Güvenlik Kurulu Genel Sekreterliği,custom_software_web_mobile,open,open,7960704.899206874,2.0,2.0,5.215605749486653,1.0,1,1,new need,custom_software_web_mobile,908100.0,TRY,explicit,0.000990099009900991,False,TRY,1.0,,0
2022/1144667,ok,Açık,72212218,"2,050,000.00","2.439.666,66",TRY,"2,050,000.00","2,050,000.00",15.12.2022,5.0,1.0,1.0,1,,2050000.0,2439666.66,2050000.0,2050000.0,2022-11-29,2022,F58bce711,Bilgi Teknolojileri Genel Müdürlüğü  TİCARET BAKANLIĞI BAKAN YARDIMCILIKLARI,software_licences,open,open,6743364.74770334,9.0,6.0,9.08145106091718,0.0,0,1,new need,software_licences,2050000.0,TRY,explicit,0.15972127110184808,False,TRY,1.0,1.0,0
2024/1243681,ok,Açık,72260000,"12.537.603,00","12.984.397,92",TRY,"12.537.603,00","12.537.603,00",24.12.2024,7.0,3.0,1.0,1,,12537603.0,12984397.92,12537603.0,12537603.0,2024-11-01,2024,F553f8938,Eğitim ve Araştırma Hastanesi-Sağlık Bil Üniv Süreyyapaşa Göğüs Hastı ve Göğüs Cerrahisi SAĞLIK BAKANLIĞI BAKAN YARDIMCILIKLARI,health_information_systems,open,open,16910833.33588556,5.0,2.0,4.933607118412047,1.0,1,1,new need,health_information_systems,12537603.0,TRY,explicit,0.03441013767082701,False,TRY,1.0,1.0,0
2020/348615,ok,Pazarlık (MD 21 F),72260000,"287.000,00","309.333,33",TRY,"287.000,00","287.000,00",27.07.2020,3.0,1.0,1.0,1,,287000.0,309333.33,287000.0,287000.0,2020-07-13,2020,F5f105ff7,KONAK BELEDİYESİ Bilgi İşlem Müdürlüğü,ERP_management_software,negotiated_21f,other,1945499.286611725,2.0,2.0,2.6776180698151952,0.0,0,1,new need,ERP_management_software,287000.0,TRY,explicit,0.07219826586420552,False,TRY,1.0,1.0,0
2018/401160,ok,Pazarlık (MD 21 F),72212224;80500000,"215.500,00","222.333,32",TRY,"215.500,00","215.500,00",05.09.2018,3.0,3.0,1.0,1,okas_truncated,215500.0,222333.32,215500.0,215500.0,2018-08-16,2018,Faf8693c8,Ankara Büyükşehir Belediyesi Bilgi İşlem Dairesi Başkanlığı,custom_software_web_mobile,negotiated_21f,other,1889144.2636043185,6.0,6.0,5.27583846680356,0.0,0,1,new need,custom_software_web_mobile,215500.0,TRY,explicit,0.030734574556796068,False,TRY,1.0,1.0,0
2013/184039,ok,Pazarlık (MD 21 F),72211000,"144.000,00","147.600,00",TRY,"147.600,00","144.000,00",30.12.2013,0.0,0.0,0.0,1,bid_table_empty,144000.0,147600.0,147600.0,144000.0,2013-12-11,2013,Fca8d4f26,Doğumevi Hastanesi -Zübeyde Hanım SAĞLIK BAKANLIĞI TÜRKİYE KAMU HASTANELERİ KURUMU,health_information_systems,negotiated_21f,other,2061733.099446768,1.0,1.0,1.0184804928131417,1.0,1,0,renewal,health_information_systems,144000.0,TRY,explicit,0.024390243902439046,False,TRY,1.0,0.0,1
2023/1555006,ok,Pazarlık (MD 21 B),50312000,"2.311.086,00","2.355.493,65",TRY,"2.311.086,00","2.311.086,00",28.12.2023,,,,1,no_teklif_tab,2311086.0,2355493.65,2311086.0,2311086.0,2023-12-25,2023,Fb48270a3,Eğitim ve Araştırma Hastanesi-Şişli Hamidiye Etfal SAĞLIK BAKANLIĞI BAKAN YARDIMCILIKLARI,health_information_systems,negotiated_21b,21b,4941009.387928081,10.0,2.0,5.993155373032169,1.0,1,1,renewal,health_information_systems,2311086.0,TRY,explicit,0.01885279970930931,False,TRY,1.0,,1
2011/183805,ok,Açık,50000000;51600000,"435.600,00","441.660,00",TRY,"435.600,00","435.600,00",31.01.2012,,,,1,okas_truncated;no_teklif_tab,435600.0,441660.0,435600.0,435600.0,2011-12-16,2011,F3f597b5d,Şehir Hastanesi-Ankara SAĞLIK BAKANLIĞI BAKAN YARDIMCILIKLARI,health_information_systems,open,open,7299894.645959463,1.0,1.0,0.4791238877481177,0.0,0,0,new need,health_information_systems,435600.0,TRY,unspecified_assumed_TRY,0.013720961825838929,False,TRY,1.0,,0
2013/123786,ok,Açık,50300000,"138.840,00","150.000,00",TRY,"138.840,00","138.840,00",21.11.2013,,,,1,okas_truncated;no_teklif_tab,138840.0,150000.0,138840.0,138840.0,2013-10-03,2013,Fd056f984,ELEKTRİK ÜRETİM A.Ş GENEL MÜDÜRLÜĞÜ(EÜAŞ) Satın Alma ve Malzeme Yönetimi Daire Başkanlığı - İç Satın Alma Müdürlüğü,maintenance_support_services,open,open,1987854.3300499255,3.0,2.0,2.2861054072553046,0.0,0,0,new need,maintenance_support_services,138840.0,TRY,explicit,0.07440000000000002,False,TRY,1.0,,0
2019/334348,ok,Pazarlık (MD 21 B),72260000,"306.000,00","306.000,00",TRY,"306.000,00","306.000,00",23.07.2019,,,,1,no_teklif_tab,306000.0,306000.0,306000.0,306000.0,2019-07-18,2019,F5e1d7dcd,Eğitim ve Araştırma Hastanesi-Bursa Yüksek İhtisas SAĞLIK BAKANLIĞI BAKAN YARDIMCILIKLARI,health_information_systems,negotiated_21b,21b,2328969.9215761283,1.0,1.0,0.1560574948665297,1.0,1,1,new need,health_information_systems,306000.0,TRY,explicit,0.0,False,TRY,1.0,,0
2017/110102,ok,Açık,72260000,"6.536.195,64","7.377.104,52",TRY,"8.947.692,00","6.536.195,64",23.06.2017,,,,1,no_teklif_tab,6536195.64,7377104.52,8947692.0,6536195.64,2017-04-24,2017,F7893c3d8,Adana Kamu Hastane Birliği SAĞLIK BAKANLIĞI TÜRKİYE KAMU HASTANELERİ KURUMU,health_information_systems,open,open,66656673.43857628,2.0,2.0,3.4277891854893907,1.0,1,0,new need,health_information_systems,6536195.64,TRY,explicit,0.11398901530000283,False,TRY,1.0,,0
2011/126908,ok,Açık,50312600,"59.880,00","115.450,00",TRY,"80.328,00","59.880,00",17.10.2011,,,,1,no_teklif_tab,59880.0,115450.0,80328.0,59880.0,2011-09-13,2011,Fe46641f5,İGDAŞ İSTANBUL GAZ DAĞITIM SANAYİ VE TİCARET ANONİM ŞİRKETİ,computers_peripherals,open,open,1003484.1400368516,6.0,5.0,0.6461327857631759,0.0,0,0,new need,computers_peripherals,59880.0,TRY,unspecified_assumed_TRY,0.4813339107838891,False,TRY,1.0,,0
2021/222644,ok,Açık,72250000,"163.800,00","161.343,00",TRY,"163.800,00","163.800,00",06.07.2021,2.0,1.0,1.0,1,,163800.0,161343.0,163800.0,163800.0,2021-05-20,2021,F1b54afac,Jandarma Ted.Mrkz.K.lığı(Güvercinlik/Ankara) İÇİŞLERİ BAKANLIĞI JANDARMA GENEL KOMUTANLIĞI,network_datacentre_infrastructure,open,open,928425.5515393245,6.0,6.0,8.793976728268309,1.0,1,1,renewal,network_datacentre_infrastructure,163800.0,TRY,explicit,-0.015228426395939021,False,TRY,1.0,1.0,1
2018/54419,ok,Açık,48921000,"4.050.000,00","6.329.363,04",TRY,"4.651.435,00","4.050.000,00",10.08.2018,,,,1,no_teklif_tab,4050000.0,6329363.04,4651435.0,4050000.0,2018-05-02,2018,F936bd2a5,İstanbul Su ve Kanalizasyon İdaresi Genel Müdürlüğü,smart_city_traffic_OT,open,open,35503639.29279577,2.0,2.0,1.9000684462696784,0.0,0,0,new need,smart_city_traffic_OT,4050000.0,TRY,explicit,0.36012518567745166,False,TRY,1.0,,0
2014/104506,ok,Açık,48000000,"94.650,00","94.700,00",TRY,"94.650,00","94.650,00",15.10.2014,,,,1,no_teklif_tab,94650.0,94700.0,94650.0,94650.0,2014-09-11,2014,Fd114a3ba,Jandarma Ted.Mrkz.K.lığı(Güvercinlik/Ankara) İÇİŞLERİ BAKANLIĞI JANDARMA GENEL KOMUTANLIĞI,software_licences,open,open,1244908.352615486,4.0,4.0,3.181382614647501,0.0,0,0,new need,software_licences,94650.0,TRY,explicit,0.000527983104540608,False,TRY,1.0,,0
2017/272685,ok,Pazarlık (MD 21 F),72000000,"174.200,00","180.416,67",TRY,"180.500,00","174.200,00",04.07.2017,3.0,3.0,3.0,1,,174200.0,180416.67,180500.0,174200.0,2017-06-15,2017,Fae4f438a,İSTANBUL BÜYÜKŞEHİR BELEDİYESİ HALKLA İLİŞKİLER MÜDÜRLÜĞÜ,maintenance_support_services,negotiated_21f,other,1776506.2664189148,1.0,1.0,1.1170431211498972,1.0,1,0,renewal,maintenance_support_services,174200.0,TRY,explicit,0.03445729266591613,False,TRY,1.0,0.0,1
2019/313305,ok,Pazarlık (MD 21 B),72260000,"318.400,00","638.000,00",TRY,"532.950,00","437.800,00",23.10.2019,,,,1,no_teklif_tab,318400.0,638000.0,532950.0,437800.0,2019-07-05,2019,Fb48270a3,Devlet Hastanesi-Halkalı M.Akif Ersoy Kalp ve Damar C.Eğ.Ar. SAĞLIK BAKANLIĞI BAKAN YARDIMCILIKLARI,health_information_systems,negotiated_21b,21b,2423346.480489671,2.0,1.0,1.0403832991101984,0.0,0,1,renewal,health_information_systems,318400.0,TRY,explicit,0.5009404388714733,False,TRY,1.0,,1
2018/501564,ok,Açık,48800000,"549.000,00","668.300,00",TRY,"549.000,00","549.000,00",28.11.2018,,,,1,no_teklif_tab,549000.0,668300.0,549000.0,549000.0,2018-11-06,2018,F66552319,Program ve İzleme Dairesi Başkanlığı DİĞER ÖZEL BÜTÇELİ KURULUŞLAR KARAYOLLARI GENEL MÜDÜRLÜĞÜ,software_licences,open,open,4812715.548578982,4.0,3.0,6.973305954825462,0.0,0,1,new need,software_licences,549000.0,TRY,explicit,0.17851264402214573,False,TRY,1.0,,0
2022/890390,ok,Pazarlık (MD 21 F),72260000,"641.700,00","676.000,00",TRY,"641.700,00","641.700,00",27.09.2022,1.0,1.0,1.0,1,,641700.0,676000.0,641700.0,641700.0,2022-09-08,2022,Fc705dcdd,Strateji Geliştirme Daire Başkanlığı DİĞER ÖZEL BÜTÇELİ KURULUŞLAR VAKIFLAR GENEL MÜDÜRLÜĞÜ,ERP_management_software,negotiated_21f,other,2110837.6383420653,2.0,1.0,1.5742642026009583,1.0,1,1,renewal,ERP_management_software,641700.0,TRY,explicit,0.050739644970414166,False,TRY,1.0,1.0,1
2016/206390,ok,Açık,72260000,"1.440.000,00","2.912.663,07",TRY,"1.440.000,00","1.440.000,00",17.10.2016,,,,1,no_teklif_tab,1440000.0,2912663.07,1440000.0,1440000.0,2016-09-08,2016,F12f09e79,Sağlık Bilgi Sistemleri Genel Müdürlüğü SAĞLIK BAKANLIĞI BAKAN YARDIMCILIKLARI,ERP_management_software,open,open,16321350.186932525,2.0,2.0,2.9952087611225187,1.0,1,0,renewal,ERP_management_software,1440000.0,TRY,explicit,0.5056070800526886,False,TRY,1.0,,1
2015/115849,ok,Açık,72268000,"46.064,00","54.210,00",TRY,"46.064,00","46.064,00",20.10.2015,,,,1,no_teklif_tab,46064.0,54210.0,46064.0,46064.0,2015-09-29,2015,F75fa6290,ANKARA TED.BLG.BŞK (MSB) MİLLİ SAVUNMA BAKANLIĞI MSB BAĞLILARI,software_licences,open,open,562715.12287973,12.0,8.0,4.522929500342231,1.0,1,0,renewal,software_licences,46064.0,TRY,explicit,0.1502674783250323,False,TRY,1.0,,1
2016/151187,ok,Açık,48781000,"930.000,00","947.666,70",TRY,"941.000,00","930.000,00",24.06.2016,,,,1,no_teklif_tab,930000.0,947666.7,941000.0,930000.0,2016-06-06,2016,F4f98857b,Destek Hizmetleri Genel Müdürlüğü MİLLİ EĞİTİM BAKANLIĞI BAKAN YARDIMCILIKLARI,ERP_management_software,open,open,10540871.995727256,2.0,2.0,5.13347022587269,1.0,1,0,renewal,ERP_management_software,930000.0,TRY,explicit,0.018642313800833143,False,TRY,1.0,,1
2022/304374,ok,Açık,34913000,"45.845,00","56.834,73",TRY,"45.845,00","45.845,00",06.05.2022,3.0,1.0,1.0,1,lots=25 rows=26 (firm counts are unique firms across lots),45845.0,56834.73,45845.0,45845.0,2022-04-13,2022,Fc5723339,Devlet Hastanesi -Bartın SAĞLIK BAKANLIĞI BAKAN YARDIMCILIKLARI,computers_peripherals,open,open,150804.66188217542,4.0,4.0,2.433949349760438,1.0,1,1,renewal,computers_peripherals,45845.0,TRY,explicit,0.19336293143294603,False,TRY,1.0,1.0,1
2020/523570,ok,Açık,31000000,"695.000,00","773.395,00",TRY,"695.000,00","695.000,00",06.01.2021,4.0,1.0,1.0,1,,695000.0,773395.0,695000.0,695000.0,2020-11-09,2020,F5968bbc4,Program ve İzleme Dairesi Başkanlığı DİĞER ÖZEL BÜTÇELİ KURULUŞLAR KARAYOLLARI GENEL MÜDÜRLÜĞÜ,smart_city_traffic_OT,open,open,4711226.495453481,3.0,2.0,9.292265571526352,0.0,0,1,new need,smart_city_traffic_OT,695000.0,TRY,explicit,0.10136476186166188,False,TRY,1.0,1.0,0
2023/690930,ok,Pazarlık (MD 21 F),92700000,"1.099.000,00","1.239.333,33",TRY,"1.150.000,00","1.099.000,00",04.08.2023,2.0,2.0,2.0,1,,1099000.0,1239333.33,1150000.0,1099000.0,2023-07-13,2023,F7bd24ef8,BAŞKANLIK VE HİZMET BİRİMLERİ DÜZENLEYİCİ VE DENETLEYİCİ KURUMLAR KİŞİSEL VERİLERİ KORUMA KURUMU,cybersecurity,negotiated_21f,other,2349618.0225802767,7.0,2.0,2.5927446954141,0.0,0,1,new need,cybersecurity,1099000.0,TRY,explicit,0.11323291854016393,False,TRY,1.0,0.0,0
2019/493174,ok,Açık,32580000,"162.607,00","226.528,41",TRY,"214.600,00","162.607,00",28.11.2019,,,,1,no_teklif_tab,162607.0,226528.41,214600.0,162607.0,2019-10-30,2019,Fe2d7de65,Gaziantep İl Sağlık Müdürlüğü SAĞLIK BAKANLIĞI BAKAN YARDIMCILIKLARI,computers_peripherals,open,open,1237603.960907613,1.0,1.0,3.5455167693360714,0.0,0,1,new need,computers_peripherals,162607.0,TRY,explicit,0.28217833692471506,False,TRY,1.0,,0
2015/177391,ok,Açık,72261000,"493.000,00","493.892,54",TRY,"493.000,00","493.000,00",26.01.2016,,,,1,no_teklif_tab,493000.0,493892.54,493000.0,493000.0,2016-01-08,2016,F60067ad8,KADIKÖY BELEDİYESİ BİLGİ İŞLEM MÜDÜRLÜĞÜ,ERP_management_software,open,open,5587795.58483176,3.0,1.0,3.07460643394935,1.0,1,0,renewal,ERP_management_software,493000.0,TRY,explicit,0.0018071542445244893,False,TRY,1.0,,1
2020/1242,ok,Pazarlık (MD 21 B),50312600,"842.000,00","1.166.463,33",TRY,"948.800,00","842.000,00",14.01.2020,,,,1,no_teklif_tab,842000.0,1166463.33,948800.0,842000.0,2020-01-07,2020,F4284e0af,Bilgi Teknolojileri Genel Müdürlüğü  TİCARET BAKANLIĞI BAKAN YARDIMCILIKLARI,maintenance_support_services,negotiated_21b,21b,5707701.739815584,5.0,3.0,3.080082135523614,1.0,1,1,renewal,maintenance_support_services,842000.0,TRY,explicit,0.27815990580689753,False,TRY,1.0,,1
2025/194570,ok,Açık,48781000,"5.889.000,00","7.489.273,16",TRY,"7.291.000,00","5.889.000,00",11.04.2025,8.0,5.0,5.0,1,,5889000.0,7489273.16,7291000.0,5889000.0,2025-03-11,2025,F56d80c0c,ETİ MADEN İŞLETMELERİ GENEL MÜDÜRLÜĞÜ Satınalma Dairesi Başkanlığı,ERP_management_software,open,open,5889000.0,4.0,4.0,11.477070499657769,1.0,1,1,renewal,ERP_management_software,5889000.0,TRY,explicit,0.21367536285724154,False,TRY,1.0,0.0,1
2023/25898,ok,Pazarlık (MD 21 F),72260000,"624.470,00","681.400,00",TRY,"710.000,00","624.470,00",26.01.2023,3.0,3.0,3.0,1,,624470.0,681400.0,710000.0,624470.0,2023-01-12,2023,F96a1491b,KİPTAŞ İSTANBUL KONUT İMAR PLAN TURİZM ULAŞIM SANAYİ VE TİCARET ANONİM ŞİRKETİ,maintenance_support_services,negotiated_21f,other,1335091.8713018247,2.0,1.0,2.0150581793292264,1.0,1,1,renewal,maintenance_support_services,624470.0,TRY,explicit,0.08354857646022895,False,TRY,1.0,0.0,1
2020/173975,ok,Pazarlık (MD 21 B),72000000,"575.415,00","790.433,70",TRY,"575.415,00","575.415,00",10.04.2020,,,,1,no_teklif_tab,575415.0,790433.7,575415.0,575415.0,2020-03-31,2020,Fb48270a3,İl Sağlık Müdürlüğü SAĞLIK BAKANLIĞI BAKAN YARDIMCILIKLARI | MARDİN,health_information_systems,negotiated_21b,21b,3900590.494793331,1.0,1.0,0.243668720054757,1.0,1,1,new need,health_information_systems,575415.0,TRY,explicit,0.27202623066298914,False,TRY,1.0,,0
2019/624669,ok,Açık,72260000,"1.811.232,00","1.996.399,92",TRY,"1.811.232,00","1.811.232,00",14.02.2020,,,,1,no_teklif_tab,1811232.0,1996399.92,1811232.0,1811232.0,2020-01-02,2020,F31886c15,İl Sağlık Müdürlüğü SAĞLIK BAKANLIĞI BAKAN YARDIMCILIKLARI | KONYA,health_information_systems,open,open,12277876.529227626,1.0,1.0,0.487337440109514,0.0,0,1,new need,health_information_systems,1811232.0,TRY,explicit,0.09275091535768043,False,TRY,1.0,,0
2020/658437,ok,Pazarlık (MD 21 F),30237000,"151.184,00","170.000,00",TRY,"151.184,00","151.184,00",15.12.2020,1.0,1.0,1.0,1,,151184.0,170000.0,151184.0,151184.0,2020-12-01,2020,Fb97d146e,YEŞİLYURT BELEDİYESİ DESTEK HİZMETLERİ MÜDÜRLÜĞÜ,computers_peripherals,negotiated_21f,other,1024837.505739049,1.0,1.0,2.297056810403833,0.0,0,1,new need,computers_peripherals,151184.0,TRY,explicit,0.11068235294117645,False,TRY,1.0,1.0,0
2022/10170,ok,Açık,72212311,"250.000,00","261.838,70",TRY,"296.350,00","250.000,00",14.03.2022,,,,2,no_teklif_tab,250000.0,261838.7,296350.0,250000.0,2022-02-21,2022,Fb48270a3,İl Sağlık Müdürlüğü SAĞLIK BAKANLIĞI BAKAN YARDIMCILIKLARI | İSTANBUL,ERP_management_software,open,open,822361.5545979684,3.0,1.0,3.7453798767967146,0.0,0,1,new need,ERP_management_software,250000.0,TRY,explicit,0.04521371363362259,False,TRY,1.0,,0
2018/158974,ok,Açık,72212781,"2.089.089,00","2.348.873,22",TRY,"2.089.089,00","2.089.089,00",13.07.2018,,,,1,no_teklif_tab,2089089.0,2348873.22,2089089.0,2089089.0,2018-05-14,2018,F10c0157e,İstanbul Su ve Kanalizasyon İdaresi Genel Müdürlüğü,ERP_management_software,open,open,18313645.01396233,2.0,2.0,3.077344284736482,0.0,0,0,new need,ERP_management_software,2089089.0,TRY,explicit,0.11059950694146026,False,TRY,1.0,,0
2016/227632,ok,Açık,48600000,"419.755,00","441.088,88",TRY,"419.755,00","419.755,00",18.08.2016,,,,1,no_teklif_tab,419755.0,441088.88,419755.0,419755.0,2016-07-19,2016,Fa559d2e0,İ.E.T.T. İŞLETMELERİ GENEL MÜDÜRLÜGÜ,software_licences,open,open,4757616.908136015,2.0,2.0,3.2005475701574264,0.0,0,0,new need,software_licences,419755.0,TRY,explicit,0.04836639726669145,False,TRY,1.0,,0
2018/15724,ok,Açık,72212311;72512000,"275.000,00","847.000,00",TRY,"3.929.305,60","275.000,00",28.02.2018,,,,1,okas_truncated;no_teklif_tab,275000.0,847000.0,3929305.6,275000.0,2018-02-08,2018,Fa6864bfb,Türkiye İhracat Kredi Bankası A.Ş.,ERP_management_software,open,open,2410740.9396342807,2.0,2.0,2.127310061601643,0.0,0,0,new need,ERP_management_software,275000.0,TRY,explicit,0.6753246753246753,False,TRY,1.0,,0
2015/96413,ok,Pazarlık (MD 21 F),72212213,"127.000,00","151.500,00",TRY,"127.000,00","127.000,00",05.08.2015,2.0,2.0,1.0,1,,127000.0,151500.0,127000.0,127000.0,2015-07-31,2015,Fb2cf3ec1,"COĞRAFİ BİLGİ SİSTEMLERİ GEN. MÜD. ÇEVRE, ŞEHİRCİLİK VE İKLİM DEĞİŞİKLİĞİ BAKANLIĞI BAKAN YARDIMCILIKLARI",GIS_city_information,negotiated_21f,other,1551424.5529204083,3.0,3.0,1.648186173853525,0.0,0,0,new need,GIS_city_information,127000.0,TRY,explicit,0.16171617161716167,False,TRY,1.0,1.0,0
2020/683957,ok,Pazarlık (MD 21 B),72260000,"434.430,00","469.008,12",TRY,"434.430,00","434.430,00",29.12.2020,,,,1,no_teklif_tab,434430.0,469008.12,434430.0,434430.0,2020-12-11,2020,F7893c3d8,İl Sağlık Müdürlüğü SAĞLIK BAKANLIĞI BAKAN YARDIMCILIKLARI | KIRŞEHİR,health_information_systems,negotiated_21b,21b,2944889.3905321667,3.0,2.0,2.6858316221765914,1.0,1,1,new need,health_information_systems,434430.0,TRY,explicit,0.07372605830363876,False,TRY,1.0,,0
2021/403320,ok,Açık,72260000,"4.134.637,00","4.837.143,98",TRY,"4.247.039,00","4.134.637,00",27.09.2021,8.0,2.0,2.0,1,,4134637.0,4837143.98,4247039.0,4134637.0,2021-08-13,2021,Fb484899e,TEDAŞ Genel Müdürlüğü,software_licences,open,open,23435303.03504211,9.0,7.0,9.697467488021903,0.0,0,1,new need,software_licences,4134637.0,TRY,explicit,0.1452317695947517,False,TRY,1.0,0.0,0
2023/1193413,ok,Açık,50000000,"3.986.000,00","3.849.987,75",TRY,"3.986.000,00","3.986.000,00",28.12.2023,,,,1,no_bid_table;teklif_tab_server_error (EKAP 'Sayfada hata oluştu'),3986000.0,3849987.75,3986000.0,3986000.0,2023-12-01,2023,Fd056f984,İDARİ VE MALİ İŞLER DAİRESİ BAŞKANLIĞI DÜZENLEYİCİ VE DENETLEYİCİ KURUMLAR SERMAYE PİYASASI KURULU,maintenance_support_services,open,open,8521908.49681982,6.0,2.0,5.990417522245037,0.0,0,1,renewal,maintenance_support_services,3986000.0,TRY,explicit,-0.035327969550033034,False,TRY,1.0,,1
2017/262376,ok,Açık,72330000,"365.000,00","541.666,67",TRY,"375.650,00","365.000,00",21.07.2017,,,,1,no_teklif_tab,365000.0,541666.67,375650.0,365000.0,2017-06-29,2017,Fc7f75c98,"COĞRAFİ BİLGİ SİSTEMLERİ GEN. MÜD. ÇEVRE, ŞEHİRCİLİK VE İKLİM DEĞİŞİKLİĞİ BAKANLIĞI BAKAN YARDIMCILIKLARI",software_licences,open,open,3722300.730441469,3.0,3.0,3.649555099247091,0.0,0,0,new need,software_licences,365000.0,TRY,explicit,0.32615385030059174,False,TRY,1.0,,0
2012/17746,ok,Açık,48000000,"227.185,00","231.550,00",TRY,"227.185,00","227.185,00",05.06.2012,,,,1,no_teklif_tab,227185.0,231550.0,227185.0,227185.0,2012-05-10,2012,F426f2ccf,ANKARA TED.BLG.BŞK (MSB) MİLLİ SAVUNMA BAKANLIĞI MSB BAĞLILARI,custom_software_web_mobile,open,open,3496335.851624444,1.0,1.0,0.6105407255304586,0.0,0,0,renewal,custom_software_web_mobile,227185.0,TRY,unspecified_assumed_TRY,0.01885122003886852,False,TRY,1.0,,1
2018/203671,ok,Açık,72320000,"3.161.400,00","4.388.436,00",TRY,"3.658.968,00","3.448.800,00",03.08.2018,,,,1,no_teklif_tab,3161400.0,4388436.0,3658968.0,3448800.0,2018-05-30,2018,F0965ef87,İl Sağlık Müdürlüğü SAĞLIK BAKANLIĞI BAKAN YARDIMCILIKLARI | KARS,health_information_systems,open,open,27713877.84203569,1.0,1.0,0.3093771389459274,0.0,0,1,new need,health_information_systems,3161400.0,TRY,explicit,0.2796066753622475,False,TRY,1.0,,0
2014/161600,ok,Pazarlık (MD 21 F),72611000,"103.860,00","109.648,08",TRY,"107.313,84","103.860,00",26.12.2014,,,,1,no_bid_table (teklif tab did not finish loading),103860.0,109648.08,107313.84,103860.0,2014-12-05,2014,F9732961a,Bilgi İşlem Daire Başkanlığı YÜKSEKÖĞRETİM KURUMLARI NEVŞEHİR HACI BEKTAŞ VELİ ÜNİVERSİTESİ,maintenance_support_services,negotiated_21f,other,1366045.2351045366,4.0,2.0,3.975359342915811,0.0,0,0,renewal,maintenance_support_services,103860.0,TRY,explicit,0.052787791633013614,False,TRY,1.0,,1
2018/300552,ok,Pazarlık (MD 21 B),72000000,"100.260,00","106.881,36",TRY,"100.260,00","100.260,00",02.07.2018,,,,1,no_teklif_tab,100260.0,106881.36,100260.0,100260.0,2018-06-19,2018,Fb68782b8,İl Sağlık Müdürlüğü SAĞLIK BAKANLIĞI BAKAN YARDIMCILIKLARI | İSTANBUL,health_information_systems,negotiated_21b,21b,878912.3149372109,11.0,6.0,4.353182751540041,1.0,1,1,renewal,health_information_systems,100260.0,TRY,explicit,0.06195055901234792,False,TRY,1.0,,1
2019/587087,ok,Açık,72267000,"726,000.00","830.317,71",TRY,"726,000.00","726,000.00",30.12.2019,,,,1,no_teklif_tab,726000.0,830317.71,726000.0,726000.0,2019-12-11,2019,F7bde4f8e,BAŞAKŞEHİR BELEDİYESİ BİLGİ İŞLEM MÜDÜRLÜĞÜ,ERP_management_software,open,open,5525595.304131599,5.0,3.0,7.704312114989733,1.0,1,1,renewal,ERP_management_software,726000.0,TRY,explicit,0.1256358966497294,False,TRY,1.0,,1
2019/485037,ok,Açık,72260000,"773.400,00","831.131,18",TRY,"773.400,00","773.400,00",26.11.2019,,,,1,no_teklif_tab,773400.0,831131.18,773400.0,773400.0,2019-11-07,2019,F5558414a,Devlet Hastanesi - Meram SAĞLIK BAKANLIĞI BAKAN YARDIMCILIKLARI,health_information_systems,open,open,5886357.311591431,1.0,1.0,3.266255989048597,1.0,1,1,new need,health_information_systems,773400.0,TRY,explicit,0.06946097245443261,False,TRY,1.0,,0
2020/151671,ok,Pazarlık (MD 21 B),72260000,"13.178,31","16.218,09",TRY,"13.178,31","13.178,31",30.03.2020,,,,1,no_teklif_tab,13178.31,16218.09,13178.31,13178.31,2020-03-20,2020,F2bc4f546,Devlet Hastanesi-Nevvar Salih işgören Gaziemir SAĞLIK BAKANLIĞI BAKAN YARDIMCILIKLARI,health_information_systems,negotiated_21b,21b,89332.3787587044,2.0,1.0,1.3442847364818618,1.0,1,1,new need,health_information_systems,13178.31,TRY,explicit,0.1874314422968426,False,TRY,1.0,,0
2014/153893,ok,Açık,72300000,"141.996,00","172.295,04",TRY,"141.996,00","141.996,00",29.12.2014,,,,1,no_teklif_tab,141996.0,172295.04,141996.0,141996.0,2014-12-08,2014,Fa8e22fd0,Devlet Hastanesi -Bodrum SAĞLIK BAKANLIĞI TÜRKİYE KAMU HASTANELERİ KURUMU,health_information_systems,open,open,1867638.7367986117,1.0,1.0,0.7474332648870636,1.0,1,0,renewal,health_information_systems,141996.0,TRY,explicit,0.17585555567937416,False,TRY,1.0,,1
2018/99330,ok,Pazarlık (MD 21 F),30200000,"189.500,00","195.001,67",TRY,"189.500,00","189.500,00",02.04.2018,1.0,1.0,1.0,1,,189500.0,195001.67,189500.0,189500.0,2018-03-07,2018,Ff3808c56,MALATYA BÜYÜKŞEHİR BELEDİYESİ Destek Hizmetleri Dairesi Başkanlığı,ERP_management_software,negotiated_21f,other,1661219.665675259,1.0,1.0,2.68309377138946,0.0,0,0,new need,ERP_management_software,189500.0,TRY,explicit,0.028213450684807073,False,TRY,1.0,1.0,0
2023/1115758,ok,Açık,72261000,"1.972.000,00","1.795.000,00",TRY,"1.972.000,00","1.972.000,00",21.11.2023,2.0,1.0,1.0,1,,1972000.0,1795000.0,1972000.0,1972000.0,2023-11-08,2023,Fff6fb966,İ.Ü.C. BİLGİ İŞLEM DAİRE BŞK. YÜKSEKÖĞRETİM KURUMLARI İSTANBUL ÜNİVERSİTESİ-CERRAHPAŞA,cybersecurity,open,open,4216057.088742771,1.0,1.0,1.1279945242984255,1.0,1,1,renewal,cybersecurity,1972000.0,TRY,explicit,-0.09860724233983298,False,TRY,1.0,1.0,1
2020/86235,ok,Açık,72260000,"9.750.004,00","12.280.355,90",TRY,"10.495.000,00","9.750.004,00",30.06.2020,,,,1,no_teklif_tab,9750004.0,12280355.9,10495000.0,9750004.0,2020-04-14,2020,Fe03278ea,İGDAŞ İSTANBUL GAZ DAĞITIM SANAYİ VE TİCARET ANONİM ŞİRKETİ,ERP_management_software,open,open,66092772.91449989,9.0,9.0,9.122518822724162,1.0,1,1,new need,ERP_management_software,9750004.0,TRY,explicit,0.20604874326158584,False,TRY,1.0,,0
2024/1755921,ok,Açık,72260000,"747.000,00","907.650,00",TRY,"747.000,00","747.000,00",11.02.2025,2.0,1.0,1.0,1,,747000.0,907650.0,747000.0,747000.0,2025-01-06,2025,F31886c15,Uygulama ve Araştırma Hastanesi YÜKSEKÖĞRETİM KURUMLARI DOKUZ EYLÜL ÜNİVERSİTESİ,ERP_management_software,open,open,747000.0,2.0,2.0,3.890485968514716,1.0,1,1,new need,ERP_management_software,747000.0,TRY,explicit,0.17699553792761524,False,TRY,1.0,1.0,0
2024/1615901,ok,Pazarlık (MD 21 F),48000000,"1.700.000,00","1.920.000,00",TRY,"1.795.000,00","1.700.000,00",18.12.2024,3.0,2.0,2.0,1,,1700000.0,1920000.0,1795000.0,1700000.0,2024-11-26,2024,F00971f72,BAYRAMPAŞA BELEDİYESİ DESTEK HİZMETLERİ MÜDÜRLÜĞÜ,custom_software_web_mobile,negotiated_21f,other,2292975.5130231394,1.0,1.0,0.1478439425051334,0.0,0,1,new need,custom_software_web_mobile,1700000.0,TRY,explicit,0.11458333333333337,False,TRY,1.0,0.0,0
2015/68579,ok,Açık,72320000,"64.500,00","65.400,00",TRY,"64.500,00","64.500,00",03.07.2015,,,,1,no_teklif_tab,64500.0,65400.0,64500.0,64500.0,2015-06-16,2015,Fb92081e7,Harp Akd.K.lığı MİLLİ SAVUNMA BAKANLIĞI MSB BAĞLILARI,other_IT,open,open,787928.2178217823,1.0,1.0,1.0896646132785763,1.0,1,0,new need,other_IT,64500.0,TRY,explicit,0.013761467889908285,False,TRY,1.0,,0
2014/7709,ok,Açık,72263000,"172.800,00","189.600,00",TRY,"172.800,00","172.800,00",24.03.2014,,,,1,no_teklif_tab,172800.0,189600.0,172800.0,172800.0,2014-02-24,2014,Ff98ca19e,Erzincan Halk Sağlığı Müdürlüğü SAĞLIK BAKANLIĞI TÜRKİYE HALK SAĞLIĞI KURUMU,ERP_management_software,open,open,2272796.231716387,1.0,1.0,1.0650239561943875,1.0,1,0,renewal,ERP_management_software,172800.0,TRY,explicit,0.08860759493670889,False,TRY,1.0,,1
2018/529300,ok,Açık,72000000,"4,176,000.00","4.380.000,00",TRY,"4,176,000.00","4,176,000.00",18.12.2018,,,,1,no_teklif_tab,4176000.0,4380000.0,4176000.0,4176000.0,2018-11-23,2018,Fd083e931,İzmir Büyükşehir Belediyesi SATINALMA DAİRE BAŞKANLIĞI HİZMET ALIMLARI ŞUBE MÜDÜRLÜĞÜ,custom_software_web_mobile,open,open,36608196.95968275,8.0,3.0,7.025325119780972,1.0,1,1,renewal,custom_software_web_mobile,4176000.0,TRY,explicit,0.046575342465753455,False,TRY,1.0,,1
2018/661243,ok,Pazarlık (MD 21 B),72222300;72260000,"156.000,00","183.000,00",TRY,"156.000,00","156.000,00",26.12.2018,,,,1,no_teklif_tab,156000.0,183000.0,156000.0,156000.0,2018-12-18,2018,F6a9fb4bb,Devlet Hastanesi -Haymana SAĞLIK BAKANLIĞI BAKAN YARDIMCILIKLARI,health_information_systems,negotiated_21b,21b,1367547.5875743555,1.0,1.0,8.032854209445585,0.0,0,1,new need,health_information_systems,156000.0,TRY,explicit,0.14754098360655743,False,TRY,1.0,,0
2020/383039,ok,Açık,72260000,"3.145.845,00","3.817.384,20",TRY,"3.145.845,00","3.145.845,00",23.09.2020,3.0,1.0,1.0,1,,3145845.0,3817384.2,3145845.0,3145845.0,2020-08-27,2020,F5d61305d,TEDAŞ Genel Müdürlüğü,software_licences,open,open,21324875.27279116,8.0,7.0,8.736481861738536,1.0,1,1,new need,software_licences,3145845.0,TRY,explicit,0.1759160631513066,False,TRY,1.0,1.0,0
2020/345095,ok,Açık,72260000,"378.300,00","352.047,00",TRY,"399.630,00","378.300,00",30.07.2020,,,,1,no_teklif_tab,378300.0,352047.0,399630.0,378300.0,2020-07-23,2020,F5f2f5f6c,Bilgisayar Bilimleri Uygulama ve Araştırma Merkezi YÜKSEKÖĞRETİM KURUMLARI ATATÜRK ÜNİVERSİTESİ,software_licences,open,open,2564398.537021657,1.0,1.0,3.397672826830937,0.0,0,1,new need,software_licences,378300.0,TRY,explicit,-0.07457242924950358,False,TRY,1.0,,0
2020/405584,ok,Açık,72260000,"262.080,00","279.305,64",TRY,"324.000,00","262.080,00",08.12.2020,10.0,5.0,3.0,2,lots=3 rows=12 (firm counts are unique firms across lots),262080.0,279305.64,324000.0,262080.0,2020-09-24,2020,F31886c15,İl Sağlık Müdürlüğü SAĞLIK BAKANLIĞI BAKAN YARDIMCILIKLARI | KIRŞEHİR,health_information_systems,open,open,1776573.0070912924,2.0,2.0,2.4722792607802875,1.0,1,1,new need,health_information_systems,262080.0,TRY,explicit,0.061673083293269704,False,TRY,1.0,0.0,0
2014/67914,ok,Pazarlık (MD 21 B),72268000,"413.960,00","416.085,00",TRY,"413.960,00","413.960,00",30.06.2014,,,,1,no_teklif_tab,413960.0,416085.0,413960.0,413960.0,2014-06-18,2014,F7893c3d8,Gaziantep İl Sağlık Müdürlüğü SAĞLIK BAKANLIĞI BAKAN YARDIMCILIKLARI,health_information_systems,negotiated_21b,21b,5444714.861581687,1.0,1.0,0.3312799452429842,1.0,1,0,new need,health_information_systems,413960.0,TRY,explicit,0.005107129552855749,False,TRY,1.0,,0
2011/200353,ok,Pazarlık (MD 21 F),48000000,"75.996,00","98.253,78",TRY,"75.996,00","75.996,00",04.01.2012,0.0,0.0,0.0,1,bid_table_empty,75996.0,98253.78,75996.0,75996.0,2011-12-20,2011,F42067e65,Devlet Hastanesi -Tuzla SAĞLIK BAKANLIĞI BAKAN YARDIMCILIKLARI,health_information_systems,negotiated_21f,other,1273560.132034746,1.0,1.0,0.9801505817932924,1.0,1,0,renewal,health_information_systems,75996.0,TRY,unspecified_assumed_TRY,0.2265335745861381,False,TRY,1.0,0.0,1
2015/32469,ok,Açık,72610000,"335.700,00","319.876,20",TRY,"335.849,40","335.700,00",30.04.2015,,,,1,no_teklif_tab,335700.0,319876.2,335849.4,335700.0,2015-04-17,2015,F67344fd1,Mardin Halk Sağlığı Müdürlüğü SAĞLIK BAKANLIĞI TÜRKİYE HALK SAĞLIĞI KURUMU,ERP_management_software,open,open,4100891.515081741,1.0,1.0,2.130047912388775,0.0,0,0,new need,ERP_management_software,335700.0,TRY,explicit,-0.04946851313101752,False,TRY,1.0,,0
2021/868462,ok,Pazarlık (MD 21 F),72260000,"327.000,00","393.000,00",TRY,"355.000,00","327.000,00",17.01.2022,3.0,3.0,3.0,1,,327000.0,393000.0,355000.0,327000.0,2021-12-24,2021,F96a1491b,KİPTAŞ İSTANBUL KONUT İMAR PLAN TURİZM ULAŞIM SANAYİ VE TİCARET ANONİM ŞİRKETİ,maintenance_support_services,negotiated_21f,other,1853450.276882534,1.0,1.0,0.9637234770704995,1.0,1,1,renewal,maintenance_support_services,327000.0,TRY,explicit,0.16793893129770987,False,TRY,1.0,0.0,1
2024/778941,ok,Açık,50000000,"1.860.000,00","2.201.562,00",TRY,"1.860.000,00","1.860.000,00",17.07.2024,2.0,1.0,1.0,1,,1860000.0,2201562.0,1860000.0,1860000.0,2024-06-28,2024,Fcfffad17,Uygulama Araştırma Merkezi YÜKSEKÖĞRETİM KURUMLARI SİVAS CUMHURİYET ÜNİVERSİTESİ,health_information_systems,open,open,2508784.973072376,1.0,1.0,2.5023956194387407,0.0,0,1,new need,health_information_systems,1860000.0,TRY,explicit,0.15514530138147364,False,TRY,1.0,1.0,0
2022/939588,ok,Pazarlık (MD 21 F),72212218,"720.130,00","725.286,75",TRY,"724.725,00","720.130,00",07.10.2022,3.0,2.0,2.0,1,,720130.0,725286.75,724725.0,720130.0,2022-09-20,2022,Fe1094fac,KOCAELİ BÜYÜKŞEHİR BELEDİYESİ YAPI KONTROL DAİRESİ BAŞKANLIĞI,software_licences,negotiated_21f,other,2368828.9052505395,3.0,1.0,3.0965092402464065,1.0,1,1,renewal,software_licences,720130.0,TRY,explicit,0.007109946514258003,False,TRY,1.0,0.0,1
2017/707350,ok,Pazarlık (MD 21 F),71356300,"170.478,00","188.373,83",TRY,"170.478,00","170.478,00",09.01.2018,3.0,3.0,1.0,1,,170478.0,188373.83,170478.0,170478.0,2018-01-02,2018,Fffb262a2,Tarım ve Kırsal Kalkınmayı Destekleme Kurumu Personel İşleri Koordinatörlüğü,maintenance_support_services,negotiated_21f,other,1494466.523298083,1.0,1.0,0.7885010266940452,1.0,1,0,renewal,maintenance_support_services,170478.0,TRY,explicit,0.09500167831168471,False,TRY,1.0,1.0,1
2021/569306,ok,Pazarlık (MD 21 F),72212450,"400,000.00","404.716,66",TRY,"401,100.00","400,000.00",11.10.2021,3.0,2.0,2.0,1,,400000.0,404716.66,401100.0,400000.0,2021-09-23,2021,F7cb4996e,GENEL SEKRETERLİK DİĞER ÖZEL BÜTÇELİ KURULUŞLAR TÜRK AKREDİTASYON KURUMU,ERP_management_software,negotiated_21f,other,2267217.4640764943,2.0,2.0,9.177275838466803,0.0,0,1,new need,ERP_management_software,400000.0,TRY,explicit,0.011654227429135133,False,TRY,1.0,0.0,0
2015/176254,ok,Pazarlık (MD 21 B),72310000,"25.000,00","161.960,00",TRY,"25.000,00","25.000,00",23.12.2015,,,,1,no_teklif_tab,25000.0,161960.0,25000.0,25000.0,2015-12-16,2015,Fca8d4f26,Eğitim Araştırma Hastanesi-Fizik Tedavi Reh. SAĞLIK BAKANLIĞI TÜRKİYE KAMU HASTANELERİ KURUMU,health_information_systems,negotiated_21b,21b,305398.5340394505,1.0,1.0,0.974674880219028,0.0,0,0,renewal,health_information_systems,25000.0,TRY,explicit,0.8456408989874042,False,TRY,1.0,,1
2020/709621,ok,Pazarlık (MD 21 B),72260000,"440.076,00","553.815,44",TRY,"440.076,00","440.076,00",30.12.2020,,,,1,no_teklif_tab,440076.0,553815.44,440076.0,440076.0,2020-12-18,2020,Fb48270a3,Göğüs Hastalıkları Hastanesi-Yedikule SAĞLIK BAKANLIĞI BAKAN YARDIMCILIKLARI,health_information_systems,negotiated_21b,21b,2983162.174407462,5.0,1.0,2.9979466119096507,1.0,1,1,renewal,health_information_systems,440076.0,TRY,explicit,0.20537426692184668,False,TRY,1.0,,1
2023/1581417,ok,Pazarlık (MD 21 F),72261000,"1.425.000,00","1.436.916,67",TRY,"1.428.000,00","1.425.000,00",05.02.2024,3.0,3.0,3.0,1,,1425000.0,1436916.67,1428000.0,1425000.0,2024-01-08,2024,Fec18ad4f,TUZLA BELEDİYESİ DESTEK HİZMETLERİ MÜDÜRLÜĞÜ,network_datacentre_infrastructure,negotiated_21f,other,1922053.0035635135,6.0,5.0,11.37577002053388,0.0,0,1,new need,network_datacentre_infrastructure,1425000.0,TRY,explicit,0.008293222737822292,False,TRY,1.0,0.0,0
2024/341946,ok,Açık,72317000,"895.400,00","1.099.891,00",TRY,"895.400,00","895.400,00",22.04.2024,2.0,1.0,1.0,1,,895400.0,1099891.0,895400.0,895400.0,2024-03-26,2024,F327bf35f,Eğitim ve Araştırma Hastanesi-Van SAĞLIK BAKANLIĞI BAKAN YARDIMCILIKLARI,computers_peripherals,open,open,1207723.6908005406,1.0,1.0,4.59958932238193,0.0,0,1,new need,computers_peripherals,895400.0,TRY,explicit,0.1859193320065352,False,TRY,1.0,1.0,0
2021/826469,ok,Pazarlık (MD 21 B),72260000,"251.088,00","259.177,44",TRY,"251.088,00","251.088,00",29.12.2021,,,,1,no_teklif_tab,251088.0,259177.44,251088.0,251088.0,2021-12-20,2021,F6d63124a,Dışkapı Yıldırım Beyazıt Eğitim ve Araştırma Hastanesi-Ankara SAĞLIK BAKANLIĞI BAKAN YARDIMCILIKLARI,health_information_systems,negotiated_21b,21b,1423177.7465500971,4.0,2.0,2.9815195071868583,1.0,1,1,new need,health_information_systems,251088.0,TRY,explicit,0.03121197585715796,False,TRY,1.0,,0
2017/235374,ok,Pazarlık (MD 21 F),72320000,"134.000,00","170.000,00",TRY,"134.000,00","134.000,00",03.08.2017,2.0,2.0,1.0,1,,134000.0,170000.0,134000.0,134000.0,2017-05-23,2017,Fabbfac22,ÇAY İŞLETMELERİ GENEL MÜDÜRLÜĞÜ(ÇAYKUR) Satınalma Dairesi Başkanlığı,maintenance_support_services,negotiated_21f,other,1366543.2818607036,1.0,1.0,3.156741957563313,1.0,1,0,new need,maintenance_support_services,134000.0,TRY,explicit,0.21176470588235297,False,TRY,1.0,1.0,0
2016/578509,ok,Pazarlık (MD 21 F),72310000,"109.560,00","123.915,44",TRY,"109.560,00","109.560,00",30.12.2016,1.0,1.0,1.0,1,,109560.0,123915.44,109560.0,109560.0,2016-12-20,2016,F0965ef87,Mesleki ve Çevresel Hastalıklar Hastanesi-Ankara SAĞLIK BAKANLIĞI TÜRKİYE KAMU HASTANELERİ KURUMU,health_information_systems,negotiated_21f,other,1241782.7267224495,2.0,1.0,2.704996577686516,1.0,1,0,new need,health_information_systems,109560.0,TRY,explicit,0.11584867874415006,False,TRY,1.0,1.0,0
2022/997978,ok,Açık,72260000,"871.248,00","910.506,35",TRY,"871.248,00","871.248,00",30.12.2022,5.0,2.0,1.0,1,,871248.0,910506.35,871248.0,871248.0,2022-11-01,2022,Fa8e22fd0,Kızılcahamam Devlet Hastanesi - SAĞLIK BAKANLIĞI BAKAN YARDIMCILIKLARI,health_information_systems,open,open,2865923.438881483,1.0,1.0,3.0444900752908968,1.0,1,1,new need,health_information_systems,871248.0,TRY,explicit,0.043117052396174915,False,TRY,1.0,1.0,0
2020/133893,ok,Pazarlık (MD 21 F),72260000,"265.500,00","306.313,67",TRY,"265.500,00","265.500,00",01.04.2020,2.0,1.0,1.0,1,,265500.0,306313.67,265500.0,265500.0,2020-03-16,2020,F7bde4f8e,ŞİŞLİ BELEDİYE BAŞKANLIĞI,ERP_management_software,negotiated_21f,other,1799756.308694819,2.0,2.0,3.479808350444901,0.0,0,1,new need,ERP_management_software,265500.0,TRY,explicit,0.1332414253663573,False,TRY,1.0,1.0,0
2025/2444993,ok,Pazarlık (MD 21 B),72267100;79612000,"814.359,10","905.859,10",TRY,"814.359,10","814.359,10",02.01.2026,,,,1,okas_truncated;no_teklif_tab,814359.1,905859.1,814359.1,814359.1,2025-12-26,2025,F01bddb10,Ağız ve Diş Sağlığı Merkezi-Denizli SAĞLIK BAKANLIĞI BAKAN YARDIMCILIKLARI,health_information_systems,negotiated_21b,21b,814359.1,3.0,1.0,7.753593429158111,1.0,1,1,new need,health_information_systems,814359.1,TRY,explicit,0.10100908629167604,False,TRY,1.0,,0
2019/83006,ok,Pazarlık (MD 21 F),72260000,"288.900,00","297.400,00",TRY,"293.800,00","288.900,00",12.03.2019,3.0,2.0,2.0,1,,288900.0,297400.0,293800.0,288900.0,2019-02-25,2019,F8661a81f,EYÜPSULTAN BELEDİYESİ DESTEK HİZMETLERİ MÜDÜRLÜĞÜ,custom_software_web_mobile,negotiated_21f,other,2198821.6024292274,2.0,2.0,4.197125256673512,1.0,1,1,new need,custom_software_web_mobile,288900.0,TRY,explicit,0.02858103564223269,False,TRY,1.0,0.0,0
2014/45407,ok,Açık,48000000,"1.874.000,00","1.881.500,00",TRY,"1.880.000,00","1.874.000,00",24.06.2014,,,,1,no_teklif_tab,1874000.0,1881500.0,1880000.0,1874000.0,2014-05-28,2014,F92d8e964,ANKARA TED.BLG.BŞK (MSB) MİLLİ SAVUNMA BAKANLIĞI MSB BAĞLILARI,software_licences,open,open,24648264.688868687,7.0,4.0,3.184120465434634,0.0,0,0,new need,software_licences,1874000.0,TRY,explicit,0.003986181238373687,False,TRY,1.0,,0
2021/857950,ok,Pazarlık (MD 21 F),72000000,"388.700,00","403.780,00",TRY,"388.700,00","388.700,00",05.01.2022,2.0,1.0,1.0,1,,388700.0,403780.0,388700.0,388700.0,2021-12-23,2021,F74b8aa48,İSTANBUL BÜYÜKŞEHİR BELEDİYESİ COĞRAFİ BİLGİ SİSTEMİ MÜDÜRLÜĞÜ,software_licences,negotiated_21f,other,2203168.5707163336,1.0,1.0,6.562628336755647,0.0,0,1,new need,software_licences,388700.0,TRY,explicit,0.03734707018673533,False,TRY,1.0,1.0,0
2012/53667,ok,Açık,48800000,"2.795.000,00","3.219.000,00",TRY,"2.833.000,00","2.795.000,00",25.07.2012,,,,1,no_teklif_tab,2795000.0,3219000.0,2833000.0,2795000.0,2012-06-18,2012,F96ed622f,SOSYAL GÜVENLİK KURUMU BAŞKANLIĞI DESTEK HİZMETLERİ DAİRE BAŞKANLIĞI,network_datacentre_infrastructure,open,open,43014541.91645716,2.0,2.0,1.1827515400410678,0.0,0,0,new need,network_datacentre_infrastructure,2795000.0,TRY,explicit,0.13171792482137312,False,TRY,1.0,,0
2024/1587099,ok,Açık,72260000,"7.070.064,00","7.095.831,12",TRY,"7.070.064,00","7.070.064,00",30.12.2024,4.0,2.0,1.0,1,,7070064.0,7095831.12,7070064.0,7070064.0,2024-12-13,2024,Fb48270a3,Göğüs Hastalıkları Hastanesi-Yedikule SAĞLIK BAKANLIĞI BAKAN YARDIMCILIKLARI,health_information_systems,open,open,9536166.839709664,12.0,1.0,6.98425735797399,1.0,1,1,renewal,health_information_systems,7070064.0,TRY,explicit,0.003631304009952263,False,TRY,1.0,1.0,1
2025/2453833,ok,Pazarlık (MD 21 B),72514200,"1,581,000.00","1.590.000,00",TRY,"1,581,000.00","1,581,000.00",16.01.2026,,,,1,okas_truncated;no_teklif_tab,1581000.0,1590000.0,1581000.0,1581000.0,2026-01-05,2026,F07e2efb0,Eğitim ve Araştırma Hastanesi-Antalya SAĞLIK BAKANLIĞI BAKAN YARDIMCILIKLARI,health_information_systems,negotiated_21b,21b,1253916.1794659377,2.0,1.0,0.8240930869267625,1.0,1,1,renewal,health_information_systems,1581000.0,TRY,explicit,0.005660377358490565,False,TRY,1.0,,1
2023/705501,ok,Açık,92512000;72263000,"20.450.000,00","20.903.337,00",TRY,"20.450.000,00","20.450.000,00",04.10.2023,4.0,1.0,1.0,1,,20450000.0,20903337.0,20450000.0,20450000.0,2023-08-23,2023,Fd27c300e,İstanbul Su ve Kanalizasyon İdaresi Genel Müdürlüğü,ERP_management_software,open,open,43721281.67585683,5.0,5.0,8.353182751540041,0.0,0,1,new need,ERP_management_software,20450000.0,TRY,explicit,0.021687302845473932,False,TRY,1.0,1.0,0
2015/47630,ok,Açık,48321000,"207.011,00","248.149,82",TRY,"207.011,00","207.011,00",09.06.2015,,,,2,no_teklif_tab,207011.0,248149.82,207011.0,207011.0,2015-05-14,2015,F33c3bb58,BALIKESİR BÜYÜKŞEHİR BELEDİYESİ BİLGİ İŞLEM DAİRESİ BAŞKANLIĞI,custom_software_web_mobile,open,open,2528834.237201628,1.0,1.0,0.7337440109514032,0.0,0,0,new need,custom_software_web_mobile,207011.0,TRY,explicit,0.1657821875510529,False,TRY,1.0,,0
2021/46402,ok,Pazarlık (MD 21 B),48000000,"4.397.000,00","16.440.000,00",TRY,"4.478.000,00","4.397.000,00",01.03.2021,,,,1,no_teklif_tab,4397000.0,16440000.0,4478000.0,4397000.0,2021-01-29,2021,F15805697,BİLGİ İŞLEM GENEL MÜDÜRLÜĞÜ ADALET BAKANLIĞI BAKAN YARDIMCILIKLARI,network_datacentre_infrastructure,negotiated_21b,21b,24922387.973860864,2.0,2.0,5.273100616016428,0.0,0,1,new need,network_datacentre_infrastructure,4397000.0,TRY,explicit,0.7325425790754259,False,TRY,1.0,,0
2024/1827964,ok,Pazarlık (MD 21 F),72320000,"1,694,004.00","1.821.666,67",TRY,"1,745,004.00","1,694,004.00",15.01.2025,3.0,2.0,2.0,1,,1694004.0,1821666.67,1745004.0,1694004.0,2024-12-26,2024,Fb2c3903c,BAŞKANLIK VE HİZMET BİRİMLERİ DÜZENLEYİCİ VE DENETLEYİCİ KURUMLAR KİŞİSEL VERİLERİ KORUMA KURUMU,maintenance_support_services,negotiated_21f,other,2284888.053507794,6.0,5.0,5.420944558521561,1.0,1,1,renewal,maintenance_support_services,1694004.0,TRY,explicit,0.07008014808768492,False,TRY,1.0,0.0,1
2025/1708978,ok,Açık,72260000,"1.158.000,00","1.153.333,33",TRY,"1.158.000,00","1.158.000,00",06.11.2025,3.0,1.0,1.0,1,,1158000.0,1153333.33,1158000.0,1158000.0,2025-10-22,2025,Fe520a886,DESTEK HİZMETLERİ DAİRESİ BAŞKANLIĞI | SAMSUN,custom_software_web_mobile,open,open,1158000.0,1.0,1.0,0.7501711156741958,0.0,0,1,new need,custom_software_web_mobile,1158000.0,TRY,explicit,-0.004046245676434079,False,TRY,1.0,1.0,0
2020/512243,ok,Açık,72513000,"744.000,00","883.740,48",TRY,"792.000,00","744.000,00",22.01.2021,3.0,2.0,2.0,1,,744000.0,883740.48,792000.0,744000.0,2020-10-22,2020,Fa8e22fd0,İl Sağlık Müdürlüğü SAĞLIK BAKANLIĞI BAKAN YARDIMCILIKLARI | TUNCELİ,ERP_management_software,open,open,5043384.910240849,2.0,1.0,7.748117727583847,0.0,0,1,new need,ERP_management_software,744000.0,TRY,explicit,0.1581238872298799,False,TRY,1.0,0.0,0
2019/680920,ok,Pazarlık (MD 21 B),72610000;79622000,"65.577,54","66.700,95",TRY,"65.577,54","65.577,54",31.12.2019,,,,1,okas_truncated;no_teklif_tab,65577.54,66700.95,65577.54,65577.54,2019-12-20,2019,F01bddb10,Ağız ve Diş Sağlığı Hastanesi-Küçükçekmece SAĞLIK BAKANLIĞI BAKAN YARDIMCILIKLARI,health_information_systems,negotiated_21b,21b,499111.49735606345,1.0,1.0,0.5037645448323066,1.0,1,1,renewal,health_information_systems,65577.54,TRY,explicit,0.016842488750160256,False,TRY,1.0,,1
2016/527280,ok,Pazarlık (MD 21 B),72260000,"389.032,00","465.242,80",TRY,"389.032,00","389.032,00",26.12.2016,,,,1,no_teklif_tab,389032.0,465242.8,389032.0,389032.0,2016-12-08,2016,Fa8e22fd0,Sivas Kamu Hastane Birliği SAĞLIK BAKANLIĞI TÜRKİYE KAMU HASTANELERİ KURUMU,health_information_systems,negotiated_21b,21b,4409394.101335232,2.0,1.0,3.909650924024641,1.0,1,0,new need,health_information_systems,389032.0,TRY,explicit,0.16380866076809786,False,TRY,1.0,,0
2022/131038,ok,Açık,72212700,"589.970,00","708.333,33",TRY,"589.970,00","589.970,00",30.03.2022,2.0,1.0,1.0,1,,589970.0,708333.33,589970.0,589970.0,2022-03-07,2022,Fea746743,BOLU BELEDİYESİ MALİ  HİZMETLER MÜDÜRLÜĞÜ,ERP_management_software,open,open,1940674.5854646536,1.0,1.0,6.852840520191649,0.0,0,1,new need,ERP_management_software,589970.0,TRY,explicit,0.16710117255106427,False,TRY,1.0,1.0,0
2023/703919,ok,Açık,50000000,"249.735,00","305.726,64",TRY,"249.735,00","249.735,00",15.08.2023,2.0,1.0,1.0,1,,249735.0,305726.64,249735.0,249735.0,2023-07-24,2023,F58c2f8f7,KASTAMONU ORMAN İŞLETME MÜDÜRLÜĞÜ,maintenance_support_services,open,open,533923.43664157,2.0,1.0,2.524298425735797,0.0,0,1,new need,maintenance_support_services,249735.0,TRY,explicit,0.18314282327506692,False,TRY,1.0,1.0,0
2021/698025,ok,Pazarlık (MD 21 B),72000000,"322.800,00","390.976,68",TRY,"322.800,00","322.800,00",02.12.2021,,,,1,no_teklif_tab,322800.0,390976.68,322800.0,322800.0,2021-11-09,2021,Fb48270a3,Devlet Hastanesi-Başakşehir SAĞLIK BAKANLIĞI BAKAN YARDIMCILIKLARI,health_information_systems,negotiated_21b,21b,1829644.493509731,2.0,1.0,1.3963039014373717,1.0,1,1,renewal,health_information_systems,322800.0,TRY,explicit,0.17437531056839506,False,TRY,1.0,,1
2023/845309,ok,Pazarlık (MD 21 B),72260000,"337.136,00","377.280,82",TRY,"337.136,00","337.136,00",28.08.2023,,,,1,no_teklif_tab,337136.0,377280.82,337136.0,337136.0,2023-08-17,2023,F0965ef87,Devlet Hastanesi -Tavas SAĞLIK BAKANLIĞI BAKAN YARDIMCILIKLARI,health_information_systems,negotiated_21b,21b,720783.2772162185,1.0,1.0,0.1697467488021903,1.0,1,1,new need,health_information_systems,337136.0,TRY,explicit,0.10640567416069546,False,TRY,1.0,,0
2019/704735,ok,Pazarlık (MD 21 F),72212218,"273.400,00","278.373,33",TRY,"273.400,00","273.400,00",14.01.2020,1.0,1.0,1.0,1,,273400.0,278373.33,273400.0,273400.0,2020-01-03,2020,F14732998,Kocaeli Büyükşehir Belediyesi Destek Hizmetleri Dairesi Başkanlığı - İhale İşleri Şube Müdürlüğü,software_licences,negotiated_21f,other,1853308.3796503332,1.0,1.0,1.0622861054072552,0.0,0,1,renewal,software_licences,273400.0,TRY,explicit,0.01786568418749024,False,TRY,1.0,1.0,1
2022/784778,ok,Açık,72000000,"5.986.445,00","6.470.000,00",TRY,"6.093.391,00","5.986.445,00",04.10.2022,6.0,2.0,2.0,1,,5986445.0,6470000.0,6093391.0,5986445.0,2022-09-07,2022,F1b54afac,Türkiye Şeker Fabrikaları A.Ş. Genel Müdürlüğü,network_datacentre_infrastructure,open,open,19692088.866860937,10.0,4.0,7.058179329226557,1.0,1,1,renewal,network_datacentre_infrastructure,5986445.0,TRY,explicit,0.07473802163833076,False,TRY,1.0,0.0,1
2018/566368,ok,Açık,48000000,"328.100,00","944.000,00",TRY,"473.900,00","328.100,00",03.01.2019,3.0,2.0,2.0,1,lots=5 rows=9 (firm counts are unique firms across lots),328100.0,944000.0,473900.0,328100.0,2018-12-11,2018,F9e7fa739,MSB Akaryakıt İkmal ve NATO POL Tesisleri İşletme Başkanlığı Merkez Teşkilatı,software_licences,open,open,2876233.0992509364,2.0,2.0,0.5119780971937029,0.0,0,1,new need,software_licences,328100.0,TRY,explicit,0.6524364406779661,False,TRY,1.0,0.0,0
2022/22662,ok,Açık,77000000,"134.900,00","132.020,00",TRY,"134.900,00","134.900,00",14.02.2022,2.0,2.0,1.0,1,okas_truncated,134900.0,132020.0,134900.0,134900.0,2022-01-24,2022,F77ea8125,Orman İşletme Müdürlüğü-Dursunbey DİĞER ÖZEL BÜTÇELİ KURULUŞLAR ORMAN GENEL MÜDÜRLÜĞÜ,other_IT,open,open,443746.2948610637,2.0,1.0,1.8015058179329224,0.0,0,1,renewal,other_IT,134900.0,TRY,explicit,-0.021814876533858607,False,TRY,1.0,1.0,1
2022/149209,ok,Pazarlık (MD 21 B),72212213;72310000,"843.290,00","974.272,20",TRY,"843.290,00","843.290,00",28.02.2022,,,,1,okas_truncated;no_teklif_tab,843290.0,974272.2,843290.0,843290.0,2022-02-23,2022,Fb48270a3,Devlet Hastanesi-Halkalı M.Akif Ersoy Kalp ve Damar C.Eğ.Ar. SAĞLIK BAKANLIĞI BAKAN YARDIMCILIKLARI,health_information_systems,negotiated_21b,21b,2773957.101507683,4.0,2.0,3.679671457905544,1.0,1,1,renewal,health_information_systems,843290.0,TRY,explicit,0.13444107303893094,False,TRY,1.0,,1
2025/62771,ok,Açık,72260000,"44.737.000,00","53.640.000,00",TRY,"46.740.000,00","44.737.000,00",25.03.2025,5.0,2.0,2.0,1,,44737000.0,53640000.0,46740000.0,44737000.0,2025-02-24,2025,F58bce711,İLLER BANKASI ANONİM ŞİRKETİ GENEL MÜDÜRLÜĞÜ - YATIRIM KOORDİNASYON DAİRESİ BAŞKANLIĞI,cybersecurity,open,open,44737000.0,1.0,1.0,3.383983572895277,0.0,0,1,new need,cybersecurity,44737000.0,TRY,explicit,0.16597688292319168,False,TRY,1.0,0.0,0
2016/485355,ok,Pazarlık (MD 21 F),72210000,"135.000,00","150.666,67",TRY,"135.000,00","135.000,00",09.12.2016,3.0,1.0,1.0,1,,135000.0,150666.67,135000.0,135000.0,2016-11-16,2016,F68414883,BALIKESİR BÜYÜKŞEHİR BELEDİYESİ BİLGİ İŞLEM DAİRESİ BAŞKANLIĞI,GIS_city_information,negotiated_21f,other,1530126.580024924,1.0,1.0,2.1656399726214923,0.0,0,0,new need,GIS_city_information,135000.0,TRY,explicit,0.10398232070835578,False,TRY,1.0,1.0,0
2014/4264,ok,Açık,72513000,"129.000,00","168.360,00",TRY,"129.000,00","129.000,00",24.02.2014,,,,1,no_teklif_tab,129000.0,168360.0,129000.0,129000.0,2014-01-31,2014,Fbf0f727a,İl Sağlık Müdürlüğü SAĞLIK BAKANLIĞI BAKAN YARDIMCILIKLARI | TUNCELİ,ERP_management_software,open,open,1696705.5202049415,1.0,1.0,1.0239561943874058,1.0,1,0,renewal,ERP_management_software,129000.0,TRY,explicit,0.2337847469707769,False,TRY,1.0,,1
2014/173813,ok,Pazarlık (MD 21 B),72262000,"183.000,00","200.700,00",TRY,"183.000,00","183.000,00",31.12.2014,,,,1,no_teklif_tab,183000.0,200700.0,183000.0,183000.0,2014-12-22,2014,F31886c15,Ağız ve Diş Sağlığı Merkezi-Bahçelievler İstanbul SAĞLIK BAKANLIĞI TÜRKİYE KAMU HASTANELERİ KURUMU,health_information_systems,negotiated_21b,21b,2406954.3426163127,1.0,1.0,2.614647501711157,0.0,0,0,new need,health_information_systems,183000.0,TRY,explicit,0.08819133034379667,False,TRY,1.0,,0
