scenario,sigma,target,share_mean,share_sd,reps
pre_first_simulated,0.0,0.6893461666113508,0.12383006969797546,0.005436450829040787,20
pre_first_simulated,1.0,0.6893461666113508,0.1976435446398938,0.010891494977338241,20
pre_first_simulated,2.0,0.6893461666113508,0.41968138068370386,0.011388506309877472,20
pre_first_simulated,3.0,0.6893461666113508,0.6369897112512446,0.009159770523594202,20
pre_first_simulated,4.0,0.6893461666113508,0.7381845336873548,0.00529422136034344,20
pre_first_simulated,3.5,0.6893461666113508,0.700779953534683,0.007663131559183239,20
pre_first_simulated,3.25,0.6893461666113508,0.6711417192167274,0.00826010458702382,20
pre_first_simulated,3.375,0.6893461666113508,0.6872552273481581,0.007653763435758677,20
pre_first_simulated,3.4375,0.6893461666113508,0.6943577829405908,0.008319985969407355,20
pre_first_simulated,3.40625,0.6893461666113508,0.6910554264852306,0.008365417056822774,20
