year,checkpoint_unique_tenders,winner_master_records,retained_release_records,main_IT_records,early_excluded,outside_main_after_cleaning
2009,0,0,0,0,0,0
2010,557,151,148,100,3,48
2011,1551,910,882,573,28,309
2012,1472,1004,965,603,39,362
2013,1572,1164,1124,713,40,411
2014,1443,1025,976,679,49,297
2015,1501,1037,991,681,46,310
2016,1360,927,891,677,36,214
2017,1522,925,896,692,29,204
2018,1122,745,728,624,17,104
2019,997,663,641,545,22,96
2020,1112,792,767,663,25,104
2021,1185,849,835,730,14,105
2022,1254,856,841,712,15,129
2023,1110,748,737,622,11,115
2024,1009,688,677,568,11,109
2025,1163,813,805,700,8,105
2026,241,121,120,109,1,11
