model,term,subset,ame,se,lo,hi,p
A1,p_21b,all,0.069130952223452,0.027591541224872534,0.015051531422701839,0.12321037302420217,0.012227406630815438
A1,p_oth_neg,all,-0.027066619752234504,0.02202959902869592,-0.07024463384847851,0.016111394344009503,0.2192038621459661
A1,post7144,all,0.033727440572075364,0.05319054508861686,-0.07052602780161368,0.13798090894576442,0.5260239553637516
A1,log_real_value,all,-0.005312954870547612,0.007017667134947506,-0.019067582455044724,0.008441672713949501,0.4490002762123345
A1,log_prior_suppliers,all,-0.17683205341516034,0.027395991423172103,-0.23052819660457766,-0.12313591022574302,1.0845576917551077e-10
A1,log_prior_contracts,all,0.2860403691353837,0.019894827378965668,0.247046507472611,0.3250342307981564,7.150647627088844e-47
A1,years_since_first,all,-0.023605217352267786,0.0034007864571313938,-0.030270758808245316,-0.016939675896290255,3.890435116889353e-12
A1,p_21b,pre-7144,-0.03771853625645607,0.04420715996780299,-0.12436456979334992,0.04892749728043779,0.39353601965613216
A1,p_21b,post-7144,0.13530438295969038,0.03237155187636377,0.0718561412820174,0.19875262463736337,2.9185396169617967e-05
A1,p_21b,post minus pre,0.17302291921614646,0.0517807164319716,0.07153271500948212,0.2745131234228108,0.0008334060952243547
B_logit_full,p_21b,all,0.12130893861316043,0.031757517145083645,0.059064205008796486,0.1835536722175244,0.00013353308135452392
B_logit_full,p_oth_neg,all,0.04348154783396915,0.019448541167345054,0.0053624071459728445,0.08160068852196546,0.025369931482348753
B_logit_full,log_real_value,all,0.00410446342700784,0.00689587432892341,-0.009411450257682044,0.017620377111697724,0.5517060077764917
B_logit_full,log_firm_prior_contracts,all,0.08584314855730608,0.046660026947188175,-0.005610504259182733,0.1772968013737949,0.06580380339850582
B_logit_full,log_firm_prior_markets,all,0.03373898131509111,0.031419690014110185,-0.027843611112564857,0.09532157374274708,0.2829049367566844
B_logit_full,log_firm_prior_buyers,all,-0.07035045418567774,0.04928234544672268,-0.1669438512612542,0.0262429428898987,0.15343637421904777
B_logit_full,log_buyer_prior_contracts,all,-0.05041966833449959,0.009412759891307403,-0.0688686777214621,-0.031970658947537076,8.483853130160562e-08
B_logit_full,log_opp,all,0.11953254885330099,0.010897841084436422,0.0981727803278056,0.14089231737879637,5.418661924577204e-28
B_logit_size_generalism,p_21b,all,0.12394896336411121,0.03170142618637705,0.06181416803881219,0.18608375868941024,9.233967833872746e-05
B_logit_size_generalism,p_oth_neg,all,0.044044113198009244,0.019390255263781114,0.006039212880998263,0.08204901351502022,0.023119382882839837
B_logit_size_generalism,log_real_value,all,0.004198049443577604,0.006915881119965042,-0.009357077551553877,0.017753176438709085,0.543840394744648
B_logit_size_generalism,log_firm_prior_contracts,all,0.022861889269338295,0.017915378547836265,-0.012252252684420786,0.05797603122309737,0.2019186977785815
B_logit_size_generalism,log_firm_prior_markets,all,0.03398331061547665,0.03227675262439959,-0.029279124528346544,0.09724574575929984,0.2923993548052918
B_logit_size_generalism,log_buyer_prior_contracts,all,-0.05080980141359518,0.009370317657161755,-0.06917562402163221,-0.03244397880555814,5.879740696370004e-08
B_logit_size_generalism,log_opp,all,0.12079509155468736,0.010862458420762817,0.09950467304999223,0.14208551005938247,9.980191133216545e-29
B_logit_generalism_only,p_21b,all,0.12501317290847694,0.03206590784991115,0.062163993522651076,0.18786235229430281,9.673768095041387e-05
B_logit_generalism_only,p_oth_neg,all,0.043396868264677334,0.019446627281528767,0.0052814787928809545,0.08151225773647372,0.025642177639103134
B_logit_generalism_only,log_real_value,all,0.004258856427550993,0.00696008394596883,-0.009382908106547913,0.017900620961649898,0.5406057220616656
B_logit_generalism_only,log_firm_prior_markets,all,0.07192227655981345,0.012493968227440342,0.04743409883403038,0.09641045428559653,8.584532697170075e-09
B_logit_generalism_only,log_buyer_prior_contracts,all,-0.05347805855003013,0.009136176845660374,-0.07138496516752446,-0.035571151932535794,4.815094246029023e-09
B_logit_generalism_only,log_opp,all,0.12153029340116416,0.010823329731430182,0.100316567127561,0.1427440196747673,2.952862544468639e-29
B_logit_size_only,p_21b,all,0.12245559389669092,0.03166582244734678,0.06039058189989123,0.18452060589349062,0.0001101274089753125
B_logit_size_only,p_oth_neg,all,0.04287654237517227,0.019422052508521255,0.004809319458470615,0.08094376529187393,0.027270663068105154
B_logit_size_only,log_real_value,all,0.004592041055625136,0.006951744224257995,-0.009033377623920534,0.018217459735170805,0.5088948152092039
B_logit_size_only,log_firm_prior_contracts,all,0.03862628490651807,0.007096723416018221,0.02471670701112236,0.05253586280191379,5.243961812870486e-08
B_logit_size_only,log_buyer_prior_contracts,all,-0.04926726817325106,0.009053696352769178,-0.06701251302467864,-0.031522023321823474,5.2782067445709446e-08
B_logit_size_only,log_opp,all,0.12032164327860459,0.01070992646098502,0.09933018741507395,0.14131309914213525,2.757679961420928e-29
