term,coef,se,z,p,lo,hi,exp,exp_lo,exp_hi
const,-1.9275828666270138,0.4762025287497134,-4.047821568037345,5.169653127582713e-05,-2.860939822976452,-0.9942259102775756,0.14549946539667244,0.05721496305262507,0.370009754463106
p_21b,0.49068584450288616,0.0800269139985068,6.131510263060272,8.704871841332398e-10,0.3338330930658129,0.6475385959399594,1.6334361190562299,1.3963100702912659,1.9108317069438008
p_oth_neg,0.16973939435441868,0.07938571250387993,2.138160495141021,0.032503719430754086,0.01414339784681401,0.32533539086202334,1.184995994431049,1.014243888900884,1.3844949150636257
log_real_value,0.009266846207073982,0.023297983709629055,0.39775314132630263,0.6908121611929792,-0.03639720186379897,0.05493089427794692,1.0093099163650938,0.9642572126459037,1.0564676041961887
log_firm_prior_markets,0.2874027069581656,0.04814085431731819,5.970037529117454,2.37199019417824e-09,0.19304663249622195,0.38175878142010927,1.3329608980337209,1.2129393545901876,1.4648586913788286
log_buyer_prior_contracts,-0.2748404131896676,0.035184681393697334,-7.81136569390394,5.657161165822635e-15,-0.3438023887213144,-0.20587843765802083,0.7596933505902184,0.709069034244306,0.8139320137510672
log_opp,0.8930229019503511,0.04207312434853665,21.22549527229041,5.553801446533147e-100,0.8105595782272192,0.9754862256734829,2.4425019467112574,2.249166219049496,2.6524565899844665
yr_2011,0.022337590350111545,0.2915171970141954,0.07662529202016106,0.9389216379792575,-0.5490361157977114,0.5937112964979344,1.0225889423652461,0.5775061912885332,1.8106959904871855
yr_2012,0.13417281067723688,0.3065321400670079,0.4377120475781323,0.6615950350147166,-0.4666301838540986,0.7349758052085723,1.143590427206014,0.6271119636639491,2.085431535313596
yr_2013,-0.27164492845629035,0.3013940378170299,-0.9012949639740399,0.3674315106908168,-0.862377242577669,0.31908738566508826,0.7621248218897824,0.4221573181556651,1.375871551103509
yr_2014,0.08797660220827384,0.2983606120385611,0.2948666769623849,0.7680957286584783,-0.4968101973873059,0.6727634018038536,1.0919625722164565,0.608468461755605,1.9596451321095878
yr_2015,-0.00807453445542888,0.31972657099117857,-0.02525449927541887,0.9798519666615677,-0.6347386135981388,0.6185895446872811,0.9919579770340113,0.5300740243530075,1.8563079551057524
yr_2016,0.048205020813780225,0.3127765009364114,0.15411970103080244,0.8775153546916926,-0.5648369210215861,0.6612469626491465,1.0493857791977017,0.5684528419077546,1.9372064530219482
yr_2017,0.33587711713280183,0.29581021996936213,1.1354479813699119,0.2561876655595823,-0.24391091400714798,0.9156651482727516,1.3991670805840954,0.7835574351457424,2.49843653008805
yr_2018,0.35677200478529597,0.30798482608892563,1.1584077349391357,0.24669768410984416,-0.2468782543489983,0.9604222639195903,1.4287100936530286,0.7812357998029044,2.612799531487186
yr_2019,0.49016231293045287,0.30672574320730145,1.5980475189497716,0.11003240204461096,-0.111020143755858,1.0913447696167637,1.6325811874877123,0.8949207216829336,2.97827647652023
yr_2020,0.6527230911578541,0.29831219451580465,2.1880536671231274,0.028665693330193972,0.06803118990687695,1.2374149924088313,1.9207641298423803,1.0703986935937067,3.4466922134431575
yr_2021,0.4886642218818912,0.3040906118304546,1.6069691166735045,0.10806114301316608,-0.10735337730579986,1.0846818210695823,1.6301372632922373,0.8982082105041148,2.958498337131078
yr_2022,0.5382386343484761,0.30728238178025646,1.7516091590743426,0.07984103657977548,-0.06403483394082654,1.1405121026377787,1.712987006955399,0.9379723256891634,3.1283700015797993
yr_2023,0.6115243089960738,0.3098026969659173,1.973915382225837,0.04839136539091383,0.004311022942875886,1.2187375950492716,1.8432389241439289,1.0043203287700222,3.3829144289453725
yr_2024,0.4122113251420735,0.3066962033355924,1.3440379132800173,0.1789361272132326,-0.18891323339568755,1.0133358836798345,1.510153536021216,0.8278583340350774,2.7547753143241915
fe_mkt_GIS_city_information,-0.13442304787288542,0.217585759189267,-0.6177934087862685,0.5367115288253441,-0.5608911358838488,0.29204504013807786,0.8742201493882963,0.5707002656926575,1.3391633323823906
fe_mkt_call_centre_helpdesk,0.17437129016266079,0.3174005918287983,0.5493729206929594,0.5827495537173493,-0.4477338698217839,0.7964764501471056,1.1904975037835035,0.6390747384766469,2.217712923363413
fe_mkt_computers_peripherals,-0.085462139643584,0.16087109620531964,-0.5312460824815214,0.5952482630890719,-0.4007694882060105,0.22984520891884247,0.9180879015313438,0.6698044410673748,1.2584052049506216
fe_mkt_custom_software_web_mobile,-0.6128508618631906,0.13851361412254787,-4.42448105729867,9.667438553796884e-06,-0.8843375455433844,-0.3413641781829968,0.5418040567253235,0.41298766820141003,0.7108000032118521
fe_mkt_cybersecurity,0.05763097424522897,0.2096373587678926,0.2749079390426643,0.7833869675950109,-0.35325824893984054,0.46852019743029844,1.0593240057312765,0.702395776988199,1.5976282686810788
fe_mkt_education_technology,-0.17869906479643172,0.17632333431299005,-1.0134737157319436,0.3108339446332433,-0.5242928000498922,0.16689467045702877,0.8363575509595831,0.5919738602536745,1.1816297982268378
fe_mkt_health_information_systems,0.4315443597208002,0.11718785573560082,3.682500690979877,0.0002309572417844816,0.20185616247902258,0.6612325569625778,1.5396334363079076,1.2236719855074492,1.9371785464339741
fe_mkt_maintenance_support_services,0.46152456711840184,0.11897116237117583,3.8792977888078477,0.00010475844475997484,0.2283410888708972,0.6947080453659065,1.5864908539764815,1.256513835233554,2.0031241671789375
fe_mkt_network_datacentre_infrastructure,0.06487228874565878,0.14599413659798763,0.44434859000051774,0.6567905762000621,-0.22127621898639696,0.35102079647771456,1.0670227448690062,0.8014952615028323,1.4205168673523902
fe_mkt_other_IT,0.3811820453473704,0.20490281060424365,1.860306572776098,0.06284216416874801,-0.02042746343694718,0.7827915541316879,1.4640140981071597,0.97977976375361,2.1875704711896007
fe_mkt_physical_security_surveillance,0.08665122623243017,0.1722013862741399,0.503197030565618,0.6148257523329681,-0.250863490864884,0.42416594332974433,1.0905162699155992,0.7781285859694534,1.5283151864534081
fe_mkt_smart_city_traffic_OT,0.19410324054349098,0.21512377885790662,0.9022863096491992,0.3669047961405836,-0.227539366018006,0.6157458471049879,1.2142216333868479,0.7964910661986757,1.8510366751770553
fe_mkt_software_licences,-0.2913402523413031,0.13045738557317885,-2.2332216076634355,0.02553433409136969,-0.5470367280647337,-0.0356437766178726,0.7472613773241412,0.578662005158115,0.9649839821223343
alpha,0.4677002611820345,0.11611770962321352,4.027811629248109,5.629842029289873e-05,0.24010955032053602,0.695290972043533,1.5963188522446956,1.271388423701886,2.004292182095037
