year,n,share_21b,inc
2010,100,0.08,0.0
2011,573,0.06631762652705062,0.04886561954624782
2012,603,0.06633499170812604,0.09618573797678276
2013,713,0.13464235624123422,0.13464235624123422
2014,679,0.10309278350515463,0.17378497790868924
2015,681,0.08957415565345081,0.18649045521292218
2016,677,0.0827178729689808,0.1935007385524372
2017,692,0.08959537572254335,0.18641618497109827
2018,624,0.1282051282051282,0.24358974358974358
2019,545,0.13944954128440368,0.29174311926605506
2020,663,0.16440422322775264,0.2986425339366516
2021,730,0.12191780821917808,0.28493150684931506
2022,712,0.09691011235955056,0.3258426966292135
2023,622,0.11414790996784566,0.3295819935691318
2024,568,0.05985915492957746,0.34330985915492956
2025,700,0.11285714285714285,0.22714285714285715
2026,109,0.09174311926605505,0.24770642201834864
