outcome,contrast,diff,se,lo95,hi95,p
single,incumbent - non-incumbent,0.3872295821878479,0.06766763822365518,0.25460101126948376,0.5198581531062121,1.0495394011464558e-08
single,incumbent - non-incumbent | open,0.32155199811809887,0.08797285090480177,0.1491252103446874,0.49397878589151034,0.0002570540635314356
single,incumbent - non-incumbent | negotiated,0.4893228761998597,0.10510005382537077,0.28332677070213297,0.6953189816975864,3.227542361602931e-06
single,21b - open,0.3423423099272485,0.07596594627481222,0.19344905522861655,0.49123556462588047,6.589843983863718e-06
single,21f - open,-0.00784517668480661,0.05905206847945345,-0.12358723090453537,0.10789687753492215,0.8943105454947604
single,post - pre 7144,0.10233239944616646,0.05385600661899613,-0.003225373527065964,0.2078901724193989,0.05741853288861182
single_valid,incumbent - non-incumbent,0.282635376740433,0.06795776152141338,0.14943816415846278,0.4158325893224032,3.196635306236057e-05
single_valid,incumbent - non-incumbent | open,0.17589093471910733,0.08525314233038002,0.008794775751562484,0.34298709368665214,0.039097360514629004
single_valid,incumbent - non-incumbent | negotiated,0.45120782400848614,0.1068190303057946,0.24184252460912872,0.6605731234078436,2.3996175823798312e-05
single_valid,21b - open,0.25734409548892045,0.06996053799276693,0.12022144102309729,0.3944667499547436,0.00023468520596769396
single_valid,21f - open,-0.0903775168412127,0.05948179967186232,-0.20696184419806285,0.026206810515637433,0.12865816086667112
single_valid,post - pre 7144,0.1239634461450283,0.054390970784813725,0.017357143406793396,0.2305697488832632,0.022660045680816993
