year,n,share_le_limit,median_ratio,p95_ratio,max_ratio
2014,224,1.0,0.7818367178941636,0.9814909797812859,0.9941237185210514
2015,203,0.9950738916256158,0.8305252253432243,0.975792719955229,1.000023814343379
2016,228,1.0,0.8166437630944603,0.9818029241478744,0.9991214039514295
2017,246,1.0,0.8196511359852463,0.9835813631822955,0.9938270023821111
2018,221,1.0,0.7985696729857189,0.9804660984991327,0.9981544167557663
2019,149,1.0,0.714276207503893,0.9793246311763847,0.9959233537386962
2020,213,1.0,0.820969826653226,0.9854111651896424,0.9973005398920216
2021,217,1.0,0.7906466501289743,0.9881106509986856,0.997094373560776
2022,209,1.0,0.8282147919436539,0.9839301607533321,0.9957806370798492
2023,146,1.0,0.8003408026019369,0.9829508392594039,0.996409985669063
2024,164,1.0,0.8968223233088066,0.9860397435971539,0.9994663090744798
2025,144,1.0,0.8143129259301247,0.9744345843324411,0.9922412514185196
2026,17,1.0,0.8286611392076577,0.981714999641862,0.9925413355847102
