dimension,group,contracts,firms,buyers,value_bn_2025,pct_21b,pct_21f,pct_open,pct_value_21b
product market,health_information_systems,2189,205,935,19.479311332902665,34.67336683417086,9.365006852444038,55.9616263133851,8.884074449504913
product market,ERP_management_software,1515,599,770,11.142780634549398,4.488448844884489,47.12871287128713,47.524752475247524,6.293212385179907
product market,custom_software_web_mobile,1117,734,625,7.039762653328678,2.864816472694718,43.15129811996419,53.62578334825425,2.7421261100519487
product market,software_licences,1047,375,445,7.682287928646154,1.8147086914995225,23.400191021967526,74.78510028653295,4.374912884241104
product market,network_datacentre_infrastructure,748,390,420,7.429797160539183,5.88235294117647,25.0,68.18181818181817,12.761672477393612
product market,computers_peripherals,696,467,415,2.852181156322143,3.8793103448275863,27.729885057471265,68.10344827586206,3.4482329989559073
product market,maintenance_support_services,626,297,251,8.228086291457712,3.5143769968051117,33.22683706070288,62.30031948881789,2.7883957023146344
product market,GIS_city_information,553,203,320,4.74914433499491,2.1699819168173597,41.41048824593128,54.79204339963834,4.348899407206064
product market,cybersecurity,390,194,229,3.248753312322528,5.384615384615385,33.07692307692307,60.0,24.90419570752034
product market,physical_security_surveillance,385,222,203,2.2886127712559783,1.8181818181818181,23.116883116883116,63.63636363636363,1.9080732480165608
product market,other_IT,277,215,165,1.8197673716479397,5.415162454873646,27.79783393501805,66.06498194945848,2.1292866087869147
product market,education_technology,205,128,124,1.8740069886977353,5.365853658536586,50.24390243902439,44.390243902439025,5.699970946339829
product market,smart_city_traffic_OT,169,106,111,3.4365923348924685,4.142011834319527,34.319526627218934,60.946745562130175,14.254787776400438
product market,call_centre_helpdesk,74,46,55,7.9901834506070655,5.405405405405405,51.35135135135135,43.24324324324324,2.9304334766146094
buyer sector,Health,2950,554,1098,30.9335587168563,28.54237288135593,9.389830508474576,61.83050847457628,6.4044715299944315
buyer sector,Municipal/Local,2688,1084,667,19.934449535046948,2.1577380952380953,44.08482142857143,53.422619047619044,3.636274062479514
buyer sector,Other public,1295,646,351,10.879835828390286,2.471042471042471,41.08108108108108,54.749034749034756,3.8012782992150362
buyer sector,Education,1054,519,330,4.6762543608150295,5.1233396584440225,31.78368121442125,62.61859582542695,9.412054711726265
buyer sector,Infrastructure/Transport,644,337,123,7.722427818112072,2.7950310559006213,39.75155279503105,56.98757763975155,14.654036912269566
buyer sector,Agriculture/Environment,395,231,98,4.2947135133808905,2.278481012658228,31.39240506329114,63.54430379746835,2.3724612541594907
buyer sector,Social/Finance,303,156,42,5.196178921828703,3.6303630363036308,39.273927392739274,55.44554455445545,8.458935505184623
buyer sector,Provincial admin,223,125,74,0.9854884572309127,1.345291479820628,25.112107623318387,62.78026905829597,1.171822201448667
buyer sector,Security/Interior,202,142,64,1.497607628220717,3.4653465346534658,26.237623762376238,66.83168316831683,23.40921618310988
buyer sector,Defence,191,96,29,1.8883534110191673,1.0471204188481675,3.664921465968586,95.28795811518324,1.1203814118129336
buyer sector,Justice,46,32,14,1.2523995312635325,26.08695652173913,28.26086956521739,43.47826086956522,43.8900209570996
total,All,9991,2814,2890,89.26126772216455,10.489440496446802,29.59663697327595,58.97307576819137,6.90752844060999
