model,variable,coef,se_cluster,se_model,OR,OR_lo,OR_hi,p,n_contracts,n_rows,n_buyer_clusters,loglik
T1 24m pool=10: incumbent only,incumbent,4.732757612490572,0.0955389101088294,0.0796661780828376,113.60841877665797,94.20764625065198,137.0045142895518,0.0,3013,33114,909,-2998.060256541025
T1 24m pool=10: main,incumbent,3.794533495917042,0.10377219375224948,0.08746351657186156,44.45749196570194,36.27540618768275,54.48508506436956,9.932262042597313e-293,3013,33114,909,-2395.71392027154
T1 24m pool=10: main,inc_other_market,1.002853850249568,0.2154359391012426,0.15556059765372005,2.7260504777418153,1.787109320269989,4.1583081252542975,3.2398396429618376e-06,3013,33114,909,-2395.71392027154
T1 24m pool=10: main,same_home_prior,1.2655077956910898,0.10081109200571053,0.08793326567318072,3.5448923602155227,2.909316155217343,4.319318071698401,3.814775421053798e-36,3013,33114,909,-2395.71392027154
T1 24m pool=10: main,log_wins_market_12m,0.700316609665923,0.0649049662102362,0.05856426308070148,2.0143903819840707,1.7737622857476427,2.2876620185435823,3.843030572583193e-27,3013,33114,909,-2395.71392027154
T1 24m pool=10: main,log_total_prior_wins,-0.005863391755043488,0.05779064727025592,0.05172347619144236,0.9941537643789707,0.8876896765556465,1.1133865058156076,0.9191859589559978,3013,33114,909,-2395.71392027154
T1 24m pool=10: main,log_prior_wins_same_sector,0.5603391989584032,0.06598251323537374,0.05619082885605988,1.7512664273087242,1.5388162823152414,1.9930476007209104,2.0269557414966184e-17,3013,33114,909,-2395.71392027154
T1 24m pool=30: incumbent only,incumbent,4.768454494654697,0.06911311666133259,0.05262853441820736,117.7371378995539,102.82132632189354,134.8167168879143,0.0,3013,91933,909,-4771.315590141254
T1 24m pool=30: main,incumbent,3.7321929756825596,0.07939934070506822,0.05951656956462784,41.77060972838622,35.750714962840945,48.804166263378804,0.0,3013,91933,909,-4075.252210569234
T1 24m pool=30: main,inc_other_market,0.9803049342810519,0.168319527568707,0.12239416477380656,2.665268849867656,1.9163046312314278,3.706956569587795,5.743104621623585e-09,3013,91933,909,-4075.252210569234
T1 24m pool=30: main,same_home_prior,1.2260906348438738,0.08639346114282938,0.07373192451044515,3.4078808102724403,2.8770327014179555,4.036676959319689,1.0277874779498176e-45,3013,91933,909,-4075.252210569234
T1 24m pool=30: main,log_wins_market_12m,0.6686780408240811,0.05776218363887133,0.049045944512807686,1.9516556055149772,1.7427497133307581,2.1856033447616046,5.427900676935951e-31,3013,91933,909,-4075.252210569234
T1 24m pool=30: main,log_total_prior_wins,-0.052196926960163,0.054204976070082074,0.04545678906293044,0.9491419368013337,0.8534752972425071,1.0555319165131185,0.33557034512087336,3013,91933,909,-4075.252210569234
T1 24m pool=30: main,log_prior_wins_same_sector,0.5632820812243561,0.061996979068947265,0.04948416324701984,1.7564277891356825,1.5554548365477616,1.9833675050926707,1.0309268791010268e-19,3013,91933,909,-4075.252210569234
T1 24m pool=all: incumbent only,incumbent,4.83011329004895,0.06609040066855683,0.044074754532588405,125.22514661417571,110.01053178822096,142.54396456086246,0.0,3013,203721,909,-6273.381813860541
T1 24m pool=all: main,incumbent,3.7449960145450785,0.07667442907179456,0.051783639002320116,42.30883859853278,36.405291449319016,49.169715508215795,0.0,3013,203721,909,-5568.934664829845
T1 24m pool=all: main,inc_other_market,0.7754801359868753,0.13135323942689467,0.09554023753292187,2.171634556810494,1.678713601493432,2.8092919746036635,3.552739210976876e-09,3013,203721,909,-5568.934664829845
T1 24m pool=all: main,same_home_prior,1.04829279617218,0.0794426423903836,0.06568193037003134,2.8527766871432902,2.441433134499071,3.3334252377049247,9.301967293098245e-40,3013,203721,909,-5568.934664829845
T1 24m pool=all: main,log_wins_market_12m,0.6382925217332711,0.05202537319307276,0.04399480879603584,1.8932454424254204,1.7097083326671279,2.096485252354728,1.3309846667916473e-34,3013,203721,909,-5568.934664829845
T1 24m pool=all: main,log_total_prior_wins,-0.09282499945832004,0.05033660351642978,0.04110148535549417,0.9113529736058185,0.825732223743202,1.0058517987042592,0.06517068423403588,3013,203721,909,-5568.934664829845
T1 24m pool=all: main,log_prior_wins_same_sector,0.5799400439977237,0.05692371815154536,0.04498379780383881,1.7859313502359455,1.5973876184720637,1.9967293791887928,2.2428295709410056e-24,3013,203721,909,-5568.934664829845
T1 12m pool=30: incumbent only,incumbent,4.5750674352795,0.07206829987330308,0.05570824381504466,97.03458247049518,84.25210613270843,111.75637770279971,0.0,2456,70507,829,-3929.375160363639
T1 12m pool=30: main,incumbent,3.687197089140031,0.08502570490563545,0.06237126335937401,39.93276197635068,33.80290371493731,47.17421593445013,0.0,2456,70507,829,-3463.97065788734
T1 12m pool=30: main,inc_other_market,0.9371024892662767,0.17841608678396653,0.13701434020502407,2.5525745805695363,1.799316659424027,3.621173046580607,1.50176438710305e-07,2456,70507,829,-3463.97065788734
T1 12m pool=30: main,same_home_prior,1.0599620779433212,0.096322234941586,0.07876050517861814,2.8862615342191007,2.389706362359176,3.4859955077027625,3.641955737063063e-28,2456,70507,829,-3463.97065788734
T1 12m pool=30: main,log_wins_market_12m,0.700113137921423,0.07639670840388253,0.06703420027572238,2.0139805521547536,1.7339041316828487,2.339297536894893,4.9925385081588e-20,2456,70507,829,-3463.97065788734
T1 12m pool=30: main,log_total_prior_wins,0.007291376271514331,0.05554271838304053,0.05051749206173441,1.0073180230800793,0.9034158132541547,1.123170067133306,0.895557683483443,2456,70507,829,-3463.97065788734
T1 12m pool=30: main,log_prior_wins_same_sector,0.44086740157633814,0.0635560334958485,0.053528833175750724,1.5540546234863835,1.3720384805033339,1.7602172293982803,4.0144246381391404e-12,2456,70507,829,-3463.97065788734
T1 12m pool=all: incumbent only,incumbent,4.6191092202879105,0.07030926968718804,0.05166293233296483,101.40366356004616,88.3497219572727,116.38636495508051,0.0,2456,101520,829,-4431.792777529234
T1 12m pool=all: main,incumbent,3.6841897181859222,0.08380334493326481,0.058555810164246526,39.812849748517806,33.78223802403274,46.92001175204668,0.0,2456,101520,829,-3958.861012010959
T1 12m pool=all: main,inc_other_market,0.7736926890371463,0.14596793699686272,0.12231232033863243,2.167756342329883,1.6283960835017792,2.885764469296758,1.1553087640566552e-07,2456,101520,829,-3958.861012010959
T1 12m pool=all: main,same_home_prior,1.0531921153254615,0.08912762827586322,0.07542813020545173,2.8667876446571086,2.407290795449364,3.413991951073999,3.20109135900332e-32,2456,101520,829,-3958.861012010959
T1 12m pool=all: main,log_wins_market_12m,0.6732472409992515,0.07463991514273786,0.06453076672136362,1.9605935146473936,1.693763552888902,2.2694589945102877,1.881995998155952e-19,2456,101520,829,-3958.861012010959
T1 12m pool=all: main,log_total_prior_wins,-0.017881767133026544,0.05512906676699938,0.048489210191506954,0.9822771629380764,0.8816723846122654,1.0943616264606022,0.7456640845935827,2456,101520,829,-3958.861012010959
T1 12m pool=all: main,log_prior_wins_same_sector,0.4723122092229866,0.06143653283052745,0.05132477099946554,1.6036979948796848,1.4217615129094778,1.8089160772949326,1.496783281987868e-14,2456,101520,829,-3958.861012010959
T1 24m pool=30: main | renewals,incumbent,4.777381179194284,0.1411691644659497,0.11666555538031431,118.79284516063194,90.07923003995447,156.65919940810596,4.8344679413131174e-251,1388,42376,463,-1044.5796678267625
T1 24m pool=30: main | renewals,inc_other_market,0.3800111535491834,0.25885050364390316,0.19437857594215174,1.4623008991882687,0.8804379423043928,2.42870487177112,0.14208469053507408,1388,42376,463,-1044.5796678267625
T1 24m pool=30: main | renewals,same_home_prior,1.0019285935844704,0.14851000527726194,0.14047066800034685,2.7235293478938516,2.035718816367769,3.6437311721045935,1.514130234175828e-11,1388,42376,463,-1044.5796678267625
T1 24m pool=30: main | renewals,log_wins_market_12m,0.7089002623522594,0.10703527978308731,0.0906221457674363,2.031755631411478,1.6472563965569806,2.5060038949616317,3.51856314944699e-11,1388,42376,463,-1044.5796678267625
T1 24m pool=30: main | renewals,log_total_prior_wins,-0.19397597747655831,0.10014080630637519,0.09013759162476151,0.8236776908475509,0.6768863062014158,1.0023026499195775,0.05274139380661206,1388,42376,463,-1044.5796678267625
T1 24m pool=30: main | renewals,log_prior_wins_same_sector,0.5782225990175308,0.11377297597629592,0.10122445931320645,1.7828667438032655,1.4265052415876955,2.2282524686848486,3.729919167936624e-07,1388,42376,463,-1044.5796678267625
T1 24m pool=30: main | new needs,incumbent,3.099301934295615,0.09385624714535871,0.07347461926940595,22.182461060169594,18.455154162802376,26.662555855411057,3.952809715055181e-239,1625,49557,738,-2932.0374841324992
T1 24m pool=30: main | new needs,inc_other_market,1.2991054467275487,0.21289492881327982,0.15188389107328557,3.66601575397244,2.4153190405168234,5.564346275967886,1.046859914595619e-09,1625,49557,738,-2932.0374841324992
T1 24m pool=30: main | new needs,same_home_prior,1.2773571729672233,0.10547480936511337,0.08860380949283914,3.5871469782452112,2.917206693475413,4.410939914649624,9.287770642063583e-34,1625,49557,738,-2932.0374841324992
T1 24m pool=30: main | new needs,log_wins_market_12m,0.6578366827624847,0.06648864493671541,0.05924718585923613,1.9306112888885096,1.694722378100867,2.1993336471785896,4.4213655477072797e-23,1625,49557,738,-2932.0374841324992
T1 24m pool=30: main | new needs,log_total_prior_wins,0.02101344486030123,0.05735733267838895,0.05329362067925935,1.02123578191765,0.9126462547512798,1.1427456331951729,0.7140963012706784,1625,49557,738,-2932.0374841324992
T1 24m pool=30: main | new needs,log_prior_wins_same_sector,0.5333271717995628,0.06679334941211233,0.05743494546680247,1.704594362374667,1.4954276313115995,1.9430174215057388,1.4082489515038152e-15,1625,49557,738,-2932.0374841324992
T1 24m pool=30: main | 21(b),incumbent,4.6181639115531095,0.17416655281392737,0.16704463959093374,101.30785108446196,72.00945775068598,142.5268431667054,6.373536381725993e-155,529,16258,222,-448.7571969166856
T1 24m pool=30: main | 21(b),inc_other_market,2.865199313557361,0.6906801441179392,0.6150311759062674,17.55255131740819,4.533372895961741,67.9608902291474,3.3484556055038664e-05,529,16258,222,-448.7571969166856
T1 24m pool=30: main | 21(b),same_home_prior,1.3570656648311232,0.25149641107692156,0.21145797647414477,3.8847773221116224,2.372947134104036,6.359810813101368,6.815648481152887e-08,529,16258,222,-448.7571969166856
T1 24m pool=30: main | 21(b),log_wins_market_12m,1.1477434449417927,0.15415968309278272,0.15225706765669192,3.151074308283302,2.3293528124094305,4.262672980849335,9.682728583152669e-14,529,16258,222,-448.7571969166856
T1 24m pool=30: main | 21(b),log_total_prior_wins,-0.4748084863096898,0.2910766613129616,0.2650942086205093,0.6220041673724531,0.35157973811775284,1.100430833414865,0.10284505535813719,529,16258,222,-448.7571969166856
T1 24m pool=30: main | 21(b),log_prior_wins_same_sector,0.3354849262010107,0.3009206770036187,0.2715886178723198,1.3986184475345156,0.7754439299954798,2.5225983286699543,0.26490970757693155,529,16258,222,-448.7571969166856
T1 24m pool=30: main | open,incumbent,3.4593973844385113,0.09333541399800858,0.07270634591122808,31.79780888543631,26.481860071728672,38.18087729396911,1.062804534134802e-300,1877,57402,677,-2723.2334966210615
T1 24m pool=30: main | open,inc_other_market,0.8934169303273881,0.18853000486515145,0.13924597445047773,2.4434645514235616,1.6885971927697243,3.535786414680931,2.1492599778133256e-06,1877,57402,677,-2723.2334966210615
T1 24m pool=30: main | open,same_home_prior,1.1677615770598702,0.10484066779746593,0.08996811541354996,3.214788522231121,2.6176418838997155,3.9481585721237993,8.153422609511335e-29,1877,57402,677,-2723.2334966210615
T1 24m pool=30: main | open,log_wins_market_12m,0.5977006369309602,0.0715050753786406,0.060095390221387504,1.8179339008590245,1.5801988431080793,2.09143531670493,6.332928987376811e-17,1877,57402,677,-2723.2334966210615
T1 24m pool=30: main | open,log_total_prior_wins,0.037677782338809605,0.058558991873344915,0.052609736873191565,1.0383965892469738,0.9257992673703305,1.1646881938268252,0.519954314685652,1877,57402,677,-2723.2334966210615
T1 24m pool=30: main | open,log_prior_wins_same_sector,0.600547184226213,0.06773407856767352,0.05798015953916028,1.8231161078869504,1.5964595405103674,2.0819521312605906,7.565142139841482e-19,1877,57402,677,-2723.2334966210615
T1 24m pool=30: main | other procedures,incumbent,3.9172542299218707,0.16034909607077025,0.14568203173320537,50.26224656195872,36.7070928341596,68.82303212811678,8.304786318414382e-132,607,18273,286,-848.1735232984895
T1 24m pool=30: main | other procedures,inc_other_market,0.8330721399056503,0.39022497701102593,0.2541355861533558,2.3003749695946296,1.0706127894499615,4.9427066936648245,0.03277319178913161,607,18273,286,-848.1735232984895
T1 24m pool=30: main | other procedures,same_home_prior,1.3622348316810367,0.17883434305760576,0.16952126553715588,3.904910374989081,2.750326190270478,5.5441878460233776,2.5903693029046792e-14,607,18273,286,-848.1735232984895
T1 24m pool=30: main | other procedures,log_wins_market_12m,0.7791773464462713,0.12886965542751003,0.11213035873112483,2.1796784075496043,1.6931535936536992,2.8060053016724127,1.4826175464406609e-09,607,18273,286,-848.1735232984895
T1 24m pool=30: main | other procedures,log_total_prior_wins,-0.2566686647517155,0.11614034512347866,0.09723917967740607,0.7736245003706207,0.6161260306318801,0.9713838367775087,0.02710605744683665,607,18273,286,-848.1735232984895
T1 24m pool=30: main | other procedures,log_prior_wins_same_sector,0.749498222352221,0.12262359599336663,0.1055810223062517,2.115938019789407,1.66388623921438,2.6908051753010875,9.827556595362785e-10,607,18273,286,-848.1735232984895
T1 24m pool=all: main | renewals,incumbent,4.94662085908326,0.1398283162539853,0.10137643315010374,140.69871892711447,106.9709560922283,185.06078874964263,3.9402546474513495e-274,1388,91164,463,-1521.6435931545361
T1 24m pool=all: main | renewals,inc_other_market,0.28929461837050335,0.17617523436825847,0.14185377759362156,1.3354851290267014,0.945530776424091,1.8862638576362083,0.10057249728673082,1388,91164,463,-1521.6435931545361
T1 24m pool=all: main | renewals,same_home_prior,0.6187543413754302,0.13678099222429102,0.11724936335205932,1.8566138937170813,1.4200095495358738,2.4274591332642435,6.0771692315777695e-06,1388,91164,463,-1521.6435931545361
T1 24m pool=all: main | renewals,log_wins_market_12m,0.6426384603142639,0.09679572731515991,0.07718367289217068,1.9014912758012703,1.5728965168358242,2.2987329638328258,3.155611714144036e-11,1388,91164,463,-1521.6435931545361
T1 24m pool=all: main | renewals,log_total_prior_wins,-0.24320930577134015,0.08326062882973848,0.0736285003642032,0.7841073783952663,0.6660436045566873,0.9230992935712056,0.0034884245893132557,1388,91164,463,-1521.6435931545361
T1 24m pool=all: main | renewals,log_prior_wins_same_sector,0.6155843531725605,0.09710056879840796,0.08502870420875286,1.8507377681218011,1.5299992394728945,2.238713718271196,2.3027644036297918e-10,1388,91164,463,-1521.6435931545361
T1 24m pool=all: main | new needs,incumbent,3.0421517208934867,0.08870512980755019,0.06500455570884611,20.95027391309651,17.606878797815057,24.928551055184162,9.28319518337357e-258,1625,112557,738,-3885.790796236463
T1 24m pool=all: main | new needs,inc_other_market,1.1313005118369355,0.1627432064484708,0.12632362069770992,3.0996850570714054,2.253137810644453,4.2642963992884315,3.6156237997612333e-12,1625,112557,738,-3885.790796236463
T1 24m pool=all: main | new needs,same_home_prior,1.1967607456435099,0.0946540218371261,0.08181513490402963,3.309379619347575,2.7490045459140924,3.983985214295587,1.2147882793005156e-36,1625,112557,738,-3885.790796236463
T1 24m pool=all: main | new needs,log_wins_market_12m,0.6480884353951378,0.059908032338611826,0.05450239660704992,1.9118826465060255,1.7000687510039585,2.1500867255234746,2.827109076900062e-27,1625,112557,738,-3885.790796236463
T1 24m pool=all: main | new needs,log_total_prior_wins,-0.0008963610775905927,0.05340613903585519,0.05030632357477385,0.9991040405339948,0.8998093300630526,1.1093560051676798,0.9866090471807557,1625,112557,738,-3885.790796236463
T1 24m pool=all: main | new needs,log_prior_wins_same_sector,0.5291168634063906,0.0603881634746479,0.053935560378286417,1.6974325816560984,1.5079574650626428,1.9107152794578293,1.9193539379543978e-18,1625,112557,738,-3885.790796236463
T1 24m pool=all: main | 21(b),incumbent,4.562080787382042,0.1646882394420517,0.14461346470668632,95.78257579517928,69.35871724050926,132.27323386253423,6.73209161659137e-169,529,26705,222,-589.4876685910251
T1 24m pool=all: main | 21(b),inc_other_market,1.9329663555245824,0.7529558664208286,0.5303332461933329,6.909977319655198,1.5796019064352405,30.227734192790276,0.010253207842078014,529,26705,222,-589.4876685910251
T1 24m pool=all: main | 21(b),same_home_prior,0.8975774642532167,0.2338903412220971,0.17948042190380106,2.453651846183846,1.5513916944212411,3.8806494864775947,0.0001242428813926448,529,26705,222,-589.4876685910251
T1 24m pool=all: main | 21(b),log_wins_market_12m,1.0272936542459659,0.14278214976852083,0.13609801319640932,2.7934954307565176,2.111588780533817,3.6956138399659237,6.253748090204797e-13,529,26705,222,-589.4876685910251
T1 24m pool=all: main | 21(b),log_total_prior_wins,-0.2103647111487315,0.20052447242526494,0.2137175248515356,0.8102886707617588,0.5469528503356665,1.200410107675498,0.2941447482162436,529,26705,222,-589.4876685910251
T1 24m pool=all: main | 21(b),log_prior_wins_same_sector,0.12841696024334825,0.20113210961810182,0.22033680905537503,1.1370269989255672,0.7665909169381714,1.686467146583676,0.523167316548456,529,26705,222,-589.4876685910251
T1 24m pool=all: main | open,incumbent,3.517581479351203,0.09341026516575382,0.0642892267983623,33.70281885304589,28.064273441135548,40.474235009993016,2.48179993272494e-310,1877,127657,677,-3679.3274810282405
T1 24m pool=all: main | open,inc_other_market,0.6664450301131214,0.14849869327323112,0.1096689314615688,1.9473023998300973,1.4555554659322023,2.605181818994098,7.193380202707202e-06,1877,127657,677,-3679.3274810282405
T1 24m pool=all: main | open,same_home_prior,1.0383652746093275,0.09593938666423982,0.08158586418400732,2.824595799700056,2.3404051999427105,3.408957317253652,2.6745842987934263e-27,1877,127657,677,-3679.3274810282405
T1 24m pool=all: main | open,log_wins_market_12m,0.5768803274321382,0.06381893273312396,0.05403051082604533,1.7804752578034295,1.5711301784559386,2.0177145007587236,1.576364911670422e-19,1877,127657,677,-3679.3274810282405
T1 24m pool=all: main | open,log_total_prior_wins,-0.02277400094626976,0.05505606403784174,0.04816045002849751,0.9774833691288565,0.8774951186404983,1.0888650165983988,0.6791296507987241,1877,127657,677,-3679.3274810282405
T1 24m pool=all: main | open,log_prior_wins_same_sector,0.6236452341656733,0.061609052398513824,0.052713715475166206,1.8657166353454058,1.653495433080439,2.105175795326943,4.385019927037362e-24,1877,127657,677,-3679.3274810282405
T1 24m pool=all: main | other procedures,incumbent,3.777438222562025,0.1540988522017267,0.11766081503340313,43.70393844158741,32.31089475416354,59.11424768142449,1.0713449074188512e-132,607,49359,286,-1251.0775253807378
T1 24m pool=all: main | other procedures,inc_other_market,0.9551767062041147,0.2899622304026753,0.2032428929541997,2.5991298247082155,1.4723367059649188,4.588268307323394,0.000987226788703328,607,49359,286,-1251.0775253807378
T1 24m pool=all: main | other procedures,same_home_prior,1.1554276012322975,0.1593033093335577,0.14631200766971852,3.1753809240673263,2.323775224175939,4.339078886817177,4.076268792465973e-13,607,49359,286,-1251.0775253807378
T1 24m pool=all: main | other procedures,log_wins_market_12m,0.7512150974494928,0.12297921637863113,0.10099006958510229,2.1195739414014683,1.6655840344157669,2.697308331635162,1.0058951434910296e-09,607,49359,286,-1251.0775253807378
T1 24m pool=all: main | other procedures,log_total_prior_wins,-0.25985515286415195,0.1038037779433634,0.0858307289010943,0.7711632785063498,0.6291972001699656,0.9451612339597459,0.012303063088920155,607,49359,286,-1251.0775253807378
T1 24m pool=all: main | other procedures,log_prior_wins_same_sector,0.7071208338761454,0.11501776395400258,0.09584229510434775,2.0281434823180335,1.6188014286025199,2.5409947830476707,7.850207087441491e-10,607,49359,286,-1251.0775253807378
T1b 24m pool=30 + entrant winners (no entrant flag),incumbent,3.069296910989105,0.07651402593688712,0.04551951871574949,21.526762123159372,18.528858213901987,25.009716311575218,0.0,4913,149429,1126,-10946.131656713138
T1b 24m pool=30 + entrant winners (no entrant flag),inc_other_market,1.638395324195882,0.11846531041725188,0.07902813181646785,5.146903770144118,4.080433838701005,6.492108306688526,1.6762504397037184e-43,4913,149429,1126,-10946.131656713138
T1b 24m pool=30 + entrant winners (no entrant flag),same_home_prior,0.37066319837363065,0.060252962445520974,0.04510887410855557,1.448695068355678,1.2873262486968824,1.6302917797275749,7.661627474235399e-10,4913,149429,1126,-10946.131656713138
T1b 24m pool=30 + entrant winners (no entrant flag),log_wins_market_12m,0.011170224228041573,0.04551738514791426,0.03223885252983745,1.0112328441249254,0.9249238671305139,1.1055957159041394,0.806142342104351,4913,149429,1126,-10946.131656713138
T1b 24m pool=30 + entrant winners (no entrant flag),log_total_prior_wins,-0.8992152178301469,0.0634309626538194,0.035103835669310704,0.4068888535928066,0.35932072510471813,0.4607542165284762,1.2847517756742606e-45,4913,149429,1126,-10946.131656713138
T1b 24m pool=30 + entrant winners (no entrant flag),log_prior_wins_same_sector,1.0885294522043811,0.0598452942679393,0.03737850564399952,2.9699034747561988,2.6411981936864226,3.339517144322316,6.3015335441130345e-74,4913,149429,1126,-10946.131656713138
T1b 24m pool=30 + entrant winners | renewals,incumbent,3.8732117733555764,0.1181502841653168,0.08315013597999352,48.09661369853528,38.154252384898726,60.62978841597532,1.060342790321695e-235,1743,53130,541,-2636.5276503438945
T1b 24m pool=30 + entrant winners | renewals,inc_other_market,0.6282635076996398,0.15108306073772343,0.14025240972652286,1.8743529521911295,1.3939489753974754,2.5203210816133623,3.204871861553371e-05,1743,53130,541,-2636.5276503438945
T1b 24m pool=30 + entrant winners | renewals,same_home_prior,0.31947761423086357,0.11315914146850008,0.09018690719293262,1.3764085602569285,1.1026161750171404,1.718186770404579,0.004753808602862562,1743,53130,541,-2636.5276503438945
T1b 24m pool=30 + entrant winners | renewals,log_wins_market_12m,0.2694208160414904,0.0743266546430271,0.06031643847465972,1.3092059600111974,1.1317222335415964,1.5145237894328623,0.00028916169939561767,1743,53130,541,-2636.5276503438945
T1b 24m pool=30 + entrant winners | renewals,log_total_prior_wins,-0.6624716806479075,0.09339446446674622,0.06316033443980952,0.5155754205258881,0.42933197234161863,0.619143300231401,1.3098434624515328e-12,1743,53130,541,-2636.5276503438945
T1b 24m pool=30 + entrant winners | renewals,log_prior_wins_same_sector,0.8207453975501265,0.09011652511276871,0.0708978767332485,2.2721928934703484,1.9043048014061281,2.7111524065501102,8.422329748084454e-20,1743,53130,541,-2636.5276503438945
T1b 24m pool=30 + entrant winners | new needs,incumbent,2.561335194381909,0.09058183702852854,0.05883378361731274,12.953100681907372,10.845983138681854,15.469581238535877,6.728442863625753e-176,3170,96299,975,-8104.669062436706
T1b 24m pool=30 + entrant winners | new needs,inc_other_market,2.021064468894317,0.12037890546792879,0.09036060351205921,7.546353518400325,5.960305953128207,9.55445104202825,2.9280764808683246e-63,3170,96299,975,-8104.669062436706
T1b 24m pool=30 + entrant winners | new needs,same_home_prior,0.32857563439204196,0.07183501889237823,0.05353700594050311,1.3889882916402982,1.20656683143028,1.5989901463036498,4.78428015914113e-06,3170,96299,975,-8104.669062436706
T1b 24m pool=30 + entrant winners | new needs,log_wins_market_12m,-0.12588533896973028,0.05000805632431984,0.03933182721654913,0.881715939445633,0.7993941670708902,0.9725152245244658,0.011825769345279943,3170,96299,975,-8104.669062436706
T1b 24m pool=30 + entrant winners | new needs,log_total_prior_wins,-1.023608768259479,0.07036834068721153,0.04308975729258383,0.3592959818279928,0.3130066896438202,0.4124308100400054,6.152344464269417e-48,3170,96299,975,-8104.669062436706
T1b 24m pool=30 + entrant winners | new needs,log_prior_wins_same_sector,1.2083107262171162,0.06613220647065894,0.04505526364796395,3.347824480979899,2.9408292562690677,3.81114569353389,1.4048804133875485e-74,3170,96299,975,-8104.669062436706
T1c broad 24m pool=30 (any market) + new-to-market,incumbent,3.4611938670550826,0.12154889298560188,0.10414211598591237,31.854984438410433,25.102263887794912,40.42424372985547,2.3405319402318738e-178,3665,113615,980,-3450.919754325715
T1c broad 24m pool=30 (any market) + new-to-market,inc_other_market,2.3451117286295653,0.1761548176420489,0.11717277470371527,10.434438487935838,7.387935161084707,14.737203857989893,1.9506472859373758e-40,3665,113615,980,-3450.919754325715
T1c broad 24m pool=30 (any market) + new-to-market,same_home_prior,1.5758079306557218,0.0955236677457708,0.07660069749984791,4.834646099416104,4.009159193389109,5.8301009710817935,3.8866627848202526e-61,3665,113615,980,-3450.919754325715
T1c broad 24m pool=30 (any market) + new-to-market,log_wins_market_12m,0.8264758659712514,0.07916021488626267,0.06861130375355202,2.2852510018982914,1.9568222271110134,2.6688025459457703,1.6187692262339573e-25,3665,113615,980,-3450.919754325715
T1c broad 24m pool=30 (any market) + new-to-market,log_total_prior_wins,-0.028437838367889177,0.044955625887994524,0.04082255908525981,0.9719627110567803,0.8899848266507023,1.0614917056958129,0.5270107328871061,3665,113615,980,-3450.919754325715
T1c broad 24m pool=30 (any market) + new-to-market,log_prior_wins_same_sector,0.6925958636144618,0.050896738332636,0.04523530546203458,1.9988976700035574,1.8091158702861412,2.208588162190895,3.596035734507427e-42,3665,113615,980,-3450.919754325715
T1c broad 24m pool=30 (any market) + new-to-market,new_to_market_24m,-1.4557173101561056,0.08753416627244881,0.07943592357829268,0.2332330034815267,0.19646238792398785,0.2768857412751215,4.206548615047506e-62,3665,113615,980,-3450.919754325715
T2a 24m pool=30: main + future_supplier_only,incumbent,4.096363752918617,0.08864261647247013,0.06565894975368354,60.1212738380897,50.532880561365076,71.52902284137916,0.0,3013,91933,909,-3587.278733529809
T2a 24m pool=30: main + future_supplier_only,inc_other_market,0.8035713423094392,0.16248928536333596,0.12550596757301644,2.2335033066978642,1.6243249969577562,3.071144648006688,7.599528033991879e-07,3013,91933,909,-3587.278733529809
T2a 24m pool=30: main + future_supplier_only,same_home_prior,1.0580569545254226,0.08566475344646363,0.0773729628229864,2.880768084291668,2.4355047821232985,3.4074352127686995,4.8028863044861524e-35,3013,91933,909,-3587.278733529809
T2a 24m pool=30: main + future_supplier_only,log_wins_market_12m,0.6145627091168577,0.057741150449534095,0.0512119784698545,1.8488479384133556,1.6510146762958655,2.070386622512833,1.8715306592946584e-26,3013,91933,909,-3587.278733529809
T2a 24m pool=30: main + future_supplier_only,log_total_prior_wins,-0.03971991897149335,0.05403087268051566,0.04757488360528197,0.9610585757348854,0.8644857742797967,1.0684196472325362,0.4622580312817969,3013,91933,909,-3587.278733529809
T2a 24m pool=30: main + future_supplier_only,log_prior_wins_same_sector,0.49010130352210335,0.059679787799074444,0.051980057204621774,1.6324815877136736,1.4522715537942708,1.8350535939793535,2.1720397137537375e-16,3013,91933,909,-3587.278733529809
T2a 24m pool=30: main + future_supplier_only,future_supplier_only,3.9381815820347,0.15052647699383792,0.11731475311318645,51.32518575216813,38.21200323728318,68.93840859733623,7.063160482541034e-151,3013,91933,909,-3587.278733529809
T2a 24m pool=30: main + future_supplier_only | t <= 2023-12-31,incumbent,4.076881415659435,0.10047736522274225,0.07218382861342797,58.961307026698634,48.42158957300429,71.7951590799238,0.0,2541,77748,795,-2996.0742148801005
T2a 24m pool=30: main + future_supplier_only | t <= 2023-12-31,inc_other_market,0.8022784943948459,0.17784664954641027,0.1371444381917905,2.2306175924023623,1.5741242112691383,3.1609035728656303,6.450175551966836e-06,2541,77748,795,-2996.0742148801005
T2a 24m pool=30: main + future_supplier_only | t <= 2023-12-31,same_home_prior,1.022678827990698,0.09626768946495108,0.08351751632932555,2.7806336350011205,2.302496931902533,3.358060245366201,2.322486423295187e-26,2541,77748,795,-2996.0742148801005
T2a 24m pool=30: main + future_supplier_only | t <= 2023-12-31,log_wins_market_12m,0.6089324889613988,0.06482751423402316,0.0568159771801711,1.8384677662338365,1.6191001971289078,2.087556862431615,5.8249841770004825e-21,2541,77748,795,-2996.0742148801005
T2a 24m pool=30: main + future_supplier_only | t <= 2023-12-31,log_total_prior_wins,-0.019294639630734058,0.06283810456412968,0.052722775417446466,0.9808903105029709,0.8672245626781192,1.1094540475968122,0.7588028966634206,2541,77748,795,-2996.0742148801005
T2a 24m pool=30: main + future_supplier_only | t <= 2023-12-31,log_prior_wins_same_sector,0.5366465262796198,0.06756343126750874,0.057683698836880765,1.7102619164147304,1.4981367974644086,1.952422387387541,1.975801414216435e-15,2541,77748,795,-2996.0742148801005
T2a 24m pool=30: main + future_supplier_only | t <= 2023-12-31,future_supplier_only,3.9093968306657554,0.15426400667095366,0.12217779425880652,49.868863530891694,36.8567721397059,67.47480599863903,1.0940614357204575e-141,2541,77748,795,-2996.0742148801005
T2a 24m pool=30: + future_other_market_only,incumbent,4.128938085202574,0.08815884275122146,0.06614866460628663,62.11193032378965,52.255583867382676,73.8273616526434,0.0,3013,91933,909,-3548.886369871422
T2a 24m pool=30: + future_other_market_only,inc_other_market,0.8682923739839239,0.1674327574715245,0.12615894275545217,2.3828383805727316,1.716219950853184,3.3083864018174447,2.1495459736359046e-07,3013,91933,909,-3548.886369871422
T2a 24m pool=30: + future_other_market_only,same_home_prior,1.031260162108408,0.08438622259458078,0.0776009476115069,2.804597856719875,2.377056995069996,3.309036827569251,2.4094954840397304e-34,3013,91933,909,-3548.886369871422
T2a 24m pool=30: + future_other_market_only,log_wins_market_12m,0.6341609239901156,0.057786220077048735,0.05149461764247335,1.8854394505415664,1.6835420426043148,2.111549240647026,5.082102693447566e-28,3013,91933,909,-3548.886369871422
T2a 24m pool=30: + future_other_market_only,log_total_prior_wins,-0.05371439024026742,0.05343952733385611,0.04791271064012582,0.9477027410041872,0.8534606314563141,1.0523513940816405,0.3148277862229746,3013,91933,909,-3548.886369871422
T2a 24m pool=30: + future_other_market_only,log_prior_wins_same_sector,0.4904656509848328,0.05918413078220386,0.0522783321298394,1.6330764866064797,1.4542128456130365,1.833939797157198,1.1602921408769016e-16,3013,91933,909,-3548.886369871422
T2a 24m pool=30: + future_other_market_only,future_supplier_only,3.74265277363568,0.15726036856371328,0.11978276232803128,42.20981486064615,31.013495586477465,57.44816689889255,3.4134817318374145e-125,3013,91933,909,-3548.886369871422
T2a 24m pool=30: + future_other_market_only,future_other_market_only,1.9523110097189602,0.2605138086933371,0.20414870600494336,7.044949729654147,4.227893779903642,11.739016937763553,6.676560772055029e-14,3013,91933,909,-3548.886369871422
T2b 24m pool=30: last vs earlier,inc_last,3.844167236361028,0.0791163394649867,0.0616967754229542,46.71976162774227,40.008791241761344,54.556412698484884,0.0,3013,91933,909,-4050.684724191583
T2b 24m pool=30: last vs earlier,inc_earlier,3.205220206161029,0.12465721264501836,0.09542850760628435,24.66092990728888,19.315194565968817,31.486168146798107,8.522258108757927e-146,3013,91933,909,-4050.684724191583
T2b 24m pool=30: last vs earlier,inc_other_market,1.008344425048668,0.16357327968263968,0.1224237447275087,2.7410592274223835,1.9892164090028421,3.7770680224801314,7.071454941002551e-10,3013,91933,909,-4050.684724191583
T2b 24m pool=30: last vs earlier,same_home_prior,1.2354028649873126,0.08435846689755348,0.07415303230001859,3.4397640020864753,2.9155552148100456,4.058224083683094,1.4568268981440638e-48,3013,91933,909,-4050.684724191583
T2b 24m pool=30: last vs earlier,log_wins_market_12m,0.6208643643853643,0.05833245014643948,0.04975043407802523,1.860535527667333,1.6595272324864287,2.085890717518352,1.8687047238433618e-26,3013,91933,909,-4050.684724191583
T2b 24m pool=30: last vs earlier,log_total_prior_wins,-0.031861143467929426,0.05398112660081637,0.04545790005008441,0.9686410748818586,0.8713912979757624,1.0767442067964972,0.55503816174029,3013,91933,909,-4050.684724191583
T2b 24m pool=30: last vs earlier,log_prior_wins_same_sector,0.5707223354068728,0.06166316939639003,0.049439801597840546,1.769544794757857,1.5680965940671334,1.9968723817791605,2.132666041303862e-20,3013,91933,909,-4050.684724191583
T2b 24m pool=30: last vs earlier + log prior wins with buyer-market,inc_last,3.3723838783246056,0.14956794577477892,0.13351279906167796,29.147929418686434,21.74167019428186,39.077116974213624,1.4207508977581365e-112,3013,91933,909,-4042.59197387976
T2b 24m pool=30: last vs earlier + log prior wins with buyer-market,inc_earlier,2.7692087227566833,0.17458201411510849,0.14661709804030154,15.946011300557553,11.325173315977532,22.452219432154575,1.1625432024250707e-56,3013,91933,909,-4042.59197387976
T2b 24m pool=30: last vs earlier + log prior wins with buyer-market,inc_other_market,0.9757295952301411,0.16651279901132238,0.12388905292254658,2.6531021957260315,1.914323907090956,3.676990730196134,4.6346023577872425e-09,3013,91933,909,-4042.59197387976
T2b 24m pool=30: last vs earlier + log prior wins with buyer-market,same_home_prior,1.2276603945258107,0.08364551652749598,0.07426144265361925,3.4132345651241396,2.8971143275654705,4.021301501880373,9.058447293328363e-49,3013,91933,909,-4042.59197387976
T2b 24m pool=30: last vs earlier + log prior wins with buyer-market,log_wins_market_12m,0.6252290102304572,0.058190894618217796,0.050029957535730536,1.8686738538639447,1.6672488233361797,2.094433610171828,6.293762952249979e-27,3013,91933,909,-4042.59197387976
T2b 24m pool=30: last vs earlier + log prior wins with buyer-market,log_total_prior_wins,-0.03970176677539653,0.053458798659161186,0.045409312913055944,0.961076021216949,0.8654713456894726,1.0672417095708324,0.4576869255721657,3013,91933,909,-4042.59197387976
T2b 24m pool=30: last vs earlier + log prior wins with buyer-market,log_prior_wins_same_sector,0.5651961441789467,0.061694540924439635,0.04940798982699852,1.7597929220099813,1.5593590071465113,1.9859898292590283,5.132248345470193e-20,3013,91933,909,-4042.59197387976
T2b 24m pool=30: last vs earlier + log prior wins with buyer-market,log_prior_wins_buyer_market,0.503878931967218,0.1392096263579202,0.12925419432434757,1.6551289678184307,1.2598945970201998,2.1743500659426847,0.0002950934307162867,3013,91933,909,-4042.59197387976
T2ab 24m pool=30: last vs earlier + future_only,inc_last,4.200488253849346,0.08881115756763185,0.06756898567395737,66.71889884878642,56.05976675053021,79.40474464340316,0.0,3013,91933,909,-3565.5943466441327
T2ab 24m pool=30: last vs earlier + future_only,inc_earlier,3.597585601079056,0.12774015357541896,0.0998524525353217,36.5099782915807,28.423461124511896,46.89712167749185,1.646596454242994e-174,3013,91933,909,-3565.5943466441327
T2ab 24m pool=30: last vs earlier + future_only,inc_other_market,0.8389137109963442,0.1604499338454973,0.12628102525205742,2.3138520989951266,1.6894986711867448,3.1689350381456265,1.7088373898242387e-07,3013,91933,909,-3565.5943466441327
T2ab 24m pool=30: last vs earlier + future_only,same_home_prior,1.0636534075522512,0.08331651316018895,0.07780266105315213,2.89693536507336,2.460471607062626,3.410823553225874,2.525109354651574e-37,3013,91933,909,-3565.5943466441327
T2ab 24m pool=30: last vs earlier + future_only,log_wins_market_12m,0.5647839654953706,0.05828856309384257,0.052034555447024504,1.759067722346209,1.569156763609218,1.9719631100993598,3.343326988364839e-22,3013,91933,909,-3565.5943466441327
T2ab 24m pool=30: last vs earlier + future_only,log_total_prior_wins,-0.019966594409694022,0.053781788624704244,0.047601708677349364,0.9802314179689786,0.8821625877474651,1.0892024283493373,0.7104498758857913,3013,91933,909,-3565.5943466441327
T2ab 24m pool=30: last vs earlier + future_only,log_prior_wins_same_sector,0.5007417312491589,0.059421311081200724,0.05198198850092256,1.6499446324344855,1.4685506492526255,1.8537442283552226,3.547243584754551e-17,3013,91933,909,-3565.5943466441327
T2ab 24m pool=30: last vs earlier + future_only,future_supplier_only,3.9144422117500235,0.15064302549525926,0.11673751544165063,50.12110674813386,37.307033769437865,67.33650702929314,7.3388573998604345e-149,3013,91933,909,-3565.5943466441327
T2b 24m pool=30: last vs earlier | renewals,inc_last,4.861742895329931,0.13517738648242525,0.11746050640558377,129.24927386796466,99.16600041832936,168.45869274675712,2.8816916749387747e-283,1388,42376,463,-1032.0072292706523
T2b 24m pool=30: last vs earlier | renewals,inc_earlier,4.213346810365487,0.21819482541889082,0.1605155981120891,67.58234703193692,44.06584323559244,103.64884216390166,4.42386747891216e-83,1388,42376,463,-1032.0072292706523
T2b 24m pool=30: last vs earlier | renewals,inc_other_market,0.421205864987276,0.2712103470075283,0.20020018681363583,1.5237979427654904,0.8955059482297546,2.5929031236100837,0.12040886848462061,1388,42376,463,-1032.0072292706523
T2b 24m pool=30: last vs earlier | renewals,same_home_prior,1.0328414781345225,0.14036402744345494,0.1423660297994214,2.809036320639689,2.1334235382224174,3.6986022275012176,1.8625856728559942e-13,1388,42376,463,-1032.0072292706523
T2b 24m pool=30: last vs earlier | renewals,log_wins_market_12m,0.6014511661707429,0.11412301962834656,0.09442995521719463,1.8247649170658442,1.45902739759054,2.282182643076576,1.3627500534278803e-07,1388,42376,463,-1032.0072292706523
T2b 24m pool=30: last vs earlier | renewals,log_total_prior_wins,-0.14601774092899003,0.09967533985741611,0.0912674163110122,0.8641423723601863,0.7107877570389624,1.0505837112601784,0.14293907160274846,1388,42376,463,-1032.0072292706523
T2b 24m pool=30: last vs earlier | renewals,log_prior_wins_same_sector,0.5841853408763431,0.11301925893538023,0.10197779546425695,1.7935292753352257,1.437158058956398,2.238269647125913,2.354748051975439e-07,1388,42376,463,-1032.0072292706523
T2a 24m pool=30: main + future_only | renewals,incumbent,5.282352869295277,0.16738751474137892,0.13852611964423298,196.8324519798016,141.7795434656335,273.2623706167594,1.4091820415928298e-218,1388,42376,463,-882.7213634534401
T2a 24m pool=30: main + future_only | renewals,inc_other_market,0.3044291031331051,0.23848903842444977,0.19245491974355672,1.3558507310781949,0.8495831919480362,2.163803642054297,0.20178201814565588,1388,42376,463,-882.7213634534401
T2a 24m pool=30: main + future_only | renewals,same_home_prior,0.7827889791877517,0.14899652950622427,0.1472352480916343,2.187564838325533,1.6335503604322221,2.9294719267865323,1.4904150046933577e-07,1388,42376,463,-882.7213634534401
T2a 24m pool=30: main + future_only | renewals,log_wins_market_12m,0.6041677644268729,0.10650566501882062,0.09292498955829506,1.8297288096556141,1.4850028047746013,2.2544789182347085,1.406176170815963e-08,1388,42376,463,-882.7213634534401
T2a 24m pool=30: main + future_only | renewals,log_total_prior_wins,-0.1994769931026481,0.10692990887900876,0.09552801968669733,0.8191590669046953,0.6642746307381829,1.0101568626013768,0.06211233692942017,1388,42376,463,-882.7213634534401
T2a 24m pool=30: main + future_only | renewals,log_prior_wins_same_sector,0.5004314853791744,0.11505621845377878,0.10724088930442066,1.649432823324006,1.316427064307357,2.0666763183648698,1.3647822780751764e-05,1388,42376,463,-882.7213634534401
T2a 24m pool=30: main + future_only | renewals,future_supplier_only,4.523221833886496,0.2620324843464535,0.2259322951771839,92.13195416856448,55.1269200813129,153.97734838801298,9.080438805483609e-67,1388,42376,463,-882.7213634534401
T2b 24m pool=30: last vs earlier | new needs,inc_last,3.2051183791394244,0.0949169582522576,0.07767260612123399,24.658418886093504,20.472471723459712,29.700254574795345,5.897462967706472e-250,1625,49557,738,-2923.2660958040196
T2b 24m pool=30: last vs earlier | new needs,inc_earlier,2.65693907425363,0.15774164300501894,0.12887780800149767,14.252596123887898,10.4621653952262,19.416295632580404,1.1687871273687862e-63,1625,49557,738,-2923.2660958040196
T2b 24m pool=30: last vs earlier | new needs,inc_other_market,1.308836046940359,0.20725490038063704,0.15112448114067403,3.701862409542018,2.466046946803894,5.556984759329479,2.699815687041988e-10,1625,49557,738,-2923.2660958040196
T2b 24m pool=30: last vs earlier | new needs,same_home_prior,1.2771723999761981,0.10435039277000349,0.08879342767365736,3.5864842315995196,2.9231027277693933,4.400416386778031,1.9175470539931201e-34,1625,49557,738,-2923.2660958040196
T2b 24m pool=30: last vs earlier | new needs,log_wins_market_12m,0.6358749158818957,0.06616526341686815,0.059540020699053425,1.8886738495472462,1.6589601651949089,2.150195637485076,7.22648448301875e-22,1625,49557,738,-2923.2660958040196
T2b 24m pool=30: last vs earlier | new needs,log_total_prior_wins,0.03063973885095091,0.0571312773343502,0.05320688816776771,1.031113966662897,0.9218824439213825,1.1532880566906236,0.5917483904766778,1625,49557,738,-2923.2660958040196
T2b 24m pool=30: last vs earlier | new needs,log_prior_wins_same_sector,0.5393074000462622,0.06649349507430515,0.05732606874084928,1.714818767396187,1.5052818398938244,1.9535234712069562,5.033763710551314e-16,1625,49557,738,-2923.2660958040196
T2a 24m pool=30: main + future_only | new needs,incumbent,3.433161725209104,0.10242534025697739,0.07911364203153784,30.974420701485613,25.34060521289836,37.860766533874205,2.5762964085075417e-246,1625,49557,738,-2609.2529597601538
T2a 24m pool=30: main + future_only | new needs,inc_other_market,1.1396882140228328,0.21270089606495915,0.1619495732077023,3.1257936346175983,2.060182266426974,4.742583219668845,8.406768944769959e-08,1625,49557,738,-2609.2529597601538
T2a 24m pool=30: main + future_only | new needs,same_home_prior,1.1157927419268552,0.10421812108692607,0.09270903037645956,3.051986658225337,2.488114574340271,3.7436469598492077,9.506416487559795e-27,1625,49557,738,-2609.2529597601538
T2a 24m pool=30: main + future_only | new needs,log_wins_market_12m,0.6219758956970705,0.06963858713338811,0.06230113961468238,1.8626047209363903,1.6249617302932788,2.1350018783693923,4.2033354797509812e-19,1625,49557,738,-2609.2529597601538
T2a 24m pool=30: main + future_only | new needs,log_total_prior_wins,0.038126507240784084,0.05697172620201399,0.05545298700059859,1.038862648213006,0.9291007685701476,1.161591549981219,0.5033563968093056,1625,49557,738,-2609.2529597601538
T2a 24m pool=30: main + future_only | new needs,log_prior_wins_same_sector,0.4584959903837589,0.06623500085573726,0.060219448918236884,1.581693313213604,1.3891268561262282,1.8009541216711578,4.444900302765739e-12,1625,49557,738,-2609.2529597601538
T2a 24m pool=30: main + future_only | new needs,future_supplier_only,3.7459673387344807,0.1898443890422033,0.1404009429396767,42.34995416192708,29.191347188869173,61.44007694859676,1.150518361993271e-86,1625,49557,738,-2609.2529597601538
T2a 24m pool=all: main + future_supplier_only,incumbent,4.154075148062957,0.08546414971007465,0.057223410503761764,63.693030676663795,53.86955169242688,75.30788783877611,0.0,3013,203721,909,-5001.154534758048
T2a 24m pool=all: main + future_supplier_only,inc_other_market,0.62104464632644,0.11795264108695999,0.0947327627886589,1.8608709788606888,1.4767702945103995,2.3448743605138596,1.400342338647116e-07,3013,203721,909,-5001.154534758048
T2a 24m pool=all: main + future_supplier_only,same_home_prior,0.8798208277790778,0.07778603865861919,0.06739933355927934,2.410467778858256,2.0696100171334932,2.807463659729221,1.1605223291028136e-29,3013,203721,909,-5001.154534758048
T2a 24m pool=all: main + future_supplier_only,log_wins_market_12m,0.5669321008981848,0.05173637584847558,0.044930601202701544,1.762850499500661,1.592856275362464,1.9509869984236765,6.07652534772233e-28,3013,203721,909,-5001.154534758048
T2a 24m pool=all: main + future_supplier_only,log_total_prior_wins,-0.08619659152293933,0.04925611854138279,0.04208121670566324,0.9174138577033282,0.832985883228006,1.0103990994955738,0.08012397481656588,3013,203721,909,-5001.154534758048
T2a 24m pool=all: main + future_supplier_only,log_prior_wins_same_sector,0.5032476686076851,0.05528654844815456,0.04625507679089275,1.654084475255373,1.4842150307111104,1.8433955961017217,8.824863838179836e-20,3013,203721,909,-5001.154534758048
T2a 24m pool=all: main + future_supplier_only,future_supplier_only,3.9961440732802402,0.1296987824513293,0.09919024526404596,54.38802893370581,42.17950584837736,70.13021209700626,1.8688830677415167e-208,3013,203721,909,-5001.154534758048
T2a 24m pool=all: main + future_supplier_only | t <= 2023-12-31,incumbent,4.144018110151327,0.09544620426644412,0.06262327024629566,63.055677765663276,52.2972375199224,76.02731400434901,0.0,2541,177409,795,-4265.233364682246
T2a 24m pool=all: main + future_supplier_only | t <= 2023-12-31,inc_other_market,0.6150583576317604,0.12574665495666376,0.10248037817544678,1.849764544286716,1.44570185134211,2.3667596926183574,1.0019747348275725e-06,2541,177409,795,-4265.233364682246
T2a 24m pool=all: main + future_supplier_only | t <= 2023-12-31,same_home_prior,0.843666601650833,0.08615743524884188,0.0723567279600513,2.3248757613912914,1.96363633746375,2.752570423954338,1.2167950673448703e-22,2541,177409,795,-4265.233364682246
T2a 24m pool=all: main + future_supplier_only | t <= 2023-12-31,log_wins_market_12m,0.5657938239045243,0.05664655009600535,0.0492693815535618,1.7608450289408528,1.575805524586266,1.9676128605779453,1.7176996757100716e-23,2541,177409,795,-4265.233364682246
T2a 24m pool=all: main + future_supplier_only | t <= 2023-12-31,log_total_prior_wins,-0.08108624826616628,0.05594197413827087,0.04646151571296224,0.9221141572675432,0.8263535936536713,1.0289717689417999,0.14720619775540889,2541,177409,795,-4265.233364682246
T2a 24m pool=all: main + future_supplier_only | t <= 2023-12-31,log_prior_wins_same_sector,0.5271381341668271,0.06167158227129408,0.05120543102621625,1.6940771430216714,1.5011955634146623,1.9117411724695734,1.2577826187404367e-17,2541,177409,795,-4265.233364682246
T2a 24m pool=all: main + future_supplier_only | t <= 2023-12-31,future_supplier_only,3.9586574179165157,0.13330575773712905,0.1027986465441126,52.386944939845286,40.34139579725112,68.02917811578017,8.629758425196922e-194,2541,177409,795,-4265.233364682246
T2a 24m pool=all: + future_other_market_only,incumbent,4.177482727185086,0.08373593098427061,0.057390365831086004,65.20151645569659,55.33249242619039,76.83076546377018,0.0,3013,203721,909,-4959.699992702248
T2a 24m pool=all: + future_other_market_only,inc_other_market,0.6762844811015531,0.11830852450882821,0.09543523606889083,1.9665573601250979,1.559553828628675,2.479778369729486,1.0888220266927103e-08,3013,203721,909,-4959.699992702248
T2a 24m pool=all: + future_other_market_only,same_home_prior,0.8517972314133486,0.07689160414085855,0.0676513080782733,2.3438555195864312,2.0159482642335456,2.7250990485038282,1.6060137694338483e-28,3013,203721,909,-4959.699992702248
T2a 24m pool=all: + future_other_market_only,log_wins_market_12m,0.5833232252786353,0.05234090252228968,0.04521723543652536,1.7919837120948294,1.617262744615779,1.985580657876384,7.600700990246144e-29,3013,203721,909,-4959.699992702248
T2a 24m pool=all: + future_other_market_only,log_total_prior_wins,-0.10154092109703892,0.04935063267614093,0.04242664203285589,0.9034442086576536,0.8201498913148505,0.9951978861431263,0.03963427177795747,3013,203721,909,-4959.699992702248
T2a 24m pool=all: + future_other_market_only,log_prior_wins_same_sector,0.5090460747758939,0.055975457983258356,0.04653705519592849,1.6637033891139679,1.490831737242177,1.8566206351828365,9.537836300732124e-20,3013,203721,909,-4959.699992702248
T2a 24m pool=all: + future_other_market_only,future_supplier_only,3.7780270405523217,0.1371886735988757,0.10310960468844636,43.729679684498386,33.41942241151851,57.22076407429871,6.00817741242053e-167,3013,203721,909,-4959.699992702248
T2a 24m pool=all: + future_other_market_only,future_other_market_only,1.7939819890103643,0.22084492638217024,0.17899209027917515,6.013349948460853,3.9005826261615812,9.270506759714053,4.538048018352677e-16,3013,203721,909,-4959.699992702248
T2b 24m pool=all: last vs earlier,inc_last,3.8233751960045477,0.07351960969867113,0.05231732435260426,45.75839151544446,39.61773062049046,52.85084130986951,0.0,3013,203721,909,-5541.231654363075
T2b 24m pool=all: last vs earlier,inc_earlier,3.264221423711503,0.11970857758476296,0.08373261866005748,26.159735710059774,20.688802495137168,33.07739887705083,1.0149138495843349e-163,3013,203721,909,-5541.231654363075
T2b 24m pool=all: last vs earlier,inc_other_market,0.8097950425262732,0.12784159877793783,0.09657853936460514,2.247447308345698,1.7493171449863198,2.88742348308135,2.383244346516789e-10,3013,203721,909,-5541.231654363075
T2b 24m pool=all: last vs earlier,same_home_prior,1.0567570215823936,0.07719396392281375,0.0660889974755218,2.877025711901245,2.4730614888290483,3.3469757967320146,1.1709949948461741e-42,3013,203721,909,-5541.231654363075
T2b 24m pool=all: last vs earlier,log_wins_market_12m,0.5817748254593037,0.053123819214521674,0.04486578275578599,1.7892111519085665,1.6122845362005918,1.9855530920478255,6.55014890325144e-28,3013,203721,909,-5541.231654363075
T2b 24m pool=all: last vs earlier,log_total_prior_wins,-0.0602756425648934,0.050479303253871115,0.04126435823167712,0.9415049789664796,0.8528129188478746,1.03942096305977,0.23245197473445844,3013,203721,909,-5541.231654363075
T2b 24m pool=all: last vs earlier,log_prior_wins_same_sector,0.5781316765836654,0.055996466883671554,0.04489057755924719,1.7827046485888185,1.59740206702179,1.989502786875279,5.464162866982671e-25,3013,203721,909,-5541.231654363075
T2b 24m pool=all: last vs earlier + log prior wins with buyer-market,inc_last,3.313495172395872,0.11800095080448153,0.10631395846924364,27.481008673058135,21.806613793784337,34.631962799467615,1.7076592154758772e-173,3013,203721,909,-5525.673112999693
T2b 24m pool=all: last vs earlier + log prior wins with buyer-market,inc_earlier,2.78934240876825,0.15524397598132822,0.12167494665913899,16.27031706532133,12.00189094165235,22.056792441545124,3.502936693978725e-72,3013,203721,909,-5525.673112999693
T2b 24m pool=all: last vs earlier + log prior wins with buyer-market,inc_other_market,0.7650053841732991,0.1307876357885626,0.09820514149521313,2.149005945244501,1.663063890056798,2.7769387455935246,4.93889651994728e-09,3013,203721,909,-5525.673112999693
T2b 24m pool=all: last vs earlier + log prior wins with buyer-market,same_home_prior,1.044820769921333,0.07726952672046832,0.06650072936908406,2.842888946777809,2.443355983917171,3.3077527862945333,1.1634244397800857e-41,3013,203721,909,-5525.673112999693
T2b 24m pool=all: last vs earlier + log prior wins with buyer-market,log_wins_market_12m,0.5913197685272193,0.053320088876923154,0.045256936392951586,1.806370834306909,1.627121323554206,2.005367112949605,1.4028826812310103e-28,3013,203721,909,-5525.673112999693
T2b 24m pool=all: last vs earlier + log prior wins with buyer-market,log_total_prior_wins,-0.07227101726799384,0.049591436141676215,0.041393170577608086,0.9302787400408665,0.8441118815396554,1.0252415030499316,0.1450257009730046,3013,203721,909,-5525.673112999693
T2b 24m pool=all: last vs earlier + log prior wins with buyer-market,log_prior_wins_same_sector,0.5698969549332005,0.05607663265335887,0.04502435534211061,1.7680848496249608,1.5840530039667589,1.9734971163496,2.9053654989434933e-24,3013,203721,909,-5525.673112999693
T2b 24m pool=all: last vs earlier + log prior wins with buyer-market,log_prior_wins_buyer_market,0.5562714600090877,0.1024938492468687,0.10231518858440473,1.7441572016914342,1.4267277215448033,2.1322108614517195,5.719231376727398e-08,3013,203721,909,-5525.673112999693
T2ab 24m pool=all: last vs earlier + future_only,inc_last,4.224175458121969,0.08284343647915461,0.05768951664593107,68.31814914346903,58.078893708869316,80.36257587455592,0.0,3013,203721,909,-4978.005443984184
T2ab 24m pool=all: last vs earlier + future_only,inc_earlier,3.717443639901143,0.1227975355015238,0.08684254395291573,41.159042174121566,32.354737984088764,52.359155358458366,2.6031487862054845e-201,3013,203721,909,-4978.005443984184
T2ab 24m pool=all: last vs earlier + future_only,inc_other_market,0.6488045164766559,0.1156083524587755,0.0958766041759403,1.9132521997963494,1.5253320829389003,2.399827566055463,1.9989704063677794e-08,3013,203721,909,-4978.005443984184
T2ab 24m pool=all: last vs earlier + future_only,same_home_prior,0.885585059943682,0.07529763567834097,0.06775087356847101,2.424402397365947,2.0917513759966146,2.809954878864755,6.190240304529906e-32,3013,203721,909,-4978.005443984184
T2ab 24m pool=all: last vs earlier + future_only,log_wins_market_12m,0.5102143227994735,0.05283214351058168,0.04591838569725222,1.6656481430664196,1.5017983973325888,1.8473742823459653,4.578995991682414e-22,3013,203721,909,-4978.005443984184
T2ab 24m pool=all: last vs earlier + future_only,log_total_prior_wins,-0.05423847298205703,0.04934532312785913,0.042308051235011065,0.9472061964798532,0.8598861292822053,1.0433934774581983,0.27169768509509784,3013,203721,909,-4978.005443984184
T2ab 24m pool=all: last vs earlier + future_only,log_prior_wins_same_sector,0.5027644485025856,0.054385318483152166,0.0461862916894212,1.6532853814660382,1.486120783986812,1.8392532975930433,2.3636862497657868e-20,3013,203721,909,-4978.005443984184
T2ab 24m pool=all: last vs earlier + future_only,future_supplier_only,3.9634517523839126,0.1297222173787139,0.09864723197595912,52.63870851275417,40.82098168953239,67.87768248604412,5.099794895459947e-205,3013,203721,909,-4978.005443984184
T2b 24m pool=all: last vs earlier | renewals,inc_last,4.994516616338735,0.13364826798207854,0.10081378281666185,147.6015799442967,113.58665333015367,191.80269656090883,1.1735203461812927e-305,1388,91164,463,-1506.4953312782427
T2b 24m pool=all: last vs earlier | renewals,inc_earlier,4.435198287731498,0.2013884740588117,0.13804778649326374,84.36885253817084,56.85344853347508,125.20090622852025,1.730183066305221e-107,1388,91164,463,-1506.4953312782427
T2b 24m pool=all: last vs earlier | renewals,inc_other_market,0.3021752036199392,0.17792566659126086,0.14573797745169947,1.352798221093122,0.9545081447044098,1.917283825335451,0.08944686719287012,1388,91164,463,-1506.4953312782427
T2b 24m pool=all: last vs earlier | renewals,same_home_prior,0.6439848346991977,0.13068839788118555,0.11878630089110473,1.9040531191613304,1.473787436647382,2.459932952634748,8.323055182974718e-07,1388,91164,463,-1506.4953312782427
T2b 24m pool=all: last vs earlier | renewals,log_wins_market_12m,0.5209527689095503,0.10450390908631724,0.08117865011470048,1.6836309970369818,1.3718018670447816,2.0663431084914885,6.195941456391168e-07,1388,91164,463,-1506.4953312782427
T2b 24m pool=all: last vs earlier | renewals,log_total_prior_wins,-0.18266508019636998,0.08315933884849237,0.0750085583781942,0.8330471129958273,0.707754933495237,0.9805194702685219,0.028051367379464235,1388,91164,463,-1506.4953312782427
T2b 24m pool=all: last vs earlier | renewals,log_prior_wins_same_sector,0.6098556041133961,0.09429912839040719,0.08554934766686217,1.840165667243809,1.5296352563910454,2.2137366857587524,9.980550025919888e-11,1388,91164,463,-1506.4953312782427
T2a 24m pool=all: main + future_only | renewals,incumbent,5.553495249878526,0.1610171190484757,0.12263132055963676,258.13823858035846,188.27463033296226,353.92633675352835,1.1293008170457283e-260,1388,91164,463,-1314.4260881540622
T2a 24m pool=all: main + future_only | renewals,inc_other_market,0.23949903225706515,0.15851462043793174,0.1410671089804351,1.2706124549990856,0.9312852815281742,1.733578359736979,0.13081506863734496,1388,91164,463,-1314.4260881540622
T2a 24m pool=all: main + future_only | renewals,same_home_prior,0.46961524731498594,0.13264681070774278,0.11999350958931221,1.599378709567599,1.2332185983968778,2.074256956506661,0.0003996068619795483,1388,91164,463,-1314.4260881540622
T2a 24m pool=all: main + future_only | renewals,log_wins_market_12m,0.5667141125609791,0.09735302550867142,0.07799905677794972,1.7624662605328612,1.456304674814365,2.132992754357975,5.8416977201157395e-09,1388,91164,463,-1314.4260881540622
T2a 24m pool=all: main + future_only | renewals,log_total_prior_wins,-0.2262660437977376,0.08506862561651025,0.07556610709359066,0.797505901940845,0.6750283763163081,0.9422058182224528,0.007818566352877638,1388,91164,463,-1314.4260881540622
T2a 24m pool=all: main + future_only | renewals,log_prior_wins_same_sector,0.4978026306067273,0.09806147742738505,0.08733047017714597,1.6451023984974853,1.357442120180305,1.9937217663340965,3.845840423182173e-07,1388,91164,463,-1314.4260881540622
T2a 24m pool=all: main + future_only | renewals,future_supplier_only,4.851115966853041,0.2210630551275534,0.18905344317536946,127.88302345928108,82.91635916517703,197.2357186657005,9.775844364688644e-107,1388,91164,463,-1314.4260881540622
T2b 24m pool=all: last vs earlier | new needs,inc_last,3.122013167475244,0.08614055253192356,0.06712886351215344,22.69201652002988,19.166762986643697,26.865653532844057,1.2696052076857518e-287,1625,112557,738,-3877.0156901300343
T2b 24m pool=all: last vs earlier | new needs,inc_earlier,2.655038770952449,0.1547669919263502,0.11462505016529848,14.225537586280153,10.503362739301902,19.266774331371842,5.759939187108261e-66,1625,112557,738,-3877.0156901300343
T2b 24m pool=all: last vs earlier | new needs,inc_other_market,1.1551891422775176,0.15753876507480946,0.12618641207288123,3.1746238163242935,2.33126995167098,4.323067076787766,2.255119070417297e-13,1625,112557,738,-3877.0156901300343
T2b 24m pool=all: last vs earlier | new needs,same_home_prior,1.196734025738949,0.09382087015255343,0.08198665985127118,3.3092911942213505,2.7534237030026474,3.977378489263497,2.9042866096257325e-37,1625,112557,738,-3877.0156901300343
T2b 24m pool=all: last vs earlier | new needs,log_wins_market_12m,0.6228241922278107,0.060029234900987244,0.05490934818758358,1.8641854324205442,1.6572620808703755,2.096944935000167,3.2104109940946857e-25,1625,112557,738,-3877.0156901300343
T2b 24m pool=all: last vs earlier | new needs,log_total_prior_wins,0.015497222911522144,0.05343861294677623,0.05032377891558547,1.0156179275935497,0.914623788409672,1.1277639920594364,0.7718158774543511,1625,112557,738,-3877.0156901300343
T2b 24m pool=all: last vs earlier | new needs,log_prior_wins_same_sector,0.5287678144535012,0.0600154327583542,0.053776773146489744,1.6968401979823358,1.5085328654895913,1.9086535821374182,1.2455474042159877e-18,1625,112557,738,-3877.0156901300343
T2a 24m pool=all: main + future_only | new needs,incumbent,3.4121318645746808,0.09740099898913922,0.06979597923276334,30.32983448582583,25.05882113235533,36.70958242923244,7.383045806045223e-269,1625,112557,738,-3528.6241727707516
T2a 24m pool=all: main + future_only | new needs,inc_other_market,0.9266698457936537,0.15366886638209007,0.12836822954528224,2.5260829093924984,1.8691408142903305,3.4139187461633926,1.636524221494174e-09,1625,112557,738,-3528.6241727707516
T2a 24m pool=all: main + future_only | new needs,same_home_prior,1.0129779652330742,0.09402338322956252,0.08359717107856941,2.753789505852557,2.2903213474143427,3.3110448239522796,4.583020985929847e-27,1625,112557,738,-3528.6241727707516
T2a 24m pool=all: main + future_only | new needs,log_wins_market_12m,0.5795206292257727,0.05983868069032533,0.05602257631144166,1.7851824613044847,1.5876212313484936,2.0073279175299694,3.501803587681537e-22,1625,112557,738,-3528.6241727707516
T2a 24m pool=all: main + future_only | new needs,log_total_prior_wins,0.0015385692782637584,0.0524035946423957,0.05160488861233163,1.001539753483225,0.903777139376815,1.1098774621572063,0.9765774783804562,1625,112557,738,-3528.6241727707516
T2a 24m pool=all: main + future_only | new needs,log_prior_wins_same_sector,0.46469629598131956,0.059704955132936915,0.05566277194921091,1.5915307611933223,1.4157714599722906,1.78910949643961,7.070625625226889e-15,1625,112557,738,-3528.6241727707516
T2a 24m pool=all: main + future_only | new needs,future_supplier_only,3.68593036402792,0.16596593661854173,0.11945959947659193,39.88221016834121,28.807539130681114,55.2143895629634,2.8139338318856993e-109,1625,112557,738,-3528.6241727707516
