sector,contracts,buyers,firms,dyads,repeat_dyads,share_in_repeat,max_w,eligible,incumbency
Health,2950,1098,554,1868,500,0.536271186440678,14,1502,0.6671105193075899
Municipal/Local,2688,667,1084,2020,326,0.3697916666666667,18,1271,0.3619197482297404
Other public,1295,351,646,987,165,0.36525096525096523,11,583,0.39451114922813035
Education,1054,330,519,846,115,0.3064516129032258,13,439,0.36446469248291574
Infrastructure/Transport,644,123,337,485,90,0.38664596273291924,9,342,0.3216374269005848
Agriculture/Environment,395,98,231,294,54,0.3924050632911392,11,210,0.3476190476190476
Social/Finance,303,42,156,214,47,0.44884488448844884,10,196,0.35714285714285715
Provincial admin,223,74,125,176,22,0.3094170403587444,8,115,0.3739130434782609
Security/Interior,202,64,142,164,18,0.27722772277227725,6,100,0.28
Defence,191,29,96,128,34,0.5078534031413613,9,131,0.29770992366412213
Justice,46,14,32,37,6,0.32608695652173914,3,24,0.2916666666666667
