model,variable,coef,se,OR,OR_lo,OR_hi,p
observed all | main,incumbent,3.7449960145450785,0.07667442907179456,42.30883859853278,36.405291449319016,49.169715508215795,0.0
observed all | main,inc_other_market,0.7754801359868753,0.13135323942689467,2.171634556810494,1.678713601493432,2.8092919746036635,3.552739210976876e-09
observed all | main,same_home_prior,1.04829279617218,0.0794426423903836,2.8527766871432902,2.441433134499071,3.3334252377049247,9.301967293098245e-40
observed all | main,log_wins_market_12m,0.6382925217332711,0.05202537319307276,1.8932454424254204,1.7097083326671279,2.096485252354728,1.3309846667916473e-34
observed all | main,log_total_prior_wins,-0.09282499945832004,0.05033660351642978,0.9113529736058185,0.825732223743202,1.0058517987042592,0.06517068423403588
observed all | main,log_prior_wins_same_sector,0.5799400439977237,0.05692371815154536,1.7859313502359455,1.5973876184720637,1.9967293791887928,2.2428295709410056e-24
observed all | plac,incumbent,4.154075148062957,0.08546414971007465,63.693030676663795,53.86955169242688,75.30788783877611,0.0
observed all | plac,inc_other_market,0.62104464632644,0.11795264108695999,1.8608709788606888,1.4767702945103995,2.3448743605138596,1.400342338647116e-07
observed all | plac,same_home_prior,0.8798208277790778,0.07778603865861919,2.410467778858256,2.0696100171334932,2.807463659729221,1.1605223291028136e-29
observed all | plac,log_wins_market_12m,0.5669321008981848,0.05173637584847558,1.762850499500661,1.592856275362464,1.9509869984236765,6.07652534772233e-28
observed all | plac,log_total_prior_wins,-0.08619659152293933,0.04925611854138279,0.9174138577033282,0.832985883228006,1.0103990994955738,0.08012397481656588
observed all | plac,log_prior_wins_same_sector,0.5032476686076851,0.05528654844815456,1.654084475255373,1.4842150307111104,1.8433955961017217,8.824863838179836e-20
observed all | plac,future_supplier_only,3.9961440732802402,0.1296987824513293,54.38802893370581,42.17950584837736,70.13021209700626,1.8688830677415167e-208
observed all | le,inc_last,3.8233751960045477,0.07351960969867113,45.75839151544446,39.61773062049046,52.85084130986951,0.0
observed all | le,inc_earlier,3.264221423711503,0.11970857758476296,26.159735710059774,20.688802495137168,33.07739887705083,1.0149138495843349e-163
observed all | le,inc_other_market,0.8097950425262732,0.12784159877793783,2.247447308345698,1.7493171449863198,2.88742348308135,2.383244346516789e-10
observed all | le,same_home_prior,1.0567570215823936,0.07719396392281375,2.877025711901245,2.4730614888290483,3.3469757967320146,1.1709949948461741e-42
observed all | le,log_wins_market_12m,0.5817748254593037,0.053123819214521674,1.7892111519085665,1.6122845362005918,1.9855530920478255,6.55014890325144e-28
observed all | le,log_total_prior_wins,-0.0602756425648934,0.050479303253871115,0.9415049789664796,0.8528129188478746,1.03942096305977,0.23245197473445844
observed all | le,log_prior_wins_same_sector,0.5781316765836654,0.055996466883671554,1.7827046485888185,1.59740206702179,1.989502786875279,5.464162866982671e-25
observed renewals | main,incumbent,4.94662085908326,0.1398283162539853,140.69871892711447,106.9709560922283,185.06078874964263,3.9402546474513495e-274
observed renewals | main,inc_other_market,0.28929461837050335,0.17617523436825847,1.3354851290267014,0.945530776424091,1.8862638576362083,0.10057249728673082
observed renewals | main,same_home_prior,0.6187543413754302,0.13678099222429102,1.8566138937170813,1.4200095495358738,2.4274591332642435,6.0771692315777695e-06
observed renewals | main,log_wins_market_12m,0.6426384603142639,0.09679572731515991,1.9014912758012703,1.5728965168358242,2.2987329638328258,3.155611714144036e-11
observed renewals | main,log_total_prior_wins,-0.24320930577134015,0.08326062882973848,0.7841073783952663,0.6660436045566873,0.9230992935712056,0.0034884245893132557
observed renewals | main,log_prior_wins_same_sector,0.6155843531725605,0.09710056879840796,1.8507377681218011,1.5299992394728945,2.238713718271196,2.3027644036297918e-10
observed renewals | plac,incumbent,5.553495249878526,0.1610171190484757,258.13823858035846,188.27463033296226,353.92633675352835,1.1293008170457283e-260
observed renewals | plac,inc_other_market,0.23949903225706515,0.15851462043793174,1.2706124549990856,0.9312852815281742,1.733578359736979,0.13081506863734496
observed renewals | plac,same_home_prior,0.46961524731498594,0.13264681070774278,1.599378709567599,1.2332185983968778,2.074256956506661,0.0003996068619795483
observed renewals | plac,log_wins_market_12m,0.5667141125609791,0.09735302550867142,1.7624662605328612,1.456304674814365,2.132992754357975,5.8416977201157395e-09
observed renewals | plac,log_total_prior_wins,-0.2262660437977376,0.08506862561651025,0.797505901940845,0.6750283763163081,0.9422058182224528,0.007818566352877638
observed renewals | plac,log_prior_wins_same_sector,0.4978026306067273,0.09806147742738505,1.6451023984974853,1.357442120180305,1.9937217663340965,3.845840423182173e-07
observed renewals | plac,future_supplier_only,4.851115966853041,0.2210630551275534,127.88302345928108,82.91635916517703,197.2357186657005,9.775844364688644e-107
observed renewals | le,inc_last,4.994516616338735,0.13364826798207854,147.6015799442967,113.58665333015367,191.80269656090883,1.1735203461812927e-305
observed renewals | le,inc_earlier,4.435198287731498,0.2013884740588117,84.36885253817084,56.85344853347508,125.20090622852025,1.730183066305221e-107
observed renewals | le,inc_other_market,0.3021752036199392,0.17792566659126086,1.352798221093122,0.9545081447044098,1.917283825335451,0.08944686719287012
observed renewals | le,same_home_prior,0.6439848346991977,0.13068839788118555,1.9040531191613304,1.473787436647382,2.459932952634748,8.323055182974718e-07
observed renewals | le,log_wins_market_12m,0.5209527689095503,0.10450390908631724,1.6836309970369818,1.3718018670447816,2.0663431084914885,6.195941456391168e-07
observed renewals | le,log_total_prior_wins,-0.18266508019636998,0.08315933884849237,0.8330471129958273,0.707754933495237,0.9805194702685219,0.028051367379464235
observed renewals | le,log_prior_wins_same_sector,0.6098556041133961,0.09429912839040719,1.840165667243809,1.5296352563910454,2.2137366857587524,9.980550025919888e-11
observed new needs | main,incumbent,3.0421517208934867,0.08870512980755019,20.95027391309651,17.606878797815057,24.928551055184162,9.28319518337357e-258
observed new needs | main,inc_other_market,1.1313005118369355,0.1627432064484708,3.0996850570714054,2.253137810644453,4.2642963992884315,3.6156237997612333e-12
observed new needs | main,same_home_prior,1.1967607456435099,0.0946540218371261,3.309379619347575,2.7490045459140924,3.983985214295587,1.2147882793005156e-36
observed new needs | main,log_wins_market_12m,0.6480884353951378,0.059908032338611826,1.9118826465060255,1.7000687510039585,2.1500867255234746,2.827109076900062e-27
observed new needs | main,log_total_prior_wins,-0.0008963610775905927,0.05340613903585519,0.9991040405339948,0.8998093300630526,1.1093560051676798,0.9866090471807557
observed new needs | main,log_prior_wins_same_sector,0.5291168634063906,0.0603881634746479,1.6974325816560984,1.5079574650626428,1.9107152794578293,1.9193539379543978e-18
observed new needs | plac,incumbent,3.4121318645746808,0.09740099898913922,30.32983448582583,25.05882113235533,36.70958242923244,7.383045806045223e-269
observed new needs | plac,inc_other_market,0.9266698457936537,0.15366886638209007,2.5260829093924984,1.8691408142903305,3.4139187461633926,1.636524221494174e-09
observed new needs | plac,same_home_prior,1.0129779652330742,0.09402338322956252,2.753789505852557,2.2903213474143427,3.3110448239522796,4.583020985929847e-27
observed new needs | plac,log_wins_market_12m,0.5795206292257727,0.05983868069032533,1.7851824613044847,1.5876212313484936,2.0073279175299694,3.501803587681537e-22
observed new needs | plac,log_total_prior_wins,0.0015385692782637584,0.0524035946423957,1.001539753483225,0.903777139376815,1.1098774621572063,0.9765774783804562
observed new needs | plac,log_prior_wins_same_sector,0.46469629598131956,0.059704955132936915,1.5915307611933223,1.4157714599722906,1.78910949643961,7.070625625226889e-15
observed new needs | plac,future_supplier_only,3.68593036402792,0.16596593661854173,39.88221016834121,28.807539130681114,55.2143895629634,2.8139338318856993e-109
observed new needs | le,inc_last,3.122013167475244,0.08614055253192356,22.69201652002988,19.166762986643697,26.865653532844057,1.2696052076857518e-287
observed new needs | le,inc_earlier,2.655038770952449,0.1547669919263502,14.225537586280153,10.503362739301902,19.266774331371842,5.759939187108261e-66
observed new needs | le,inc_other_market,1.1551891422775176,0.15753876507480946,3.1746238163242935,2.33126995167098,4.323067076787766,2.255119070417297e-13
observed new needs | le,same_home_prior,1.196734025738949,0.09382087015255343,3.3092911942213505,2.7534237030026474,3.977378489263497,2.9042866096257325e-37
observed new needs | le,log_wins_market_12m,0.6228241922278107,0.060029234900987244,1.8641854324205442,1.6572620808703755,2.096944935000167,3.2104109940946857e-25
observed new needs | le,log_total_prior_wins,0.015497222911522144,0.05343861294677623,1.0156179275935497,0.914623788409672,1.1277639920594364,0.7718158774543511
observed new needs | le,log_prior_wins_same_sector,0.5287678144535012,0.0600154327583542,1.6968401979823358,1.5085328654895913,1.9086535821374182,1.2455474042159877e-18
