sample,sigma,share_mean,OR_incumbent,OR_future,past_future,last_earlier
all,0.0,0.12696647859276472,1.0000704887797285,0.9906604229885554,1.016407515926926,1.0257902017814309
all,0.5,0.14774311317623628,1.2535303887903084,1.286539417623543,1.0067964159569276,1.081656338016512
all,1.0,0.21375705277132426,2.2734345222484516,2.2143204436995183,1.1247985690617415,1.2051955377995307
all,1.5,0.33265847992034525,5.353538647133375,4.656379530510544,1.3541938889490124,1.4490416687175172
all,2.0,0.4721374045801527,12.557566388615097,10.36981419359606,1.539453895041412,1.7902536288090296
all,2.5,0.6063060073016927,28.26830366352827,22.878505481127554,1.6848758276571085,2.0860462226975747
all,3.0,0.7046963159641554,57.48653213084749,43.69734552031033,1.8813868305760368,2.283090019621535
renewals,0.0,0.12046109510086456,1.0187711147784737,1.0195599172239063,1.0109081332609477,1.09430416701676
renewals,0.5,0.14103025936599425,1.2241191138565592,1.148110999582766,1.1028760278555436,1.021604629047029
renewals,1.0,0.21538184438040348,2.3351032195413177,2.2212769134180173,1.154120614822736,1.20061377918847
renewals,1.5,0.3420028818443804,5.229468751041452,5.081546922471182,1.2406998868174977,1.4634046429408218
renewals,2.0,0.502449567723343,12.680838850349081,12.209824878902385,1.3801764855355363,1.633229435594373
renewals,2.5,0.6535662824207492,27.54005296180253,31.425440618037726,1.3059428136697289,1.9594004887568257
renewals,3.0,0.7640489913544668,53.02379421135148,77.54364516713666,1.1982889429140406,2.2049271940778405
renewals,3.5,0.828242074927954,88.11644603115555,157.11278878528807,1.1572650545559005,2.462277343779791
renewals,4.0,0.8631484149855909,122.33180540361828,275.9204365328242,1.088335357969178,2.7432403355411523
renewals,4.5,0.8825648414985592,153.05805278754445,340.8623273280324,1.216896206750341,2.979590141347994
new needs,0.0,0.09876923076923078,1.0110149382162947,0.9656035518462254,1.0734546156896903,0.9787260929196295
new needs,0.5,0.1152923076923077,1.224883117897248,1.2403670150213693,1.0145685200938397,1.0443084343137792
new needs,1.0,0.17624615384615383,2.172621909531248,2.1522048546675445,1.0869216862071032,1.044379465331133
new needs,1.5,0.2792923076923076,4.70621951120279,4.43801389453918,1.1980565370345322,1.3312188070973978
new needs,2.0,0.40796923076923075,11.043916694424993,9.989535026325726,1.3438346015979492,1.4403569345663771
new needs,2.5,0.5340615384615385,24.75096400088473,22.403107495098062,1.4402734924955793,1.6378928983631398
