group,n_eligible,obs,null_mean,null_lo,null_hi,ratio,excess,p_upper
custom_software_web_mobile,488,0.2008196721311475,0.0556106557377049,0.0430327868852459,0.0676229508196721,3.6111725256098457,0.1452090163934426,0.0009990009990009
call_centre_helpdesk,19,0.3157894736842105,0.1782631578947368,0.1052631578947368,0.3157894736842105,1.771479185119575,0.1375263157894737,0.0299700299700299
GIS_city_information,230,0.3260869565217391,0.1464391304347826,0.117391304347826,0.1739130434782608,2.226774739467356,0.1796478260869565,0.0009990009990009
computers_peripherals,281,0.3274021352313167,0.1644341637010676,0.1423487544483986,0.1886120996441281,1.991083409081072,0.1629679715302491,0.0009990009990009
software_licences,602,0.3338870431893688,0.1392176079734219,0.1212624584717608,0.1561877076411959,2.398310443985729,0.1946694352159468,0.0009990009990009
education_technology,80,0.35,0.1676125,0.125,0.225,2.0881497501677977,0.1823874999999999,0.0009990009990009
network_datacentre_infrastructure,328,0.3841463414634146,0.1214756097560975,0.0975609756097561,0.1463414634146341,3.162333099086437,0.2626707317073171,0.0009990009990009
ERP_management_software,745,0.3919463087248322,0.1110885906040268,0.0966442953020134,0.1248657718120805,3.528231896666304,0.2808577181208054,0.0009990009990009
other_IT,112,0.3928571428571428,0.2332410714285714,0.2053571428571428,0.2678571428571428,1.684339470964284,0.1596160714285714,0.0009990009990009
smart_city_traffic_OT,58,0.396551724137931,0.3141724137931035,0.2758620689655172,0.3620689655172414,1.262210514762375,0.0823793103448275,0.0009990009990009
cybersecurity,161,0.3975155279503105,0.1855714285714285,0.1490683229813664,0.2236024844720497,2.142116008970111,0.2119440993788819,0.0009990009990009
physical_security_surveillance,182,0.4175824175824176,0.3174560439560439,0.2912087912087912,0.3461538461538461,1.3154023227235754,0.1001263736263736,0.0009990009990009
maintenance_support_services,375,0.536,0.1224453333333333,0.0986666666666666,0.1466666666666666,4.37746368447416,0.4135546666666667,0.0009990009990009
health_information_systems,1252,0.7156549520766773,0.4066629392971246,0.3913738019169329,0.4217252396166134,1.7598233891527313,0.3089920127795527,0.0009990009990009
