IKN,tender_title
2019/91770,TUZLA KART MOBİL UYGULAMA YAZILIMI ALIMI
2011/191177,ORACLE VERİTABANI YAZILIMININ BAKIMI VE GELİŞTİRİLMESİ
2012/184831,6 AY SÜRE İLE HBYS OTOMASYON HİZMET ALIMI
2016/75933,"Ses Hizmeti,IP PBX Santral, Faks Server Yazılım Hizmetleri Alımı"
2011/46549,Hastane Bilgi Yönetim Sistemi (HBYS) Hizmet Alımı
2014/25524,Nilüfer Belediyesi Yönetim Bilgi Sistemi satın
2018/672043,"HBYS PROGRAMI BAKIM , ONARIM VE TEKNİK DESTEĞİ HİZMETLERİ ALIMI"
2022/506310,Belediyemiz Birimlerinin Yazılım Lisans ve Abonelik Hizmet Alımı İşi
2020/706527,Hastanemizin İhtiyacı İçin 3 Aylık (Ocak-Şubat-Mart) Hastane Bilgi Yönetim Sistemi Hizmet Alımı
2022/429037,"36 AYLIK SAĞLIK BİLGİ YÖNETİM SİSTEMİ BAKIM,ONARIM VE GÜNCELLEME (KİRALAMA) HİZMETİ (PACS DAHİL-270 Kullanıcılı- 3 Elemanlı) ALIMI"
2022/15625,Bilişim teknolojileri işletme hizmet alımı işi
2012/83646,Erdemli Belediyesi Lisanslı Yazılım Mal Alım İşi
2022/1221162,Oracle Yazılımları Lisans Güncelleme Hakkı Ve İleri Düzey Teknik Destek Hizmeti
2016/174360,2016 Yılı; Ortak Sağlık Güvenlik Biriminden  İş Sağlığı ve Güvenliği Hizmet Alımı ve Web Tabanlı Sistem Alımı ve Kurulumu  İşi
2014/76948,BİLGİ GÜVENLİĞİ YÖNETİM SİSTEMİ HİZMETİ ALIMI
2019/429105,"Bilişim Malzemeleri, Sarf Malzemeler ve Telsiz"
2024/740203,Coğrafi Bilgi Sistemi Tabanlı Kent Bilgi Sistemi Yazılım Hizmet Alımı
2020/310392,KVKK KAPSAMINDA ALINMASI GEREKEN ÖNLEMLER NETİCESİNDE SİBER GÜVENLİK HİZMET ALIMI
2024/1480174,"Sanallaştırma,Yedekleme ve Datadomain Bakım , Teknik Destek ve Güncelleme Hizmet Alımı"
2013/129185,Web Tabanlı Ölçme Değerlendirme Programı
2014/109154,"SANALLAŞTIRMA SUNUCUSU,YAZILIMI,DEPOLAMA ÜNİTESİ,KABİNET,BİLGİSAYAR MALZEME ALIMI"
2021/72547,25 AYLIK YOĞUN BAKIM BİLGİ YÖNETİM SİSTEMİ HİZMET ALIMI
2015/159801,"2016 Yılı Bilgisayar Donanım, Yazılım ve Çevre Birimlerinin Parçalı Bakım- Onarım ve Teknik Destek Hizmet Alımı"
2018/179381,Elektronik Belge Yönetim Sistemi
2016/69884,MEVCUT YAZILIMLARIN GÜNCELLENMESİ VE EK LİSANS TEMİNİ HİZMET ALIMI İŞİ
2022/1240528,Esenler Kadın Doğum ve Çocuk Hastalıkları Hastanesi İhtiyacı Olan Hastane Bilgi Yönetim Sistemi (HBYS) Hizmet Alımı
2015/5695,2015 Yılı 1 Aylık (Mart) Hastane Bilgi Sistemi ve Dokümantasyon İşletmeciliği Hizmeti Alımı
2020/520972,"Merkezi Edinim, Envanter, Arıza ve Çağrı Yönetim Otomasyon Sistemi Yazılım Bakım, Onarım ve Teknik Destek"
2013/76025,2013 YILI TEMMUZ-AĞUSTOS-EYLÜL AYLARI İÇİN 2 (İKİ) PERSONEL İLE BİRLİKTE  3 AY SÜRELİ HASTANE BİLGİ YÖNETİM SİSTEMİ HİZMET ALIMI
2018/88878,Kocaeli Toplu Ulaşım Bilgi Sistemi İle Nasıl Giderim Mobil Uygulaması ve Destek Hizmeti
2018/315645,MEVCUT CAD ve GIS YAZILIMLARININ GÜNCELLENMESİ ve BAKIM HİZMETİ ALIMI
2014/40488,İstanbul İl Afet ve Acil Durum Müdürlüğü Bünyesinde İstka Programı “İstanbul Afet ve Acil Durum Tehlike ve Risklerin Sayısal Olarak Belirlenmesi Projesi”  Kapsamında Uygulama Yazılımı ve Veritabanı Alımı
2010/556959,DMO Genel Müdürlüğü Merkez ve Taşra Teşkilatı ile İstanbul Basım İşletme Müdürlüğü’nde kullanılmakta olan donanımlar ile yazılımların bakım ve onarım işi
2012/103549,7212BTG42192- BİLGİSAYAR MALZEMELERİ VE YAZILIM
2015/85987,Personel Devam Kontrol Sistemi Yazılım ve Donanımı
2024/1070113,DİJİTALLEŞTİRME HİZMETİ VE YAZILIM ALIMI İŞİ
2012/76762,HASTANE BİLGİ YÖNETİM SİSTEMİ İŞLETİMİ
2014/108615,Veri Tabanı Yönetim Sistemi ve İlgili Donanım
2018/96475,"SUNUCU, VERİ DEPOLAMA ÜNİTESİ, YAZILIM VE MUHTELİF BİLİŞİM MALZEMESİ"
2021/437005,QR OKUYUCULU TURNİKE GİRİŞ SİSTEMİ MOBİL UYGULAMASININ GELİŞTİRİLMESİ VE GÜNCELLENMESİ HİZMET ALIMI
2016/494308,Yunusemre Belediyesi Süreç Tabanlı Elektronik Belge Yönetim Sistemi (EBYS) Hizmet Alımı
2021/526187,YAZILIM LİSANSLARI TEMİNİ ALIMI İŞİ
2024/98105,12 Kalem Bilişim Malzemesi
2023/1597706,AFET BİLGİ SİSTEMİ UYGULAMALARINA ALTLIK SAĞLAYACAK VERİ HAVUZLARININ ENTEGRASYONUNUN VE SÜREKLİLİĞİNİN SAĞLANMASI İŞİ
2022/462972,"BAŞAKŞEHİRLİ MOBİL UYGULAMASI DESTEK, GELİŞTİRME, GÜNCELLEME ve VERİ YÖNETİMİ"
2015/159795,YURT MÜDÜRLÜKLERİNE YURT YÖNETİM SİSTEMİ DONANIMI ALIMI
2020/212703,"wwwekitapgovtr adlı e-kitap portalının ve e-kitap mobil uygulamasının yaptırılması ile portal ve mobil uygulamanın teslimini takip eden 2 yıl içerisinde çıkan hataların giderilmesi, yazılımın güncel ve işletime uygun tutulması amacıyla bakım desteği"
2011/188367,Hastane Bilgi Yönetim Sistemi
2014/178386,"Web Tabanlı Otomasyon Sistemi Kapsamında Bulunan Çağrı Merkezi, Kentli Servisi ile Yazılım, Elektronik Arşiv, Bilgi İşlem ve Teknik Hizmetlerinin Yürütülmesi İşi"
2022/542804,Hastane Bilgi Sistemi ana sunucusunun 24 aylık periyodik bakım ve onarımı İşi
2017/406036,Bilişim Malzemeleri
2023/617122,Okul Öncesi Eğitici Mobil Uygulama Yazılım Hizmeti
2012/174312,2013 Yılı 12 Aylık HBYS Kiralama Hizmeti Alımı İhalesi
2010/546463,Ç.Ü.Diş Hekimliği Fakültesi Bilişim Cihazları
2021/82167,ÖĞRENCİ BİLGİ SİSTEMİ YAZILIMI ALIMI
2013/93627,Kamu Denetçiliği Kurumu Elektronik Belge ve E-Başvuru Yönetim Sistemi Yazılımı
2013/52242,Kent Bilgi Sistemi 7 Personel
2012/79440,Osmangazi Belediyesi Yazılım Lisansları alımı
2015/148023,"Mevcut CAD ve GIS Yazılımlarının Güncellenmesi, Yeni Yazılımların Eklenmesi, Yerinde Destek ve Web Tabanlı Kent Bilgi Sistemi Kurulumu Projesi"
2013/79407,KÜMELENME DESTEK PROGRAMINA YÖNELİK YAZILIMI
2023/30990,"GÜLHANE EĞİTİM VE ARAŞTIRMA HASTANESİ 143 KALEM INŞAAT ,KIRTASİYE, TEMIZLIK, YEDEK PARÇA VE BİLİŞİM MALZEMESİ ALIMI"
2020/377082,Bilişim Alt Yapı ve Donanım Malzemeleri
2025/371978,3 Kalem Bilişim Sistemi Cihazı
2015/108619,Hastane Bilgi Yönetim Sistemi (HBYS) Hizmeti Alımı
2011/181927,HASTANE BİLGİ YÖNETİM SİSTEMİ HİZMETİ
2017/197300,Hastane Bilgi Yönetim Sistemi (HBYS) Alımı
2025/894638,"DOLMABAHÇE SARAYI MÜZESİ GÜVENLİK YÖNETİM SİSTEMİ MERKEZİ KURULUMU VE YILDIZ SARAYI TARİHİ ESER DEPOSU İÇİN KULLANILACAK OLAN BRÜT BETON BİNANIN DATA VE KAMERA SİSTEMLERİ ALTYAPISININ YAPILMASI
 MAL ALIMI İŞİ (MONTAJ DAHİL)"
2011/59544,Harita Yazılım Ürünü Alım İşi
2018/340540,"Bilişim Ürünlerinin Parçalı Bakım, Onarım Hizmeti ve Türkşeker Network Ağ Güvenliğinin Sağlanması İçin Güvenlik Ürünlerinin Güncellenmesi Hizmetinin Sağlanması İşi"
2012/87038,Server(sunucu) ve yazılım donanım malzemeleri
2019/269022,2019 YILI 6 AYLIK (01/07/2019-31/12/2019) HASTANE BİLGİ YÖNETİM SİSTEMİ (HBYS) HİZMET ALIMI
2016/275060,WEB TABANLI YÖNETİM BİLGİ SİSTEMİ KURULMASI HİZMET ALIMI İŞİ
2018/535961,COĞRAFİ BİLGİ SİSTEMİ YAZILIMI İÇİN LİSANS ALIMI
2022/666687,Bilişim Malzemesi Alımı
2011/168955,Hastane Bilgi Yönetim Sistemi ve Yazılım Destek Hizmeti Alımı
2025/2391498,"Dijital Eğitim, İçerik, Sertifika, Pazarlama, Destek ve Operasyonel Hizmetler ile CDN ve Veri Yazabilen Lms Player Yazılım Hizmeti"
2011/434,Lisans Yazılım Kullanım
2018/291494,BİLGİ SİSTEMLERİ GÜVENLİĞİ KAPSAMINDA ISO27001:2013 BİLGİ GÜVENLİĞİ YÖNETİM SİSTEMİ DANIŞMANLIK HİZMETLERİ VE YAZILIM ALIMI
2016/159386,Kütüphane elektronik materyalleri ile diğer bilgi ve belgenin Milli Kütüphane depolama alanlarında güvenli şekilde depolanmasını ve erişime sunulmasını sağlayacak bir materyal derleme sistemi yazılım programı
2011/200557,Hastane Bilgi Yönetim Sistemi Programı Hizmeti Alımı
2016/490392,AĞA BAĞLI DEPOLAMA ÜNİTESİ VE OMURGA ANAHTARLARI  YAZILIMI VE DONANIM
2015/40098,ESKİŞEHİR EMNİYET MÜDÜRLÜĞÜ KGYS (KENT GÜVENLİK YÖNETİM SİSTEMİ) KURULUMU
2016/569424,Elmadağ Dr Hulusi ALATAŞ Devlet Hastanesi 2017 Yılı 12 Aylık Sağlık Bilgi Yönetim Sistemi Hizmet Alımı
2025/2407471,TRAFİK YÖNETİM SİSTEMİ MALZEMELERİ ALIMI
2021/597073,HARİTA DESTEKLİ YAZILIM PROGRAMI
2010/563371,24 AY SÜRESİNCE HBYS
2025/2192248,YÖNETİM PANELİ YAZILIM HİZMET ALIM İŞİ
2022/946568,3 Ay süreli HBYS (Hastane Bilgi Yönetim Sistemi) Hizmet Alımı
2021/74980,BİYOLOJİK ÇEŞİTLİLİK ÇALIŞMALARIN DENETİMİ VE DESTEKLENMESİ PROJESİ VE EKOTABAN MOBİL UYGULAMASI KAPSAMINDA TERCÜME VE UYGULAMASI PROJELERİ KAPSAMINDA 3 ORMAN MÜHENDİSİ/ORMAN EÜNDÜSTRİ MÜHENDİSİ ÇALIŞTIRILMASI
2017/548780,"GÖZ KAYIT ÜNİTELERİNİN DEĞİŞİMİ (13 ADET YENİ NESİL GÖZ BİOMETRİ ÇİFT GÖZ, 5 ADET NİZAMİYE İÇİN KAYIT BİLGİSAYARI, MERKEZ KONTROL İÇİN ANA SERVER BİLGİSAYARI, LASER PRİNTER, YEDEK PARÇA MONTAJ, LİSANS, YAZILIM VB İŞLEMLER DAHİL"
2023/812972,VERİ MASKELEME VE ŞİFRELEME YAZILIMI
2013/38711,"2013 YILI KENT BİLGİ SİSTEMİ YAZILIMLARI YILLI BAKIM, DESTEK VE GELİŞTİRME"
2025/2060934,"Bilgi İşlem Bakım, Onarım, Yazılım Geliştirme ve Destek Hizmeti Alımı"
2023/1362867,Güvenlik Cihaz Lisansları ve Yazılım Lisansları Yenilemeleri
2017/309759,Elektronik Belge Yönetimi ve Doküman Arşiv Sistemi Yazılım
2011/97866,Açık ve Uzaktan Eğitim Fakültesine  Eğitim Portal Yazılım Hizmeti
2021/684908,"İnsan Kaynakları Yönetim Sistemi Üzerinde Yeni Modüllerin Geliştirilmesi, Dış Kurumlarla Entegrasyonun Sağlanması ile Bakım ve Destek Hizmet Alımı"
2020/485382,Lisans Alımı ve Yazılım Güvencesi Hizmet Alımı
2011/47384,Güvenlik Sistemi Güncellemesi ve Log Yönetim Sistemi Kurulması
2021/224968,Yoğun Bakım Bilgi Yönetim Sistemi
2021/154397,204 KALEM KIRTASİYE VE BİLİŞİM MALZEMELERİ
2011/168882,"Gümrük İdareleri Bilişim Sistemleri Donanım ve Altyapı Temini,Kurulumu 
ve İlave Data Ucu"
2010/553957,Hastane Bilgi Yönetim Sistemi Hizmet Alımı
2014/118658,VATANDAŞ İLİŞKİLERİ YÖNETİM SİSTEMİ PROJESİ HİZMET ALIMI
2024/567454,ANTİVİRÜS ve VERİ KAYBI ÖNLEME (DLP) YAZILIMI LİSANS ALIM İŞİ
2011/49623,VERİ DEPOLAMA MODERNİZASYONU VE SANALLAŞTIRMA PROJESİ KAPSAMINDA YAZILIM VE MALZEME
2014/151071,Yazılım ve Lisans Alımı
2025/1613182,2026 Yılı İçin Hastane Bilgi Yönetimi Sistemi (HBYS)  Hizmet Alımı
2022/952924,ÜNİVERSİTEMİZDE KULLANILMAK ÜZERE BİLİŞİM MALZEMESİ ALIMI
2026/147257,Güvenlik Uygulamaları Cihaz ve Yazılım Lisansları Yenilemeleri Mal Alımı
2013/106597,16 AY SÜRELİ İL SAĞLIK BİLGİ YÖNETİM SİSTEMİ
2018/103842,KOCASİNAN BELEDİYESİ HİZMETLERİNDE KULLANILMAK ÜZERE VERİ TABANI LİSANS ALINMASI
2022/1281546,2023 YILI HBYS ( HASTANE BİLGİ YÖNETİM VE OTOMASYON SİSTEMİ ) HİZMET ALIMI
2023/690930,SİSTEM VE SİBER TEHDİT İSTİHBARAT YAZILIM LİSANSI
2011/96392,Bilgi Teknolojileri Sistemine Bakım – Onarım ve Teknik Destek Hizmeti Alımı İşi
2015/76393,Kent Güvenliği - Kameraları (KEG-GAM) Yönetim Sistemi
2019/233915,Hastane Bilgi Yönetim Sistemi (HBYS)Hizmet Alımı
2013/64642,PROJE BAZLI İŞLERDE YAZILIM HİZMETİ ALIMI
2013/173553,SANALLAŞTIRMA LİSANSI VE YEDEKLEME YAZILIMI
2013/121356,Kamulaştırma Dijital Arşiv Yönetim Sistemi Yazılımı ve Geliştirilmesi Danışmanlık
2023/921562,WEB TABANLI İMAR BİLGİ SİSTEMİ HİZMETİ ALIMI
2022/955629,"İMAR PLANLARINDA TANIMLANMIŞ OLAN YENİ YOL AKSLARININ OLUŞTURULMASI, NUMARATAJ VERİLERİNİN KONTROLÜ VE TÜM YOLLARIN KAPLAMA BİLGİLERİNİN İŞLENMESİ VE BUNA GÖRE CBS YAZILIMININ DÜZENLENMESİ HİZMET ALIMI İŞİ"
2019/598075,İNTERNET GÜVENLİK DONANIMLARI VE YAZILIMLARI
2022/495124,İstanbul Emniyet Müdürlüğü Kent Güvenlik Yönetim Sistemi (KGYS) Malzeme Alımı
2020/101600,Iğdır İl Emniyet Müdürlüğü ve İlçeleri Kent Güvenlik Yönetim Sistemi Projesi Cihaz Tamir ve Değişim Garantili Bakım ve Onarım İşi
2013/55589,Rize Kent Güvenlik Yönetim Sistemi İçin Parçasız Bakım ve Onarım Hizmeti Alımı İşi
2022/233263,6698 Sayılı Kişisel Verileri Koruma Kanunu Gereği Veri Kaybını/sızıntısını Önleme (DLP) Amaçlı Yazılım Alım İşi
2014/3830,İdarede Mevcut Microsoft Ürünlerinin Yazılım Güvencelerinin Sürelerinin Uzatılması ve Yeni Lisansların Temini
2011/208686,HASTANE BİLGİ SİSTEMLERİ (HBYS)YAZILIM VE TEKNİK DESTEK PERSONELİ
2016/212176,3 Kalem Dijital Konferans ve Videowall  Sistemi ve Yazılım
2017/567770,YAZILIM ALIMI
2011/20489,Garanti ve Satış Sonrası Yeterlilik Belge İşlemleri Uygulama Yazılım Programı Bakım Hizmeti Alımı
2015/178707,"SAP TRM Uygulaması Lisans Güncelleme, Bakım, Destek ve BASIS Teknik Destek Hizmeti Alımı"
2024/1046929,Çankırı İl Sağlık Müdürlüğüne bağlı Sağlık Tesislerimiz için SBYS/HBYS/YBBYS (Sağlık Bilgi Yönetim Sistemi/Hastane  Bilgi Yönetim Sistemi ve Yoğun Bakım Bilgi Yönetim Sistemi)
2020/295667,Hastane Bilgi Yönetim Sistemi (HBYS) Hizmet Alımı
2011/44546,"Sulusaray İlçe Hastanesi 8 Ay Elemansız HBYS, LBYS VE VTYS Hizmet Alımı"
2020/179410,2 KISIM MOBİL CİHAZ YÖNETİM VE AĞ TABANLI DOSYA TİPİ ÇEVİRİCİ YAZILIM LİSANS KİRALAMASI
2014/93015,"Yazıcı, Kart Okuyucu ve Yazılım"
2025/1906763,Tunceli Valiliği İl Basın ve Halkla İlişkiler Müdürlüğünde Kullanılmak Üzere 31 Kalem Bilişim Malzemesi Alım İşi
2014/40823,Eğitim Yönetim Sistemi Yazılım Geliştirme Destek Hizmeti Ve Eğitim Portalı Sanal Sunucu Hizmeti
2025/73470,COĞRAFİ BİLGİ SİSTEMİ UYGULAMALARI SATIN ALIMI
2012/168432,INTERNET VE E-POSTA FİLTRELEME YAZILIMLARI TEMİNİ
2018/360312,HASTANE BİLGİ YÖNETİM SİSTEMİ ( HBYS )
2025/1293490,Müdürlüğümüze Bağlı Afyonkarahisar Devlet Hastanesinde bulunan Sistem Odası İçin Bilişim Sistemleri Donanım ve Bileşen Alımı (Montaj Dahil))
2017/225513,"Sosyal Hizmetler, Simurg, Eyüp Sempozyumu Web Sitesi Yazılımı, Tasarım ve İçerik Yönetim Sistemi ve Destek"
2013/46258,Elektronik Belge Yönetim Sistemi Bakım ve Yazılım Destek
2010/553624,"2011-2012 YILARA YAYGIN TEKNİK SERVİS BAKIM-ONARIM VE BİLGİSAYAR TEKNİK DESTEK HİZMET ALIMI
78 KİŞİ İLE 22 AYLIK"
2014/3700,EKS SERVİS VE YAZILIM HİZMETİ ALIMI
2012/149743,"Teşekkülümüz Merkez Ünitelerinin, 24 ay süreli Bilgisayar Donanımları Bakım-Onarım, İletişim ve İşletim Sistemi Yazılımları, Güvenlik Yazılım ve Donanımları için yerinde Sistem Destek ve Teknik Servis Hizmetleri"
2011/4477,BİLGİ GÜVENLİK YAZILIM VE DONANIMLARI İLE GÜNCELLEMELERİ
2025/2030080,BİLGİ İŞLEM DAİRESİ BAŞKANLIĞI BİLGİ İŞLEM ŞUBE MÜDÜRLÜĞÜNE ADOBE CREATIVE CLOUD YAZILIM ALIMI
2017/272685,SOSYAL MEDYA YAZILIM DESTEK HİZMET ALIM İŞİ
2025/357626,3 AYLIK HASTANE BİLGİ YÖNETİM SİSTEMİ HİZMETİ ALIMI (01/04/2025-30/06/2025 TARİHLERİ ARASI)
2012/61023,Web Tabanlı Yazılımlara Geçiş Projesi Kapsamında Tarım ve Personel Yazılımı
2011/67200,Yurt Yönetim Sistemi Yazılımı ve Kurulumu
2019/240909,HASTANE BİLGİ YÖNETİM SİSTEMİ (HBYS) HİZMETİ ALIMI İHALESİ
2021/408696,"Görev Yönetim Sistemi Donanım, Yazılım ve Personel Devam Kontrol sistemleri"
2017/203775,"ENTEGRE KENT BİLGİ SİSTEMİ KURULMASI AMAÇLI COĞRAFİ BİLGİ SİSTEMİ YAZILIM KÜTÜPHANESİ ve UYGULAMALARININ GELİŞTİRİLMESİ, BELEDİYE YÖNETİM BİLGİ SİSTEMİ UYGULAMA YAZILIMLARI, EBYS, DİGİTAL ARŞİV VE VERİ ENTEGRASYONU"
2024/553777,"2024-2025 Yılı (01/07/2024-30/06/2025) tarihleri arası Hastane Bilgi Yönetim Sistemi (HBYS), Hastane Web Modülleri ve Radyoloji Görüntü Arşivleme Sistemi (PACS) Yazılım, Teknik Destek, İşletme, Bakım, Onarım"
2017/89926,Vmware Vcenter Server Standard For Vsphere-Vmware Vsphere With Operations Management Enterprise-Veeam Backup And Replication Enterprise Lisans Güncelleme Hizmet Alımı
2013/93211,"Müdürlüğümüz ve bağlı Sağlık Kuruluşları için HBYS+LBYS, FATURALANDIRMA, İNSAN KAYNAKLARI, KETEM VE GEBE TAKİP SİSTEMİ MODÜLÜ"
2015/165956,"Dokunmatik ekran sistemlerinin, geniş ekran monitörlerin ve gerekli yazılımların temini"
2012/124686,GÜVENLİ UYGULAMA GELİŞTİRME KONTROL YAZILIMI ALIMI
2025/2282161,"2026 YILI MEVCUT İŞLETİM SİSTEMLERİ VE DONANIMLARIN BAKIM, ONARIM VE TEKNİK DESTEK HİZMETLERİ ALIMI"
2020/460716,"Ağ Ürünleri Bakım, Onarım ve Teknik Destek Hizmet Alımı"
2025/879941,VGM BİLİŞİM ALTYAPISINI İYİLEŞTİRME İŞİ
2014/76698,"36 AYLIK HASTANE BİLGİ YÖNETİM SİSTEMİ, BAKIM ONARIM VE GÜNCELLEME (KİRALAMA) HİZMETİ ALIMI"
2023/750204,"28 Aylık Hastane Bilgi Yönetim Sistemi (HBYS) Kiralama, Bakım, Onarım ve Destek Hizmet Alımı"
2021/217864,"BİLGİ İŞLEM DAİRESİ BAŞKANLIĞI BİLGİ İŞLEM ŞUBE MÜDÜRLÜĞÜNE HİZMET MASASI YÖNETİMİ, KULLANICI UZAKTAN DESTEK VE YAZILIM İZLEME YAZILIMI ALIMI"
2016/373314,ŞİŞLİ BELEDİYESİ COĞRAFİ BİLGİ SİSTEMİ ALTYAPISININ KURULMASI İŞİ
2016/253005,66 Adet Adobe Acrobat Professional İle 2 Adet Adobe Captivate Yazılım Lisansı Temini
2013/86893,ANTİVİRÜS YAZILIMI GÜNCELLEMESİ VE REPLİKASYON YAZILIM ALIMI
2015/4936,"Müdürlüğünüze Bağlı Spor Tesisleri ve Diğer Tesislere Turnike, Yazılım ve Sarf Malzemesi Alımı İşi"
2025/1790736,12 AYLIK DİŞ HEKİMLİĞİ BİLGİ SİSTEMİ HİZMET ALIMI
2016/504010,"Kurum bünyesinde kurulu olan Elektronik Belge Yönetim Sisteminin yazılım versiyon güncelleme, teknik destek ve bakım"
2023/1138966,36 Aylık Hastane Yönetim Bilgi Sistemi (HBYS) Hizmet Alımı İşi
2012/77708,OFFİCE YAZILIMI VE İŞLETİM SİSTEMİ ALIMI
2020/497654,HVBS KAYNAKLAR YÖNETİM SİSTEMİ SUNUCU VE YAN DONANIMLARI
2017/550183,BİLİŞİM DONANIMLARI PARÇALI BAKIM ve DESTEK
2014/70502,HBYS HİZMETİ  (2 AYLIK  TEMMUZ-AĞUSTOS)
2019/93021,Bilişim malzemeleri
2016/124107,SİNOP İL EMNİYET MÜDÜRLÜĞÜ KENT GÜVENLİK YÖNETİM SİSTEMİ 1 YILLIK BAKIM ONARIM İŞİ
2014/92914,6 Personel İle HBYS ve PACS Sistemi
2015/182770,2016 yılı 11 ay süre ile HBYS ve PACS Sistemi Hizmeti Alımı
2025/87344,"HARİTA DESTEKLİ TALEP ŞİKAYET YÖNETİM YAZILIMI GÜNCELLEME, SAHA YÖNETİM YAZILIMI VE ÇAĞRI MERKEZİ YAZILIMI ALIMI"
2018/331005,Yazılım Bakımı
2013/34698,"6 AYLIK HASTANE BİLGİ YÖNETİM SİSTEMİ DEVAMI, GELİŞTİRİLMESİ, GÜNCELLENMESİ, BAKIM-ONARIM VE TEKNİK DESTEĞİN SAĞLANMASI HİZMETİ ALIMI"
2017/183287,BİLİŞİM MALZEMESİ
2020/31541,HBYS HİZMET ALIMI
2017/79015,"Elektronik Belge Yönetim Sistemi (EBYS) Ve Akıllı Sicil Düzenleme Modülü (ASDM)                  Yazılım Sistemleri Alımı, Kurulumu ve Mevcut Sisteme Entegrasyonunun Sağlanması"
2013/160866,"Halk Sağlığı Müdürlüğü ve bağlı birimleri ile İlçe Devlet Hastaneleri 24 aylık Yönetim Bilgi Sistemi (Hbys,Lbys,BilgYönSist)"
2018/669807,2019 2019 YILI HBYS/KARAR DESTEK SİSTEMİ HİZMET ALIMI(12 AY) 1 PERSONEL
2022/1101760,ORACLE YAZILIM VE DONANIM ÜRÜNLERİ İÇİN İLERİ DÜZEY TEKNİK DESTEK
2022/876836,Sağlık Bilgi Yönetim Sistemi Hizmet Alım İşi 12 Ay Süreli
2014/86099,RESMİ WEB SİTESİ İLE BALIKESİR KENT PORTALI TASARIM VE YAZILIM İŞİ
2021/609053,36 Aylık Sağlık  Bilgi Yönetim Sistemi  Hizmeti Alım İhalesi
2020/740480,SUNUCU VE BİLGİSAYAR SİSTEMLERİ TEKNİK DESTEK HİZMET ALIM İŞİ
2013/190047,HASTANE BİLGİ YÖNETİM SİSTEMİ İLE GÖRÜNTÜ ARŞİVLEME (PACS) SİSTEMİ (2 KISIM)
2019/681380,Endüstriyel Kontrol Sistemleri(EKS) ve Kurumsal Bilişim Sistemlerinin tamamı için Güvenlik Analizi ve Testlerinin yaptırılması işi
2011/188960,EĞİL İLÇE DEVLET HASTANESİNE  BİLGİ YÖNETİMİ SİSTEMLERİNİN (HBYS) İŞLETİLMESİNE YÖNELİK PERSONEL HİZMET ALIMI
2016/349498,Muhtarlara Yönelik Muhtarlık Bilgi Sistemi Konulu Eğitim ve Organizasyonu Hizmet Alım İşi
2013/57057,Gemi Bilgi Sistemi (GEBİS) Malzemeleri
2014/35524,Lisans ve Yazılım
2013/171245,"SUNUCU, VERİ DEPOLAMA ÜNİTESİ VE SANALLAŞTIRMA YAZILIMI MAL ALIM İŞİ"
2023/1113889,İşletim Sistemi Ve Yazılım Lisansları Güncelleme
2023/620257,Blokzincir Tabanlı Sistemler Kullanılarak GBS Veri Tabanı Süreçlerinin Verimliliğin Artırılması Çalıştayı Hizmet Alımı
2011/84435,HASTANE BİLGİ YÖNETİM SİSTEMİNİN İŞLETİLMESİ
2016/43245,PLAKA TANIMA VE YÖNETİM SİSTEMİ
2021/125167,KARS İL MERKEZİ VE İLÇELERİNDE KULLANILMAKTA OLAN KENT GÜVENLİK YÖNETİM SİSTEMİ KGYS İLE İLGİLİ BAKIM VE ONARIM İŞİ
2022/1271744,"İNTERNET GÜVENLİK CİHAZI, İNTERNET GÜVENLİK KAYIT CİHAZI, YAZILIM ve LİSANS ALIMI"
2017/74428,KÜLTÜR MERKEZLERİ BİLET SATIŞ SİSTEMİ YAZILIMI
2016/246335,"Yönetim Bilgi Sistemi Yazılım Modülleri Alımı, Kurulumu ve Mevcut Sisteme Entegrasyonunun Sağlanması"
2011/186678,BİLİŞİM TEKNOLOJİLERİ ALANINA BİLGİSAYAR VE DİĞER DONANIMLARININ ALIMI
2017/286101,"MEB ÖLÇME, DEĞERLENDİRME VE YERLEŞTİRME HİZMETLERİ DAİRE BAŞKANLIĞI DEĞERLENDİRME BİRİMİNDE KULLANILMAKTA OLAN SINAV UYGULAMA VE DEĞERLENDİRME YAZILIMI 2017 YILI İÇİN 6 AYLIK GELİŞTİRME VE GÜNCELLEME"
2019/242106,Kurumsal Kaynak Planlama Bilgi Sistemi Projesi (KKPBSP) Alınması Hizmeti
2013/78329,"36 AY SÜRE İLE HASTANE BİLGİ YÖNETİM SİSTEMİ ve BİLGİSAYAR DONANIM, YAZILIM DESTEK PERSONELİ HİZMET ALIMI"
2011/9925,TCDD Genel Müdürlük  ile 2. Bölge Müdürlüğünde  kullanılmakta olan Elektronik Doküman Yönetim Sistemi ve  Arşiv Sistemi  (EDYS) yazılımının  10 (on) aylık  her türlü  bakım ve destek hizmet alımı
2023/1196834,2024 Yılı Hastane Bilgi Yönetim Sistemi 3 Personel ile 12 Aylık
2021/649145,"İstanbul Kent Güvenlik Yönetim Sistemi Sunucu, Kamera Kayıt Depolama Üniteleri, İletişim Cihazları, Ağ güvenlik Cihazları, Sanallaştırma Platformları, Veritabanları ve Yedekleme Sistemleri Bakım, Teknik Destek Hizmet Alımı"
2017/655324,2018 YILI 3 AYLIK HBYS HİZMET ALIMI
2023/708524,Yunusemre Belediye Başkanlığı Bilişim Lisansları ve Lisans Yenileme Hizmet Alımı
2024/763969,"Aktif Ağ Cihazları Donanım, Yazılım ve Lisans"
2016/5038,"3 Aylık (MART-NİSAN-MAYIS) Hastane Bilgi Yönetim Sistemi Yazılımları ve PACS (Görüntü arşivleme ve iletişim Sistemi), RBS (Röntgen Bilgi Sistemi)"
2020/92317,Kent Güvenlik Yönetim Sistemi  ve Plaka Tanıma Sistemleri Kurulum - Modernizasyon ve Genişleme Projesi
2025/470490,Bilişim Malzemeleri Alımı İşi
2014/163327,2015-2016-2017 Yılları (36 Ay) Hastane Bilgi Sistemi Kiralama Hizmeti Alımı
2024/1128834,HARİTA DESTEKLİ ÇAĞRI MERKEZİ TALEP ŞİKAYET YÖNETİMİ SOSYAL MEDYA TAKİBİ ANKET YÖNETİMİ TAKVİM YÖNETİMİ ENVANTER VE PROJE YÖNETİM YAZILIMI
2018/340937,Coğrafi Bilgi sistemi Yazılımının Yenilenmesi
2020/625181,Yazılım Geliştirilmesi ve Güncellenmesi Danışmanlık
2014/132306,"İZMİR BÜYÜKŞEHİR BELEDİYESİ'NE AİT RESMİ WEB SİTESİ, BELEDİYE TARAFINDAN YÖNETİLEN DİĞER WEB SİTELERİ, KENT PORTALI, KİOSK YAZILIMI GELİŞTİRİLMESİ, BAKIMI VE DESTEK"
2016/545918,"BİLGİSAYAR DONANIMI, AĞ ALTYAPISI VE YAZILIM SİSTEMLERİ YILLIK BAKIM, ONARIM 1 YILLIK HİZMET ALIMI İŞİ"
2012/23431,Yazılım Lisansları
2016/420576,TBB Yazılım Destek Hizmeti Alım İşi
2013/119476,"MICROSOFT LİSANS, RAPORLAMA YAZILIMI VE ANTİVİRÜS YAZILIMI ALIMI"
2020/626381,İL VE İLÇE SAĞLIK MÜDÜRLÜKLERİ VE BAĞLI SAĞLIK TESİSLERİMİZ İÇİN ANTİVİRÜS YAZILIMI LİSANS HİZMET ALIM İŞİ
2019/252258,Yazılım Lisansı Kiralanması
2016/331432,Kurumsal Eğitim Yönetimi Planlama Sitemi ve OSCE yazılımı
2019/725358,GÜVENLİK DUVARI (FIREWALL) SİSTEMİ VE 5651 LOGLAMA YAZILIMI
2025/2120286,2 KALEM BİLİŞİM MALZEMESİ ALIMI İHALESİ
2020/371403,Dijital fuarcılık yazılımı alımı işi
2018/232603,MUHTELİF BİLİŞİM MALZEMELERİ ALIMI İŞİ
2020/160715,"ISBN/ISSN/ISMN/Derleme Programı İle Materyal Sağlama Ve Satın Alma Bilgi Sistemi Programının Bakımı, Güncellenmesi ve Hizmet Desteği İşi"
2020/568096,MÜDÜRLÜĞÜMÜZE BAĞLI TEKİRDAĞ AĞIZ VE DİŞ SAĞLIĞI HASTANESİ İLE ÇORLU VE ÇERKEZKÖY AĞIZ VE DİŞ SAĞLIĞI MERKEZLERİ İÇİN 36 AY SÜREYLE HBYS/SBYS HİZMETİ ALIMI
2016/16652,ELEKTRONİK BELGE YÖNETİM SİSTEMİNİ TSE 13298 STANDARTLARINA GÖRE KURUMUMUZDA DEVREYE ALINMASI İŞİ
2020/333938,YAZILIM LİSANSI KİRALANMASI
2019/604614,BERGAMA NECLA-MİTHAT ÖZTÜRE DEVLET HASTANESİ VE KINIK DEVLET HASTANESİ 2020 YILI İLK 3 AYLIK HASTANE BİLGİ YÖNETİM SİSTEMİ (HBYS) VE PACS (RADYOLOJİK GÖRÜNTÜ YÖNETİM SİSTEMİ) İLE ELEKTRONİK ORTAMDA YÜRÜTÜLMESİ HİZMETİ ALIMI
2021/180646,KIRŞEHİR MERKEZ VE 6 İLÇESİNDE KENT GÜVENLİK YÖNETİM SİSTEMİ PROJESİ CİHAZ TAMİR VE DEĞİŞİM GARANTİLİ 1 YILLIK PERİYODİK BAKIM VE ONARIM HİZMET ALIM İŞİ
2023/381030,MUHTELİF PROJELERDE KULLANILMAK ÜZERE BİLİŞİM MALZEMESİ ALIMI İŞİ
2013/38491,"İl Afet Bilgi Sistemi Altyapısı Oluşturulması İçin Gerekli Yazılım, Donanım, Eğitim ve Kurulum Hizmeti"
2016/118795,"IP Telefon Makinesi,PRI Kartı Ve Yazılım Mal Alım İşi"
2017/188294,HASTANE BİLGİ YÖNETİM SİSTEMİ HİZMETİ (HBYS) ALIMI
2017/430787,Kütüphane Otomasyon Sistemi Alımı
2012/191184,2 Personel ile Hastane Bilgi Yönetim Sistemi (HBYS) Veri Tabanı Yönetim Sistemi (VTYS) Yazılımı Hizmet Alımı
2021/413122,Oracle VTYS Ürün Güncelleme-Bakım-İleri Düzey Teknik Destek ile Veri Tabanı Makineleri (Exadata) ve Yedekleme Ünitesi (ZFS) Parça Dahil Donanım Bakımı
2014/145136,"VERİ TABANI SUNUCUSU, KURULUMU, İŞLETİM SİSTEMİNİN YÜKLENMESİ, CLUSTER ALTYAPISININ HAZIRLANMASI, VERİ TABANI VE CLUSTER KURULUMU"
2018/588548,Oracle Yazılımları Lisans Güncelleme Hakkı ve İleri Düzey Teknik Destek Hizmeti
2015/27039,"TC Orman ve Su İşleri Bakanlığı Merkez Teşkilatı Bilgisayar, Yazıcı ve Tarayıcılarının Periyodik Parçasız Bakım, Onarım ve Teknik Destek Hizmet Alımı"
2011/99184,"El Terminalı, Termal Yazıcı ve Yazılım Alımı"
2013/118636,BİLGİ MERKEZİ MODERNİZASYON PROJESİ GELENEKSEL KÜTÜPHANE YAZILIMI HİZMET ALIMI
2019/409141,BİLİŞİM ALT YAPI MALZEMELERİ ALIMI VE MONTAJLANMASI
2018/441805,İletişim Yönetim Sistemi
2020/550547,BİLİŞİM TEKNOLOJİSİ ATÖLYESİ ALIMI 38 KALEM MALZEME ALIMI
2017/566690,ÇORLU BELEDİYESİ WEB TABANLI COĞRAFİ BİLGİ SİSTEMİ UYGULAMA YAZILIMI VE ENTEGRASYON ÇALIŞMALARI HİZMET ALIMI
2019/239182,Üniversitemiz birimlerinde kullanılmak üzere Microsoft yazılımının 1 yıllığına Lisans Anlaşması Alımı
2016/379843,Bilgi Güvenliği ve Adli Bilişim Hizmeti Alımı İşi
2025/1340589,MERKEZİ KİMLİK ERİŞİM VE AYRICALIKLI HESAP YÖNETİMİ YAZILIM (PAM-NAC-WAF) ALIMI İŞİ
2019/622196,2020 YILI 6 AYLIK (01.01.2020 -30.06.2020) HASTANE BİLGİ YÖNETİM SİSTEMİ (HBYS) HİZMET ALIMI
2018/494298,WEB TABANLI COĞRAFİ YÖNETİM BİLGİ SİSTEMİ YAZILIMI HİZMET ALIM İŞİ
2025/1607492,Kurumsal Web ve Mobil Yazılım Alımı İşi
2015/61455,ELEKTRONİK BELGE YÖNETİM SİSTEMİ (EBYS)
2022/48043,"Sunucu Bakım, Onarım ve Teknik Destek Hizmet Alımı"
2025/2084852,2026 YILI SAYFA BAŞI BASKI HİZMETİ İLE BASKI YÖNETİM YAZILIMI LİSANS YENİLEME VE DESTEK HİZMETİ ALIMI
2017/566519,Hastane Bilgi Yönetim Sistemi (HBYS) Hizmet Alımı
2013/50579,Çukurova Belediyesi Yazılım Lisansları Alımı
2011/170004,HBYS( 3 personel  ile Hastane  Bilgi Yönetim Sistemi Kullanım İşi)
2016/84085,BİLİŞİM SİSTEMLERİ TAŞIMA
2016/193760,BİLGİSAYAR YAZILIM LİSANSI ALIMI
2013/111551,Tümas Sistem Güncellemesi Donanım Yazılım ve Hizmet Alımı
2019/48616,Müdürlüğümüze Bağlı Sağlık Tesisleri için Laboratuvar Bilgi Yönetim Sistemi (LBYS) Hizmet Alımı
2011/171492,"2012-2013 Mali Yılları 24 Aylık 2 Teknik Elemanlı 36 Terminalli Bilgisayar Donanımında Kullanılmak Üzere Tam Otomasyon (HBYS+VTYS) PACS ile Uygulama Sunucusu (Server), Teknik Servis, Eğitim, Bakım, Kullanım ve Destek"
2014/110728,Birlik Genel Sekreterliğimize Bağlı Sağlık Tesislerine Hastane Bilgi Yönetim Sistemi ( HBYS ) Yazılım Geliştirme ve Danışmanlık Hizmet Alımı
2019/586527,"SİSTEM GÜVENLİK YAZILIM LİSANSI, SUNUCU SİSTEMLERİ GARANTİ DESTEK VE SANALLAŞTIRMA YAZILIM LİSANSLARI, BİLGİSAYAR VE SUNUCU ANTİVİRÜS YAZILIM LİSANSLARI GÜNCELLEME İŞİ"
2022/161986,47 KALEM MUHTELİF KIRTASİYE VE BİLİŞİM SARF MALZEMESİ
2018/695190,E- Kampüs Otomasyon Sistemi Bakım ve Onarımı
2022/1122314,2023 Yılı 12 Aylık Hastane Bilgi Yönetim Sistemi (HBYS)
2015/135086,"ÇEVRE VE ŞEHİRCİLİK BAKANLIĞI COĞRAFİ BİLGİ SİSTEMLERİ GENL MÜDÜRLÜĞÜ ENTEGRE ÇEVRE BİLGİ SİSTEMİ UYGULAMA GELİŞTİRME, KİMLİK YÖNETİMİ, TEKNİK DESTEK VE EĞİTİM İŞLERİ"
2012/38072,ELEKTORNİK BELGE YÖNETİM SİSTEMİ YAZILIMI ALIMI İŞİ
2012/143617,MİCROSOFT YAZILIM LİSANSLARININ ALINMASI
2021/702472,12 AY SÜRELİ HASTANE BİLGİ YÖNETİM SİSTEMİ (HBYS) HİZMETİ
2021/85042,COĞRAFİ BİLGİ SİSTEMİ SUNUCU VE MASAÜSTÜ UYGULAMA ALIM İŞİ
2023/931133,2 Adet Disk Ünitesinin (3par Storage) Teknik Destek ve Bakımı Hizmeti
2017/507307,Başkanlığımız tanıtım işlerinde kullanılmak üzere 2 adet LED ekran ve buna bağlı donanım ile yazılımın satın alınması işi
2020/668988,Türkiye Belediyeler Birliği Kurumsal Web Sitesinin Yeniden Yapılması Yazılım ve Tasarım Hizmet Alım İşi
2014/45407,ORACLE VERİTABANI YÖNETİM SİSTEMLERİ LİSANSI
2020/13063,"SİSTEM,DONANIM,BAKIM, SUNUCU YAZILIMI GÜNCELLEME VE TEKNİK DESTEK"
2025/884881,"1 ADET SUNUCU, KİŞİSEL TİP BİLGİSAYAR SİSTEMLERİ VE PAKET YAZILIMLARI (KURUMSAL SİSTEM YAZILIMLARI) LİSANS GÜNCELLEMESİ"
2025/535267,6 Kalem Lisans ve Yazılım Güvencesi Üyelik Anlaşması Lisans Alımı
2021/166550,"ÇEVRİMİÇİ PROJE ONAY, DAĞITIM BAĞLANTI VE ÖN MÜŞTERİ HİZMETLERİ YAZILIMLARI YÖNETİM SİSTEM YAZILIMI"
2017/642157,PLC OTOMASYON SİSTEMİ GÜNCELLEME VE TEKNİK SERVİS BAKIM HİZMETİ
2018/529300,İZMİR BÜYÜKŞEHİR BELEDİYESİ BİRİMLERİNCE (EŞREFPAŞA BELEDİYE HASTANESİ DE DAHİL ) KULLANILMAKTA OLAN YAZILIMLAR İÇİN YAZILIM GELİŞTİRME VE DESTEK
