pair_id,decision
1,same
2,same
3,different
4,different
5,same
6,same
7,different
8,same
9,different
10,same
11,different
12,different
13,unclear
14,same
15,same
16,same
17,same
18,different
19,same
20,same
21,same
22,same
23,same
24,same
25,different
26,same
27,same
28,same
29,same
30,same
31,same
32,same
33,same
34,same
35,same
36,same
37,same
38,same
39,same
40,same
41,same
42,same
43,same
44,same
45,same
46,same
47,same
48,same
49,unclear
50,same
51,same
52,same
53,same
54,same
55,same
56,same
57,same
58,same
59,same
60,same
