category,rule_n_all,rule_n_with_complete_AI,rule_n_AI_disagreement,AI_common_n,rule_n_common_subset,matches,precision_vs_AI_common,recall_vs_AI_common
ERP_management_software,36,36,7,20,29,20,0.6896551724137931,1.0
GIS_city_information,17,17,1,17,16,16,1.0,0.9411764705882353
call_centre_helpdesk,3,3,0,4,3,3,1.0,0.75
computers_peripherals,22,22,1,23,21,17,0.8095238095238095,0.7391304347826086
custom_software_web_mobile,29,29,8,18,21,10,0.47619047619047616,0.5555555555555556
cybersecurity,14,14,4,18,10,9,0.9,0.5
education_technology,8,8,3,9,5,5,1.0,0.5555555555555556
health_information_systems,69,69,1,69,68,68,1.0,0.9855072463768116
maintenance_support_services,16,16,1,22,15,9,0.6,0.4090909090909091
network_datacentre_infrastructure,27,27,2,15,25,14,0.56,0.9333333333333333
other_IT,4,4,0,7,4,0,0.0,0.0
physical_security_surveillance,14,14,1,12,13,11,0.8461538461538461,0.9166666666666666
smart_city_traffic_OT,1,1,0,3,1,1,1.0,0.3333333333333333
software_licences,40,40,5,29,35,28,0.8,0.9655172413793104
