replication,null_incumbency
1,0.21487204249154998
2,0.21487204249154998
3,0.21873491067117334
4,0.22114920328343796
5,0.21680347658136165
6,0.2233220666344761
7,0.21583775953645581
8,0.21294060840173828
9,0.21825205214872043
10,0.2172863351038146
11,0.21680347658136165
12,0.2165620473201352
13,0.2184934814099469
14,0.2213906325446644
15,0.2153549010140029
16,0.22187349106711735
17,0.22356349589570257
18,0.22090777402221148
19,0.21680347658136165
20,0.2165620473201352
21,0.21511347175277643
22,0.22066634476098504
23,0.2141477547078706
24,0.21511347175277643
25,0.22042491549975857
26,0.2146306132303235
27,0.21559633027522937
28,0.2184934814099469
29,0.2153549010140029
30,0.21559633027522937
31,0.21318203766296476
32,0.21680347658136165
33,0.21197489135683245
34,0.2225977788507967
35,0.2122163206180589
36,0.21801062288749395
37,0.22187349106711735
38,0.21680347658136165
39,0.2093191694833414
40,0.21487204249154998
41,0.21173346209560598
42,0.2122163206180589
43,0.21897633993239982
44,0.21511347175277643
45,0.22356349589570257
46,0.21873491067117334
47,0.21294060840173828
48,0.22718493481409946
49,0.21704490584258812
50,0.22114920328343796
51,0.21318203766296476
52,0.21632061805890873
53,0.21921776919362626
54,0.22235634958957026
55,0.2146306132303235
56,0.21945919845485273
57,0.21487204249154998
58,0.20956059874456784
59,0.21873491067117334
60,0.21921776919362626
61,0.21897633993239982
62,0.21752776436504104
63,0.2213906325446644
64,0.2221149203283438
65,0.22163206180589087
66,0.21438918396909706
67,0.2153549010140029
68,0.21366489618541767
69,0.2177691936262675
70,0.21970062771607918
71,0.21028488652824723
72,0.2122163206180589
73,0.22066634476098504
74,0.21704490584258812
75,0.21752776436504104
76,0.2160791887976823
77,0.21559633027522937
78,0.2245292129406084
79,0.2213906325446644
80,0.20956059874456784
81,0.21511347175277643
82,0.2153549010140029
83,0.21945919845485273
84,0.21921776919362626
85,0.21487204249154998
86,0.21873491067117334
87,0.21583775953645581
88,0.21245774987928537
89,0.22018348623853212
90,0.21994205697730565
91,0.21873491067117334
92,0.21825205214872043
93,0.21559633027522937
94,0.21945919845485273
95,0.2153549010140029
96,0.21487204249154998
97,0.2184934814099469
98,0.21269917914051184
99,0.2146306132303235
100,0.2177691936262675
101,0.2134234669241912
102,0.21873491067117334
103,0.21366489618541767
104,0.2221149203283438
105,0.21511347175277643
106,0.21511347175277643
107,0.2225977788507967
108,0.21269917914051184
109,0.21583775953645581
110,0.2172863351038146
111,0.22163206180589087
112,0.21487204249154998
113,0.21970062771607918
114,0.21583775953645581
115,0.21897633993239982
116,0.2184934814099469
117,0.21801062288749395
118,0.21704490584258812
119,0.2172863351038146
120,0.21318203766296476
121,0.21825205214872043
122,0.22066634476098504
123,0.21438918396909706
124,0.21390632544664415
125,0.21970062771607918
126,0.2141477547078706
127,0.22018348623853212
128,0.2165620473201352
129,0.21438918396909706
130,0.21704490584258812
131,0.2245292129406084
132,0.21897633993239982
133,0.21945919845485273
134,0.21245774987928537
135,0.2122163206180589
136,0.21873491067117334
137,0.21366489618541767
138,0.21897633993239982
139,0.2233220666344761
140,0.21897633993239982
141,0.21632061805890873
142,0.2153549010140029
143,0.2146306132303235
144,0.21511347175277643
145,0.21390632544664415
146,0.22477064220183487
147,0.21318203766296476
148,0.2153549010140029
149,0.21801062288749395
150,0.21921776919362626
151,0.21390632544664415
152,0.21318203766296476
153,0.22283920811202318
154,0.22018348623853212
155,0.21318203766296476
156,0.22235634958957026
157,0.21970062771607918
158,0.21366489618541767
159,0.21970062771607918
160,0.22090777402221148
161,0.21873491067117334
162,0.21994205697730565
163,0.2146306132303235
164,0.21704490584258812
165,0.2225977788507967
166,0.21970062771607918
167,0.21149203283437953
168,0.21801062288749395
169,0.20907774022211492
170,0.21921776919362626
171,0.21245774987928537
172,0.21752776436504104
173,0.2184934814099469
174,0.21704490584258812
175,0.21994205697730565
176,0.2172863351038146
177,0.2146306132303235
178,0.21970062771607918
179,0.2172863351038146
180,0.22090777402221148
181,0.22018348623853212
182,0.21921776919362626
183,0.21680347658136165
184,0.21438918396909706
185,0.2221149203283438
186,0.21487204249154998
187,0.22428778367938193
188,0.2257363592467407
189,0.2213906325446644
190,0.22042491549975857
191,0.21945919845485273
192,0.21945919845485273
193,0.22042491549975857
194,0.22235634958957026
195,0.21583775953645581
196,0.21511347175277643
197,0.22066634476098504
198,0.2257363592467407
199,0.21897633993239982
200,0.21801062288749395
201,0.21921776919362626
202,0.2225977788507967
203,0.22283920811202318
204,0.2160791887976823
205,0.21897633993239982
206,0.2153549010140029
207,0.21970062771607918
208,0.21511347175277643
209,0.2160791887976823
210,0.21825205214872043
211,0.21559633027522937
212,0.21945919845485273
213,0.2165620473201352
214,0.2146306132303235
215,0.21680347658136165
216,0.21511347175277643
217,0.22066634476098504
218,0.22187349106711735
219,0.22018348623853212
220,0.21511347175277643
221,0.21921776919362626
222,0.22163206180589087
223,0.2141477547078706
224,0.21970062771607918
225,0.21825205214872043
226,0.2184934814099469
227,0.21752776436504104
228,0.21052631578947367
229,0.22090777402221148
230,0.21632061805890873
231,0.21294060840173828
232,0.21752776436504104
233,0.21559633027522937
234,0.21680347658136165
235,0.2177691936262675
236,0.22501207146306132
237,0.2153549010140029
238,0.22066634476098504
239,0.21390632544664415
240,0.2153549010140029
241,0.22018348623853212
242,0.22066634476098504
243,0.21825205214872043
244,0.21487204249154998
245,0.2172863351038146
246,0.2213906325446644
247,0.2172863351038146
248,0.21921776919362626
249,0.2165620473201352
250,0.21390632544664415
251,0.21873491067117334
252,0.21897633993239982
253,0.22090777402221148
254,0.21511347175277643
255,0.21994205697730565
256,0.22308063737324965
257,0.21873491067117334
258,0.21390632544664415
259,0.2160791887976823
260,0.21245774987928537
261,0.21632061805890873
262,0.2233220666344761
263,0.21970062771607918
264,0.2146306132303235
265,0.2141477547078706
266,0.21318203766296476
267,0.22187349106711735
268,0.21438918396909706
269,0.22404635441815549
270,0.2177691936262675
271,0.2141477547078706
272,0.2153549010140029
273,0.21921776919362626
274,0.21825205214872043
275,0.22477064220183487
276,0.2225977788507967
277,0.20956059874456784
278,0.22428778367938193
279,0.21970062771607918
280,0.21752776436504104
281,0.2184934814099469
282,0.21487204249154998
283,0.2066634476098503
284,0.2141477547078706
285,0.21583775953645581
286,0.21390632544664415
287,0.2165620473201352
288,0.22090777402221148
289,0.22018348623853212
290,0.21897633993239982
291,0.22066634476098504
292,0.21825205214872043
293,0.2225977788507967
294,0.22090777402221148
295,0.21994205697730565
296,0.21970062771607918
297,0.21680347658136165
298,0.22501207146306132
299,0.22187349106711735
300,0.2177691936262675
301,0.22694350555287301
302,0.22187349106711735
303,0.21825205214872043
304,0.21632061805890873
305,0.2221149203283438
306,0.2221149203283438
307,0.22163206180589087
308,0.2165620473201352
309,0.21801062288749395
310,0.21752776436504104
311,0.21752776436504104
312,0.21873491067117334
313,0.21752776436504104
314,0.21511347175277643
315,0.21994205697730565
316,0.21680347658136165
317,0.22549492998551424
318,0.22114920328343796
319,0.21559633027522937
320,0.21704490584258812
321,0.2233220666344761
322,0.22018348623853212
323,0.22597778850796715
324,0.22066634476098504
325,0.21704490584258812
326,0.21921776919362626
327,0.22042491549975857
328,0.2221149203283438
329,0.2177691936262675
330,0.21945919845485273
331,0.22428778367938193
332,0.22501207146306132
333,0.2233220666344761
334,0.2141477547078706
335,0.2213906325446644
336,0.21366489618541767
337,0.2245292129406084
338,0.21559633027522937
339,0.21680347658136165
340,0.22621921776919363
341,0.2160791887976823
342,0.21438918396909706
343,0.2221149203283438
344,0.21970062771607918
345,0.21897633993239982
346,0.22187349106711735
347,0.21825205214872043
348,0.21752776436504104
349,0.2153549010140029
350,0.21100917431192662
351,0.21873491067117334
352,0.21438918396909706
353,0.21873491067117334
354,0.21945919845485273
355,0.2184934814099469
356,0.21487204249154998
357,0.21438918396909706
358,0.21583775953645581
359,0.2153549010140029
360,0.21511347175277643
361,0.22042491549975857
362,0.21632061805890873
363,0.21487204249154998
364,0.21438918396909706
365,0.2134234669241912
366,0.21149203283437953
367,0.2122163206180589
368,0.21921776919362626
369,0.2177691936262675
370,0.22066634476098504
371,0.2146306132303235
372,0.21704490584258812
373,0.21583775953645581
374,0.2165620473201352
375,0.21945919845485273
376,0.22018348623853212
377,0.2160791887976823
378,0.21028488652824723
379,0.22042491549975857
380,0.22090777402221148
381,0.2225977788507967
382,0.21994205697730565
383,0.21873491067117334
384,0.21873491067117334
385,0.2160791887976823
386,0.21680347658136165
387,0.21438918396909706
388,0.21897633993239982
389,0.21318203766296476
390,0.21921776919362626
391,0.2165620473201352
392,0.21921776919362626
393,0.21487204249154998
394,0.21945919845485273
395,0.21149203283437953
396,0.22163206180589087
397,0.2213906325446644
398,0.2233220666344761
399,0.21318203766296476
400,0.21559633027522937
401,0.22187349106711735
402,0.20956059874456784
403,0.21704490584258812
404,0.21825205214872043
405,0.2141477547078706
406,0.22308063737324965
407,0.2172863351038146
408,0.21825205214872043
409,0.21511347175277643
410,0.2172863351038146
411,0.2184934814099469
412,0.2165620473201352
413,0.2146306132303235
414,0.21559633027522937
415,0.22066634476098504
416,0.21559633027522937
417,0.21052631578947367
418,0.2153549010140029
419,0.2172863351038146
420,0.22114920328343796
421,0.21149203283437953
422,0.22308063737324965
423,0.21873491067117334
424,0.21511347175277643
425,0.22042491549975857
426,0.21559633027522937
427,0.2141477547078706
428,0.21825205214872043
429,0.2165620473201352
430,0.21873491067117334
431,0.21559633027522937
432,0.21487204249154998
433,0.21559633027522937
434,0.2153549010140029
435,0.223804925156929
436,0.21318203766296476
437,0.20883631096088845
438,0.21390632544664415
439,0.2146306132303235
440,0.2146306132303235
441,0.2213906325446644
442,0.22163206180589087
443,0.2225977788507967
444,0.223804925156929
445,0.21921776919362626
446,0.22308063737324965
447,0.21583775953645581
448,0.2146306132303235
449,0.22477064220183487
450,0.21752776436504104
451,0.21559633027522937
452,0.21583775953645581
453,0.21438918396909706
454,0.21680347658136165
455,0.22308063737324965
456,0.22018348623853212
457,0.21825205214872043
458,0.21294060840173828
459,0.21438918396909706
460,0.22163206180589087
461,0.21511347175277643
462,0.22283920811202318
463,0.21970062771607918
464,0.21680347658136165
465,0.21873491067117334
466,0.2172863351038146
467,0.21438918396909706
468,0.2213906325446644
469,0.21752776436504104
470,0.21487204249154998
471,0.21801062288749395
472,0.2146306132303235
473,0.21994205697730565
474,0.22018348623853212
475,0.2172863351038146
476,0.21994205697730565
477,0.2153549010140029
478,0.21632061805890873
479,0.2165620473201352
480,0.2233220666344761
481,0.2160791887976823
482,0.2184934814099469
483,0.2153549010140029
484,0.2165620473201352
485,0.21897633993239982
486,0.22163206180589087
487,0.2252535007242878
488,0.21873491067117334
489,0.21801062288749395
490,0.22114920328343796
491,0.22066634476098504
492,0.20714630613230323
493,0.21897633993239982
494,0.20907774022211492
495,0.2172863351038146
496,0.22187349106711735
497,0.2165620473201352
498,0.2177691936262675
499,0.2165620473201352
500,0.21945919845485273
501,0.22114920328343796
502,0.21511347175277643
503,0.21559633027522937
504,0.22018348623853212
505,0.21366489618541767
506,0.21994205697730565
507,0.21149203283437953
508,0.22114920328343796
509,0.21873491067117334
510,0.21873491067117334
511,0.2160791887976823
512,0.21583775953645581
513,0.21704490584258812
514,0.2225977788507967
515,0.2141477547078706
516,0.2184934814099469
517,0.2122163206180589
518,0.22501207146306132
519,0.21704490584258812
520,0.21897633993239982
521,0.2165620473201352
522,0.22235634958957026
523,0.21438918396909706
524,0.2221149203283438
525,0.21511347175277643
526,0.21173346209560598
527,0.2213906325446644
528,0.208594881699662
529,0.21873491067117334
530,0.2184934814099469
531,0.2172863351038146
532,0.22235634958957026
533,0.22114920328343796
534,0.21921776919362626
535,0.21825205214872043
536,0.21173346209560598
537,0.21704490584258812
538,0.2146306132303235
539,0.21704490584258812
540,0.21994205697730565
541,0.21487204249154998
542,0.21269917914051184
543,0.22187349106711735
544,0.22090777402221148
545,0.2177691936262675
546,0.21245774987928537
547,0.21752776436504104
548,0.21318203766296476
549,0.22018348623853212
550,0.21487204249154998
551,0.22066634476098504
552,0.21801062288749395
553,0.21076774505070014
554,0.2160791887976823
555,0.2213906325446644
556,0.21487204249154998
557,0.21873491067117334
558,0.21825205214872043
559,0.21269917914051184
560,0.2177691936262675
561,0.2177691936262675
562,0.2165620473201352
563,0.2098020280057943
564,0.2141477547078706
565,0.21970062771607918
566,0.21438918396909706
567,0.21897633993239982
568,0.21921776919362626
569,0.21704490584258812
570,0.21173346209560598
571,0.21825205214872043
572,0.2177691936262675
573,0.22356349589570257
574,0.2153549010140029
575,0.2213906325446644
576,0.21921776919362626
577,0.2221149203283438
578,0.21076774505070014
579,0.21970062771607918
580,0.22090777402221148
581,0.21632061805890873
582,0.2172863351038146
583,0.2160791887976823
584,0.2177691936262675
585,0.21994205697730565
586,0.21897633993239982
587,0.21825205214872043
588,0.22621921776919363
589,0.21511347175277643
590,0.21994205697730565
591,0.22018348623853212
592,0.22428778367938193
593,0.22742636407532593
594,0.2160791887976823
595,0.21873491067117334
596,0.21173346209560598
597,0.21511347175277643
598,0.21438918396909706
599,0.21511347175277643
600,0.21511347175277643
601,0.21438918396909706
602,0.21825205214872043
603,0.2146306132303235
604,0.22308063737324965
605,0.21294060840173828
606,0.21970062771607918
607,0.21873491067117334
608,0.2177691936262675
609,0.21390632544664415
610,0.21583775953645581
611,0.21801062288749395
612,0.21197489135683245
613,0.2177691936262675
614,0.22018348623853212
615,0.2184934814099469
616,0.2172863351038146
617,0.2172863351038146
618,0.2122163206180589
619,0.21559633027522937
620,0.22283920811202318
621,0.22090777402221148
622,0.2165620473201352
623,0.21028488652824723
624,0.21487204249154998
625,0.22549492998551424
626,0.21752776436504104
627,0.2172863351038146
628,0.22042491549975857
629,0.2134234669241912
630,0.21028488652824723
631,0.21438918396909706
632,0.22090777402221148
633,0.21825205214872043
634,0.21318203766296476
635,0.21583775953645581
636,0.22163206180589087
637,0.223804925156929
638,0.2122163206180589
639,0.21318203766296476
640,0.21945919845485273
641,0.21438918396909706
642,0.22428778367938193
643,0.21752776436504104
644,0.22283920811202318
645,0.22114920328343796
646,0.22066634476098504
647,0.21897633993239982
648,0.2165620473201352
649,0.21680347658136165
650,0.20787059391598262
651,0.21801062288749395
652,0.2146306132303235
653,0.2165620473201352
654,0.2177691936262675
655,0.21583775953645581
656,0.22308063737324965
657,0.21752776436504104
658,0.2134234669241912
659,0.22404635441815549
660,0.22114920328343796
661,0.21945919845485273
662,0.2184934814099469
663,0.21945919845485273
664,0.21559633027522937
665,0.2172863351038146
666,0.21438918396909706
667,0.22235634958957026
668,0.21438918396909706
669,0.22042491549975857
670,0.21752776436504104
671,0.21801062288749395
672,0.21487204249154998
673,0.21970062771607918
674,0.2134234669241912
675,0.2160791887976823
676,0.21559633027522937
677,0.22235634958957026
678,0.2225977788507967
679,0.21873491067117334
680,0.22090777402221148
681,0.20762916465475614
682,0.21511347175277643
683,0.223804925156929
684,0.2172863351038146
685,0.2172863351038146
686,0.22235634958957026
687,0.2160791887976823
688,0.2177691936262675
689,0.21487204249154998
690,0.2146306132303235
691,0.22018348623853212
692,0.21945919845485273
693,0.21921776919362626
694,0.2160791887976823
695,0.21897633993239982
696,0.21632061805890873
697,0.22042491549975857
698,0.2225977788507967
699,0.21873491067117334
700,0.2153549010140029
701,0.21945919845485273
702,0.2252535007242878
703,0.21173346209560598
704,0.21318203766296476
705,0.21825205214872043
706,0.21390632544664415
707,0.21366489618541767
708,0.21052631578947367
709,0.21970062771607918
710,0.21873491067117334
711,0.21825205214872043
712,0.22187349106711735
713,0.2153549010140029
714,0.2233220666344761
715,0.2165620473201352
716,0.22235634958957026
717,0.2160791887976823
718,0.2165620473201352
719,0.22114920328343796
720,0.21438918396909706
721,0.21632061805890873
722,0.22066634476098504
723,0.21801062288749395
724,0.21511347175277643
725,0.21752776436504104
726,0.22042491549975857
727,0.21970062771607918
728,0.21897633993239982
729,0.21704490584258812
730,0.22163206180589087
731,0.2146306132303235
732,0.21752776436504104
733,0.21704490584258812
734,0.2177691936262675
735,0.21994205697730565
736,0.2177691936262675
737,0.2160791887976823
738,0.21632061805890873
739,0.22090777402221148
740,0.21680347658136165
741,0.22163206180589087
742,0.21294060840173828
743,0.21704490584258812
744,0.21897633993239982
745,0.22187349106711735
746,0.22308063737324965
747,0.21632061805890873
748,0.22066634476098504
749,0.21994205697730565
750,0.21680347658136165
751,0.21704490584258812
752,0.2177691936262675
753,0.21970062771607918
754,0.2213906325446644
755,0.22163206180589087
756,0.21487204249154998
757,0.21366489618541767
758,0.22042491549975857
759,0.2177691936262675
760,0.21269917914051184
761,0.21583775953645581
762,0.22308063737324965
763,0.21897633993239982
764,0.2141477547078706
765,0.21825205214872043
766,0.21559633027522937
767,0.21994205697730565
768,0.22042491549975857
769,0.2146306132303235
770,0.2160791887976823
771,0.21704490584258812
772,0.21245774987928537
773,0.21994205697730565
774,0.22404635441815549
775,0.21100917431192662
776,0.2172863351038146
777,0.21632061805890873
778,0.22018348623853212
779,0.21487204249154998
780,0.2177691936262675
781,0.21945919845485273
782,0.22308063737324965
783,0.21318203766296476
784,0.21801062288749395
785,0.2141477547078706
786,0.22283920811202318
787,0.21511347175277643
788,0.21438918396909706
789,0.21245774987928537
790,0.21873491067117334
791,0.21559633027522937
792,0.21559633027522937
793,0.21801062288749395
794,0.21897633993239982
795,0.21487204249154998
796,0.21921776919362626
797,0.2153549010140029
798,0.21801062288749395
799,0.21873491067117334
800,0.21704490584258812
801,0.20690487687107678
802,0.2184934814099469
803,0.21945919845485273
804,0.22042491549975857
805,0.2245292129406084
806,0.22283920811202318
807,0.21801062288749395
808,0.21752776436504104
809,0.21921776919362626
810,0.21704490584258812
811,0.21583775953645581
812,0.2146306132303235
813,0.2122163206180589
814,0.2233220666344761
815,0.21801062288749395
816,0.21366489618541767
817,0.22018348623853212
818,0.21511347175277643
819,0.2153549010140029
820,0.21511347175277643
821,0.21945919845485273
822,0.21970062771607918
823,0.2172863351038146
824,0.2225977788507967
825,0.2141477547078706
826,0.21511347175277643
827,0.22114920328343796
828,0.22404635441815549
829,0.21583775953645581
830,0.21752776436504104
831,0.21318203766296476
832,0.2177691936262675
833,0.21487204249154998
834,0.2184934814099469
835,0.21680347658136165
836,0.21825205214872043
837,0.22597778850796715
838,0.22477064220183487
839,0.22163206180589087
840,0.2146306132303235
841,0.21970062771607918
842,0.2165620473201352
843,0.22308063737324965
844,0.21390632544664415
845,0.2146306132303235
846,0.21173346209560598
847,0.21921776919362626
848,0.2146306132303235
849,0.21752776436504104
850,0.21583775953645581
851,0.2177691936262675
852,0.2213906325446644
853,0.21970062771607918
854,0.21994205697730565
855,0.21632061805890873
856,0.21704490584258812
857,0.21511347175277643
858,0.21970062771607918
859,0.21632061805890873
860,0.21704490584258812
861,0.2177691936262675
862,0.2177691936262675
863,0.2093191694833414
864,0.2160791887976823
865,0.21897633993239982
866,0.2122163206180589
867,0.21970062771607918
868,0.21680347658136165
869,0.2160791887976823
870,0.22066634476098504
871,0.21873491067117334
872,0.22018348623853212
873,0.21897633993239982
874,0.22018348623853212
875,0.2213906325446644
876,0.21704490584258812
877,0.2184934814099469
878,0.21294060840173828
879,0.223804925156929
880,0.21897633993239982
881,0.22235634958957026
882,0.2153549010140029
883,0.21680347658136165
884,0.2146306132303235
885,0.21366489618541767
886,0.2245292129406084
887,0.2160791887976823
888,0.2233220666344761
889,0.2134234669241912
890,0.21438918396909706
891,0.223804925156929
892,0.21970062771607918
893,0.2122163206180589
894,0.2141477547078706
895,0.2165620473201352
896,0.21511347175277643
897,0.21294060840173828
898,0.21825205214872043
899,0.208594881699662
900,0.22090777402221148
901,0.22018348623853212
902,0.21438918396909706
903,0.2213906325446644
904,0.2233220666344761
905,0.21294060840173828
906,0.21487204249154998
907,0.21680347658136165
908,0.21897633993239982
909,0.21559633027522937
910,0.21680347658136165
911,0.2172863351038146
912,0.21704490584258812
913,0.2184934814099469
914,0.21970062771607918
915,0.22235634958957026
916,0.2177691936262675
917,0.22066634476098504
918,0.21318203766296476
919,0.2184934814099469
920,0.22066634476098504
921,0.22066634476098504
922,0.21583775953645581
923,0.22042491549975857
924,0.21269917914051184
925,0.22283920811202318
926,0.21873491067117334
927,0.22018348623853212
928,0.21511347175277643
929,0.21801062288749395
930,0.22163206180589087
931,0.22018348623853212
932,0.21825205214872043
933,0.21921776919362626
934,0.21970062771607918
935,0.2233220666344761
936,0.21197489135683245
937,0.2165620473201352
938,0.21173346209560598
939,0.22187349106711735
940,0.2184934814099469
941,0.22549492998551424
942,0.22187349106711735
943,0.21945919845485273
944,0.21511347175277643
945,0.2172863351038146
946,0.21752776436504104
947,0.21970062771607918
948,0.2122163206180589
949,0.21173346209560598
950,0.2213906325446644
951,0.21245774987928537
952,0.21632061805890873
953,0.2122163206180589
954,0.21632061805890873
955,0.21825205214872043
956,0.22018348623853212
957,0.21970062771607918
958,0.21511347175277643
959,0.2141477547078706
960,0.21945919845485273
961,0.21583775953645581
962,0.2165620473201352
963,0.21632061805890873
964,0.21125060357315306
965,0.21752776436504104
966,0.21873491067117334
967,0.2134234669241912
968,0.22090777402221148
969,0.21632061805890873
970,0.2172863351038146
971,0.2165620473201352
972,0.22235634958957026
973,0.21921776919362626
974,0.21921776919362626
975,0.21680347658136165
976,0.22235634958957026
977,0.21245774987928537
978,0.2221149203283438
979,0.21680347658136165
980,0.21559633027522937
981,0.21680347658136165
982,0.22090777402221148
983,0.2153549010140029
984,0.21945919845485273
985,0.2221149203283438
986,0.21438918396909706
987,0.21921776919362626
988,0.21559633027522937
989,0.22018348623853212
990,0.21583775953645581
991,0.22114920328343796
992,0.22042491549975857
993,0.22308063737324965
994,0.22114920328343796
995,0.21921776919362626
996,0.21487204249154998
997,0.21269917914051184
998,0.21970062771607918
999,0.21825205214872043
1000,0.2165620473201352
