urun_pazari,sektor_v3,IKN,ihale_adi
ERP_management_software,Diğer Kamu,2013/121784,Stratejik Yönetim ve Kurumsal Risk Yönetim Sistemi
ERP_management_software,Altyapı/Ulaşım,2025/1881678,TEİAŞ Mobil Operasyon Yönetim Sistemi (MOYS) Bakım ve Teknik Destek
ERP_management_software,Belediye/Yerel,2017/321517,Muhtar Otomasyon ve Bilgi Sistemi Yazılımı Hizmet Alım İşi
ERP_management_software,Belediye/Yerel,2011/154705,Fethiye Şehir Stadyum Otomasyon Sistemi Malzeme Alım İşi
ERP_management_software,Diğer Kamu,2021/291803,Niğde Ketençimen Kayak Merkezi Akıllı Geçiş  Yönetim Sistemi Hizmet Alımı İşi
ERP_management_software,Sağlık,2017/628398,"Restoran Otomasyonu, Yönetim Sistemi ve Kurumsal Kaynak Planlama Projesi Yazılımı"
GIS_city_information,Belediye/Yerel,2016/321235,"Coğrafi Bilgi Sistemi (CBS) Tabanlı Karar Destek Sistemi Alt Yapısı ile Haşere Mücadelesi, Sokak Hayvanlarının Toplanması ve Rehabilitasyonu ile ilgili Personel Çalıştırılması Hizmet Alımı işi"
GIS_city_information,Belediye/Yerel,2012/154700,İZMİR BÜYÜKŞEHİR BELEDİYESİ VE YETKİ ALANINDAKİ İLÇE BELEDİYE BİRİMLERİNCE KULLANILMAKTA OLAN COĞRAFİ BİLGİ SİSTEMİ YAZILIMLARI İÇİN YAZILIM GELİŞTİRME VE BAKIM HİZMETİ ALIMI
GIS_city_information,Belediye/Yerel,2018/315645,MEVCUT CAD ve GIS YAZILIMLARININ GÜNCELLENMESİ ve BAKIM HİZMETİ ALIMI
GIS_city_information,Altyapı/Ulaşım,2015/118548,DHMİ GENEL MÜDÜRLÜĞÜ MEKANSAL BİLGİ SİSTEMİ TABANLI GÖRSEL DESTEKLİ ENVANTER PROJESİ
GIS_city_information,Belediye/Yerel,2013/144328,"Kent Bilgi Sistemi Yazılımları Bakım, Geliştirme ve Program Desteği, Bilgisayar ve Network Sistemleri Bakım ve Personel Dahil Bakım Hizmet Alımı"
GIS_city_information,Belediye/Yerel,2016/208686,COĞRAFİ BİLGİ SİSTEMİ (CBS) ve UYGULAMA YAZILIMLARI ALIMI HİZMETİ İŞİ
IT_staffing_data_entry,Sağlık,2013/185489,13 İŞÇİ İLE 1 AYLIK BİLGİ SİSTEMİ KULLANIM ELEMANI
IT_staffing_data_entry,Sağlık,2011/169077,DİŞ HEKİMLİĞİ FAKÜLTESİNİN 01.01.2012-31.12.2012 TARİHLERİ ARASI 16(ONALTI) İŞÇİ İLE  BİLGİSAYAR ORTAMINDA HASTA BİLGİLERİ VERİ GİRİŞİ
IT_staffing_data_entry,Sağlık,2011/8223,"Bilgi İşlem Teknik destek ve bakımı,Bilgi Sistemi Kullanımı ve Halkla İlişkiler ile Danışma"
IT_staffing_data_entry,Sağlık,2013/146816,ONDOKUZ MAYIS ÜNİVERSİTESİ DİŞ HEKİMLİĞİ FAKÜLTESİ AĞIZ VE DİŞ SAĞLIĞI EĞİTİM VE ARAŞTIRMA HASTANESİNİN 01/01/2014-31/12/2014 TARİHLERİ ARASI 22(YİRMİİKİ) İŞÇİ İLE BİLGİSAYAR ORTAMINDA HASTA BİLGİLERİ VERİ GİRİŞİ
IT_staffing_data_entry,Sağlık,2014/57032,"Sekreterliğimize bağlı Beylikdüzü ADSM, Avcılar ADSM ve bağlı Yeşilova Semt Polikliniği'ne 3 Ay Süre ile 22 Bilgi Sistemi Kullanım Elemanı, 2 Network Donanım Tek.Des.,2 Teknik Destek, 14 Güvenlik  ,14 kişi ile Malzeme Dahil Temizlik Hizmet Alımı"
IT_staffing_data_entry,Sağlık,2013/182080,Gercüş Devlet Hastanesine 10  Kişilik HBYS Veri Kayıt Personeli Alımı İşi
call_centre_helpdesk,Eğitim,2016/267987,"Üniversitemiz Bağlı Birimlerinin 2016-2017 Yılı 7 Ay Veri Giriş Hizmeti, Çağrı Merkezinin Veri Giriş Hizmeti ve Proje Bazlı İşlerde Teknik Destek  Hizmeti"
call_centre_helpdesk,Belediye/Yerel,2018/282713,ÇAĞRI MERKEZİ YAZILIM
call_centre_helpdesk,Altyapı/Ulaşım,2022/709336,ALO 123 TALEP YÖNETİM SİSTEMİ VE ÇAĞRI MERKEZİ DESTEK HİZMET ALIMI
call_centre_helpdesk,Belediye/Yerel,2022/1425314,"HARİTA DESTEKLİ ÇAĞRI MERKEZİ, DİJİTAL SANTRAL YÖNETİMİ, SOSYAL MEDYA, TALEP ŞİKAYET YÖNETİMİ VE SAHA YÖNETİM YAZILIMI İŞİ"
call_centre_helpdesk,Sosyal/Maliye,2015/124405,Vergi İletişim Merkezinde Kullanımda Olan Çağrı Merkezi Uygulama Yazılım ve Lisanslarının Bakım-Onarım ve Güncellenmesi
call_centre_helpdesk,Belediye/Yerel,2023/483925,Alo 153 Sunucu ve Sanallaştırma Yazılım Hizmeti
computers_peripherals,Eğitim,2015/72045,"İstanbul Üniversitesi Rektörlüğü Merkez Binasına Profesyonel Ses, Görüntü, Başkan Delege ve Tercüme Sistemi ve Otomasyon Sistemi Alımı ve Kurulumu"
computers_peripherals,Sağlık,2019/151362,REYHANLI DEVLET HASTANESİ BİLİŞİM MALZEMELERİ ALIMI
computers_peripherals,Belediye/Yerel,2022/1514518,BELEDİYEMİZ MİSAFİRHANESİ İÇİN KAPI KİLİT SİSTEMİ VE BİLİŞİM MALZEMESİ
computers_peripherals,Sağlık,2022/369782,2022 YILI 3 KALEM BİLİŞİM MALZEMESİ ALIMI
computers_peripherals,Sağlık,2015/100069,ATATÜRK EĞİTİM VE ARAŞTIRMA HASTANESİ İÇİN HIMMS PROJESİ KAPSAMINDA BİLİŞİM MALZEMELERİ ALIMI
computers_peripherals,Belediye/Yerel,2015/167268,Bilişim Malzemeleri
custom_software_web_mobile,Diğer Kamu,2025/475614,İdaremiz iş ve işlemlerinde kullanılmak üzere E-ruhsat yazılımı
custom_software_web_mobile,Diğer Kamu,2014/39111,KURUMSAL RAPORLAMA YAZILIM
custom_software_web_mobile,Diğer Kamu,2023/1023573,VERİ GÜVENLİĞİ YAZILIMI
custom_software_web_mobile,Eğitim,2022/833425,Yazılım Alımı
custom_software_web_mobile,Sosyal/Maliye,2025/116806,"Yapay Zeka ile Gerçek Zamanlı Şiddet/Kavga ve Düşme, Yerde Hareketsiz Kalma Analizi Hizmet Alımı İşi"
custom_software_web_mobile,Sağlık,2021/793501,DENİZLİ SERVERGAZİ DEVLET HASTANESİ DONANIM VE YAZILIM ALIMI
cybersecurity,Tarım/Çevre,2013/157732,Çevre ve Şehircilik Bakanlığı Bilgi Güvenliği Yönetim Sistemi (BGYS) ve Veri Sızıntısı Engelleme Sistemi Kurulması için Danışmanlık Hizmet Alımı İşi
cybersecurity,Diğer Kamu,2023/702911,SİBER GÜVENLİK OPERASYON MERKEZİ (SOC)
cybersecurity,Diğer Kamu,2018/70740,TS ISO/IEC 27001:2013 BİLGİ GÜVENLİĞİ YÖNETİM SİSTEMİ KURULUMU HİZMETİ ALIMI
cybersecurity,Savunma,2019/49377,"4 KISIM ADLİ BİLİŞİM, MOBİL İNCELEME VE SİBER SUÇ SORUŞTURMA MALZEMELERİ"
cybersecurity,Sosyal/Maliye,2022/971998,"40 ADET DİZÜSTÜ  BİLGİSAYAR, 40 ADET  OFFICE  EDITÖR  PROGRAMI  VE  40 ADET ANTİVİRÜS YAZILIMI ALIMI"
cybersecurity,Güvenlik/İçişleri,2013/54919,Bilişim Güvenlik Duvarı
education_technology,Eğitim,2012/122697,"ÖĞRENCİ İŞLERİ, PERSONEL İŞLERİ VE EVRAK TAKİP YAZILIMI HİZMET ALIMI"
education_technology,Diğer Kamu,2019/582744,"Kurumsal İntranet, Kurum İçi/Kurum Dışı Sınav Başvuru Sistemi ve Uzaktan Eğitim Sistemi Yazılım Bakım Desteği Alımı"
education_technology,Diğer Kamu,2012/101732,"Milli Kütüphane Felaket Kurtarma, Sanallaştırma ve Arşiv Platformu İçin Gerekli Olan Donanım ve Yazılım"
education_technology,Eğitim,2022/346977,Microsoft Eğitim Yazılım İşi
education_technology,Güvenlik/İçişleri,2015/135806,ÖĞRENCİ BİLGİ YÖNETİM SİSTEMİ YAZILIM HİZMET ALIMI İŞİ
education_technology,Eğitim,2025/1146594,Uzaktan Eğitim Yönetim Sistemi Hizmet
health_information_systems,Sağlık,2016/566787,2017 YILI 3 AYLIK HBYS HİZMETİ ALIMI İHALESİ
health_information_systems,Sağlık,2025/1481729,36 AYLIK 3 KISIM HBYS YAZILIMI HİZMETİ ALIMI İŞİ
health_information_systems,Sağlık,2014/165373,"HBYS İşletim, Bakım, Onarım ve Destek Hizmeti"
health_information_systems,Sağlık,2013/98317,Web Tabanlı Laboratuvar Bilgi Yönetim Sistemi ve LBYS İş Zekası Platformu Hizmet Alımı
health_information_systems,Sağlık,2022/81213,HASTANE BİLGİ YÖNETİM SİSTEMİ (HBYS) HİZMETİ ALIMI
health_information_systems,Sağlık,2022/305112,"Hastane Bilgi Yönetim Sistemi(HBYS) Yazılım Programının 3 Aylık Kullanım, Bakım, Onarım ve Destek Hizmeti Alımı"
maintenance_support_services,Güvenlik/İçişleri,2015/45013,"Kart Kişiselleştirme Sistemi Parçalı Bakım, Onarım ve Teknik Destek Hizmetleri"
maintenance_support_services,Sağlık,2013/22661,"Genel Sekreterliğimize Bağlı Bitlis Devlet Hastanesine ait 7 (Yedi) Teknik Eleman ve 3 (üç) Bilgisayar Teknik  Elaman İle 9 (Dokuz ) Aylık (01.04.2013-31.12.2013 Tarihleri Arası) Teknik Servis, Bakım-Onarım Ve Teknik Destek Hizmet Alımı İşi"
maintenance_support_services,Sağlık,2019/261793,GÜLHANE MEDİKAL TASARIM VE ÜRETİM MERKEZİ (METÜM ) İÇİN YAZILIM GÜNCELLEME VE MODÜL ALIMI
maintenance_support_services,Diğer Kamu,2025/798352,Logo Ürünleri Bakım Onarım Destek Yazılım Geliştirme Hizmeti Alımı
maintenance_support_services,Belediye/Yerel,2012/147787,DONANIM VE YAZILIMLARIN 2013 YILI BAKIM VE TEKNİK DESTEK HİZMET ALIMI
maintenance_support_services,Sosyal/Maliye,2015/62610,Yazılım destek hizmeti alımı
network_datacentre_infrastructure,Savunma,2022/554644,300 SAAT VERİ TABANI VE UYGULAMA SUNUCULARI DESTEK HİZMETİ
network_datacentre_infrastructure,Belediye/Yerel,2012/175131,Restaurant Otomasyon Sistemi Database Sunucu Alımı İşi
network_datacentre_infrastructure,Belediye/Yerel,2021/279091,Belediyemiz Yeni Hizmet Binasına Bilişim Sistemi Ağ Alt Yapısı İçin  Malzeme Alımı
network_datacentre_infrastructure,Belediye/Yerel,2022/1276778,"20 AYLIK İNTERNET, İLETİŞİM VE BİLİŞİM ALTYAPI HİZMETİ ALIMI İŞİ"
network_datacentre_infrastructure,Sağlık,2014/18335,Babaeski Devlet Hastanesi'ne 4 Kalem Network Altyapısı Cihazları ve Yazılım
network_datacentre_infrastructure,Belediye/Yerel,2016/368164,OTOMASYON SİSTEMİ VERİ KONSOLİDASYONU İŞİNİN SİSTEM ALTYAPISI KURULUMU
other_IT,Belediye/Yerel,2012/174561,Belediyemizin Katılacağı Cebit Bilişim Fuarında Stand Kurulumu ve İç Dizaynının Düzenlenmesi  İşi
other_IT,Eğitim,2017/615282,"RİZE ARDEŞEN FIRTINA VADİSİ MESLEKİ VE TEKNİK ANADOLU LİSESİ İÇİN 
BİLİŞİM TEKNOLOJİLERİ SINIFI MALZEMELERİ ALIMI İŞİ"
other_IT,Sağlık,2019/279491,MÜDÜRLÜĞÜMÜZ VE MÜDÜRLÜĞÜMÜZE BAĞLI SAĞLIK TESİSLERİNE AİT 34 KALEM BİLİŞİM VE KIRTASİYE MALZEME ALIMI İŞİ
other_IT,Altyapı/Ulaşım,2022/608871,1 Yıl Süreyle 21 Bilişim Personeli Hizmet Alımı İşi
other_IT,Sağlık,2016/226010,7 KİŞİ İLE 12 AY SÜRELİ VERİ TABANI GELİŞTİRME VE AR-GE  PROJELERİNE YÖNELİK PERSONEL HİZMET ALIMI
other_IT,Sağlık,2022/788857,8 KALEM BİLİŞİM SARF MALZEMESİ ALIMI İŞİ
physical_security_surveillance,İl Özel/Taşra,2017/284601,Uşak İl Emniyet Müdürlüğü Kent Güvenlik Yönetim Sistemi Malzeme Alımı işi
physical_security_surveillance,Belediye/Yerel,2018/517274,"KULP İLÇESİ KULP ÇOK PROGRAMLI ANADOLU LİSESİ, GÜVENLİK OKUL PROJESİ KAPSAMINDA KENT GÜVENLİK YÖNETİM SİSTEMİ (KGYS) ENTEGRE EDİLEBİLEN KAMERALARLA DONATILMASI İŞİ"
physical_security_surveillance,Güvenlik/İçişleri,2023/537645,TEKİRDAĞ İL EMNİYET MÜDÜRLÜĞÜ ÇORLU İLÇESİ KENT GÜVENLİK YÖNETİM SİSTEMİ PLAKA TANIMA NOKTASI MODERNİZASYON PROJESİ
physical_security_surveillance,Eğitim,2019/302812,ERÜ Kampüs Güvelik Yönetim Sistemi (Mobese) Kamera Sistemleri Bakım ve Onarımı
physical_security_surveillance,Güvenlik/İçişleri,2022/1114463,Kent Güvenlik Yönetim Sistemi Projesi Malzeme
physical_security_surveillance,Güvenlik/İçişleri,2025/641209,Edirne İl Merkezi ve İlçeleri Kent Güvenlik Yönetim Sistemi PTS Genişlemesi
smart_city_traffic_OT,Altyapı/Ulaşım,2025/632944,İçme Suyu Scada Sistemi (Spectrum Power 5) İşletme Teknik Destek Hizmet Alımı İşi
smart_city_traffic_OT,Belediye/Yerel,2021/147893,Çeliktepe Otoparkının Otomasyon Sistemi Malzemelerinin Alım işi
smart_city_traffic_OT,İl Özel/Taşra,2025/2335425,Araç Takip ve Filo Yönetim Sistemi Hizmet Alım İşi
smart_city_traffic_OT,Diğer Kamu,2020/491581,"YALVAÇ BELEDİYESİ’NE BAĞLI YOL ÜSTÜ İŞGALİYE ALANLARI VE KAPALI OTOPARK BÖLGELERİNDEKİ ALANLARINDA KULLANILACAK OLAN SİSTEM, YAZILIM VE CİHAZ ALIMI"
smart_city_traffic_OT,Belediye/Yerel,2023/591874,FİLO YÖNETİM SİSTEMİ TEMİNİ VE MONTAJI
smart_city_traffic_OT,Belediye/Yerel,2013/36757,ÖN ÖDEMELİ ELEKTRONİK KARTLI SU SAYACI VE ABONE YÖNETİM SİSTEMİ ALIMI
software_licences,Sosyal/Maliye,2016/404600,Yazılım Lisans Güncelleme ve Ek Lisans
software_licences,Eğitim,2013/81195,"Dumlupınar Üniversitesi birimlerinde kullanılan tüm bilgisayarlar için Microsoft yazılım ürünlerinin lisanslamalarına yönelik mikrosoft eğitim çözümlemeleri, Mikrosoft Open ve academic volume"
software_licences,İl Özel/Taşra,2016/540784,Yazılım Lisans Güncelleme ve Ek Lisans Alım İşi
software_licences,İl Özel/Taşra,2017/354528,"5 Kalem lP Telefon Santralı, lP Telefon Seti ve Yazılım Program Lisansı Alım İşi"
software_licences,Sağlık,2012/19156,4 KALEM BİLGİ-İŞLEM İÇİN LİSANSLI SİSTEM VE YAZILIM ALIMI
software_licences,Sosyal/Maliye,2016/201912,Business Objects İşlemci (CPU) Bazlı Lisanslarının 1 (Bir) Yıl Süreli Bakım ve Teknik Destek Hizmetinin Temini
