rank,IKN,bedel_num,firma,kurum,ihale_turu,ihale_adi,scope_v3,scope_reason,manual_label,scope_manual_override,verified_by_hand
1,2025/1250982,7539004699.0,GLOBAL BİLGİ PAZARLAMA DANIŞMANLIK VE ÇAĞRI SERVİSİ HİZMETLERİ ANONİM ŞİRKETİ,SAĞLIK BAKANLIĞI - SAĞLIK BİLGİ SİSTEMLERİ GENEL MÜDÜRLÜĞÜ,Hizmet,"MHRS, Diğer Çağrı Hizmetleri Ve Teknik Destek Hizmet Alımı (Faz-16)",IT_service_callcentre,callcentre_service,IT-services (call centre),False,True
2,2024/124704,2368000000.0,AYDUR İNŞAAT TAAHHÜT TİCARET VE SANAYİ TURİZM TAŞIMACILIK HİZMETLERİ LİMİTED ŞİRKETİ,"T.C. Çevre, Şehircilik ve İklim Değişikliği Bakanlığı Toplu Konut İdaresi Başkanlığı",Yapım,Osmaniye İli Merkez İlçesi Yaverpaşa Mahallesi 3. Etap 1017 Adet Konut İnşaatı ile Altyapı ve Çevre Düzenlemesi İşi,nonIT,works_contract,non-IT,False,True
3,2026/99319,496968445.0,FONET BİLGİ TEKNOLOJİLERİ ANONİM ŞİRKETİ,İl Sağlık Müdürlüğü SAĞLIK BAKANLIĞI BAKAN YARDIMCILIKLARI,Hizmet,Sağlık Bilgi Yönetim Sistemi Hizmet Alımı,IT,strong_IT_term,IT,False,True
4,2022/814243,492000000.0,BULUT İNŞ.İHRACAT İTHALAT SAN.TİC.LTD.ŞTİ.,TÜRKİYE KÖMÜR İŞLETMELERİ KURUMU GENEL MÜDÜRLÜĞÜ,Yapım,"Afşin Elbistan Linyitleri İşletmesi Müdürlüğü Çöllolar-1 Panosu 18.000.000 m³ Dekapaj, Proje Dâhilinde Bulunan Mevcut 533 Kuyunun Eksikliklerinin Giderilerek Çalıştırılması, Yer Altı Su Seviyesi Yönetim Sistemi Kurulumu ve Çalıştırılması İşi",nonIT,manual_override(was nonIT),non-IT,True,True
5,2025/1366285,475200000.0,TRİO ENTEGRASYON BİLİŞİM TEKNOLOJİLERİ EĞİTİM TİCARET ANONİM ŞİRKETİ,DESTEK HİZMETLERİ GENEL MÜDÜRLÜĞÜ,Mal,9 Okulu Kapsayan Dijital İkiz Dönüşümüne Ait Malzeme ve Yazılım Alımı,IT,strong_IT_term,IT,False,True
6,2025/206439,445650000.0,OTOKOÇ OTOMOTİV TİCARET VE SANAYİ ANONİM ŞİRKETİ,Program ve İzleme Dairesi Başkanlığı DİĞER ÖZEL BÜTÇELİ KURULUŞLAR KARAYOLLARI GENEL MÜDÜRLÜĞÜ,Mal,"Damperli Kamyon, Tuz Serpici, Ön Kar Bıçakları ve Yan Kar Bıçakları İşi",nonIT,vehicle_machinery,non-IT,False,True
7,2026/157004,387500000.0,ALDEM EĞİTİM VE TEKNİK HİZMETLER ANONİM ŞİRKETİ,TÜRKİYE ÇEVRE AJANSI BAŞKANLIĞI - ÇEYAŞ ÇEVRE YÖNETİM HİZMETLERİ ANONİM ŞİRKETİ GENEL MÜDÜRLÜĞÜ,Hizmet,"DEPOZİTO SAHA YÖNETİM SİSTEMİ KAPSAMINDA KURULUM, AKTİVASYON, EĞİTİM VE KONTROLLERE İLİŞKİN HİZMET ALIMI İŞİ",gray,automation_or_management_system_only,mixed,False,True
8,2025/199404,369997730.0,NELİT İLERİ TEKNOLOJİ ANONİM ŞİRKETİ,TÜRKİYE ELEKTRİK İLETİM A.Ş GENEL MÜDÜRLÜĞÜ(TEİAŞ) Merkez,Mal,TEİAŞ Kritik Tesis Altyapılarının Yenilenmesi ve Güçlendirilmesi Kapsamında RTU ve Çevre Birimleri ile Tümleşik Siber Güvenlik ve Entegre Güvenlik Sistemleri,IT,strong_IT_term,IT,False,True
9,2024/1419446,329250031.5,ATOS BİLİŞİM VE DANIŞMANLIK ANONİM ŞİRKETİ,İzmir Su ve Kanalizasyon İdaresi Genel Müdürlüğü (İZSU),Hizmet,BÜTÜNLEŞİK YAZILIM VE SİSTEM YÖNETİMİ HİZMETİ ALIMI,IT,strong_IT_term,IT,False,True
10,2016/10616,320034112.5,BİNTED BURSA İNSAN KAY TA EĞİ DAN HİZ İMİNŞ TİC LTD ŞTİ,BURSA BÜYÜKŞEHİR BELEDİYESİ BURSA SU VE KANALİZASYON İDARESİ GENEL MÜDÜRLÜĞÜ (BUSKİ),Hizmet,"BUSKİ Altyapı Projeleri Planlama , Uygulama ,Bilgi İşlem, Bakım, İşletim İşlerine Teknik Destek Sağlanması",gray,manual_override(was IT),mixed,True,True
11,2025/791127,298289499.84,KARDELEN BİLGİSAYAR İNŞAAT REKLAM ORMAN ÜRÜNLERİ TEKSTİL İTHALAT VE İHRACAT SANAYİ VE TİCARET LİMİTED ŞİRKETİ,İl Sağlık Müdürlüğü SAĞLIK BAKANLIĞI BAKAN YARDIMCILIKLARI,Hizmet,Hastane Bilgi Yönetim Sistemi (HBYS),IT,strong_IT_term,IT,False,True
12,2025/2240105,297500000.0,ZİRVEDEKİ BEYİNLER BİLİŞİM EĞİTİM ÖĞRETİM HİZMETLERİ İNŞAAT TURİZM BASIM YAYIN DAĞITIM SANAYİ VE TİCARET LİMİTED ŞİRKETİ,TARIM VE ORMAN BAKANLIĞI - İDARİ İŞLER VE KOORDİNASYON DAİRE BAŞKANLIĞI,Hizmet,"Tarım Bilgi Sistemi (TBS) ve Hayvan Bilgi Sistemi (HBS) Bakım, Destek, Güncelleme ve Geliştirme Hizmeti Alımı",IT,strong_IT_term,IT,False,True
13,2024/1022611,297000000.0,VBT YAZILIM ANONİM ŞİRKETİ,SOSYAL GÜVENLİK KURUMU BAŞKANLIĞI DESTEK HİZMETLERİ DAİRE BAŞKANLIĞI,Mal,"Kurumsal Sunucu Donanımının Büyütülmesi, Kurulumu, Uyarlama İşleri ve Kurumsal Sunucu Yazılım Ek Lisans Artırımı",IT,strong_IT_term,IT,False,True
14,2024/1328257,275597634.0,KILIÇASLAN METAL BÜRO MOBİLYALARI İNŞAAT GIDA SANAYİ VE TİCARET LİMİTED ŞİRKETİ,Destek Hizmetleri Genel Müdürlüğü MİLLİ EĞİTİM BAKANLIĞI BAKAN YARDIMCILIKLARI,Mal,793 ADET BİLİŞİM TEKNOLOJİLERİ LABORATUVARI TEFRİŞATI ALIM VE KURULUM İŞİ,nonIT,fuel_goods,non-IT,False,True
15,2025/735749,261311894.0,ARD GRUP BİLİŞİM TEKNOLOJİLERİ ANONİM ŞİRKETİ,DESTEK HİZMETLERİ DAİRESİ BAŞKANLIĞI,Mal,Entegre Kütüphane Yönetim Sistemi ve Teknolojik Altyapı İşi,IT,strong_IT_term,IT,False,True
16,2025/251791,229568270.0,İSTTELKOM İSTANBUL ELEKTRONİK HABERLEŞME VE ALTYAPI HİZMETLERİ SANAYİ VE TİCARET ANONİM ŞİRKETİ,BİLGİ TEKNOLOJİLERİ ŞUBE MÜDÜRLÜĞÜ,Mal,İBB Siber Güvenlik Ürünlerinin ve SOC Süreçlerinin İyileştirilmesi,IT,strong_IT_term,IT,False,True
17,2021/230184,227291679.0,ASELSAN ELEKTRONİK SANAYİ VE TİC.A.Ş.,SAMSUN BÜYÜKŞEHİR BELEDİYESİ DESTEK HİZMETLERİ DAİRE BAŞKANLIĞI,Mal,"ELEKTRONİK DENETLEME SİSTEMİ, DEĞİŞKEN MESAJ İŞARETİ (DMİ) VE AKILLI KAVŞAK YÖNETİM SİSTEMİ MALZEME ALIMI VE MONTAJ",IT,strong_IT_term,IT,False,True
18,2025/761197,221000000.0,PSEUDONYM_414,TOPLU KONUT İDARESİ BAŞKANLIĞI,Yapım,Balıkesir İli Balya İlçesi Enverpaşa Mahallesi 79 Adet Konut ve 4 Adet Dükkan İnşaatı ile Altyapı ve Çevre Düzenlemesi İşi,nonIT,works_contract,non-IT,False,True
19,2023/1280139,217500000.0,ARD GRUP BİLİŞİM TEKNOLOJİLERİ ANONİM ŞİRKETİ,COĞRAFİ BİLGİ SİSTEMLERİ GENEL MÜDÜRLÜĞÜ,Hizmet,"ÇEVRE, ŞEHİRCİLİK VE İKLİM DEĞİŞİKLİĞİ BAKANLIĞI BİLİŞİM SİSTEMLERİ YAZILIM GELİŞTİRME, BAKIM VE  DANIŞMANLIK HİZMETİ  İŞİ",IT,strong_IT_term,IT,False,True
20,2025/384651,205400000.0,TARLAK YAPI İNŞAAT MADENCİLİK SANAYİ ANONİM ŞİRKETİ,Yapı İşleri ve Teknik Daire Başkanlığı  YÜKSEKÖĞRETİM KURUMLARI BURDUR MEHMET AKİF ERSOY ÜNİVERSİTESİ,Yapım,BUCAK BİLGİSAYAR BİLİŞİM FAKÜLTESİ VE ÇEVRE DÜZENLEME YAPIM İŞİ,nonIT,works_contract,non-IT,False,True
21,2025/486933,195078620.0,NSC BİLİŞİM HİZMETLERİ TİCARET ANONİM ŞİRKETİ,İSTTELKOM İSTANBUL ELEKTRONİK HABERLEŞME VE ALTYAPI HİZMETLERİ SANAYİ VE TİCARET ANONİM ŞİRKETİ,Mal,Siber Güvenlik Ürünleri ve SOC Süreçlerinin İyileştirilmesi İşi,IT,strong_IT_term,IT,False,True
22,2025/1225225,192391135.2,SİSOFT SAĞLIK BİLGİ SİSTEMLERİ ANONİM ŞİRKETİ,İl Sağlık Müdürlüğü SAĞLIK BAKANLIĞI BAKAN YARDIMCILIKLARI,Hizmet,Sağlık Bilgi Yönetim Sistemi (SBYS)  Hizmeti Alımı,IT,strong_IT_term,IT,False,True
23,2025/1691105,189955000.0,OBS TEKNOLOJİ VE SAVUNMA SANAYİ TİCARET LİMİTED ŞİRKETİ,MUĞLA BÜYÜKŞEHİR BELEDİYESİ BİLGİ İŞLEM DAİRESİ BAŞKANLIĞI,Mal,Çevre Teknolojileri Güvenlik Alt Yapısı ve Alt Yapı İle Bağlantılı Yönetim Bilgi Sistemi Alımı,IT,strong_IT_term,IT,False,True
24,2025/1743019,161377606.0,AKGÜN BİLGİSAYAR PROGRAM VE HİZMETLERİ SANAYİ TİCARET ANONİM ŞİRKETİ,GİRESUN İL SAĞLIK MÜDÜRLÜĞÜ,Hizmet,36 (OTUZALTI) AYLIK SAĞLIK BİLGİ YÖNETİM SİSTEMİ (SBYS) VE YOĞUN BAKIM BİLGİ YÖNETİM SİSTEMİ (YBBYS) HİZMETİ ALIMI,IT,strong_IT_term,IT,False,True
25,2025/603261,152750000.0,PSEUDONYM_348,TOPLU KONUT İDARESİ BAŞKANLIĞI,Yapım,Denizli İli Kale İlçesi Cevherpaşa Mahallesi 71 Adet Konut ve 4 Adet Dükkân İnşaatları ile Altyapı ve Çevre Düzenlemesi İşi,nonIT,works_contract,non-IT,False,True
26,2025/20821,149068270.0,KARDELEN BİLGİSAYAR İNŞAAT REKLAM ORMAN ÜRÜNLERİ TEKSTİL İTHALAT VE İHRACAT SANAYİ VE TİCARET LİMİTED ŞİRKETİ,GAZİANTEP İL SAĞLIK MÜDÜRLÜĞÜ,Hizmet,2 Kısım 36 Ay Hastane Bilgi Yönetim Sistemi (HBYS),IT,strong_IT_term,IT,False,True
27,2024/1159152,143800000.0,İSTTELKOM İSTANBUL ELEKTRONİK HABERLEŞME VE ALTYAPI HİZMETLERİ SANAYİ VE TİCARET ANONİM ŞİRKETİ,İSTANBUL BÜYÜKŞEHİR BELEDİYESİ BİLGİ TEKNOLOJİLERİ ŞUBE MÜDÜRLÜĞÜ,Hizmet,"2024-2025 Yılı İBB Platform, Devops, Mobil Uygulama ve Web Yazılım Geliştirme Süreçleri Yönetimi İşi",IT,strong_IT_term,IT,False,True
28,2025/493620,143160390.0,HİGHTECHNOLOGY BİLİŞİM SİSTEMLERİ LİMİTED ŞİRKETİ,TÜRKİYE ELEKTRİK İLETİM ANONİM ŞİRKETİ GENEL MÜDÜRLÜĞÜ,Mal,Yazılım Geliştirme Merkezi ve Bağlı Toplantı Salonu Ortak Havalandırma ve Açık Ofis Malzemeleri Montaj ve Kurulum Dâhil Mal,nonIT,building_services,non-IT,False,True
29,2022/1374378,140100000.0,DEM MÜZECİLİK VE TURİZM İŞLETMELERİ ANONİM ŞİRKETİ,BİLGİ TEKNOLOJİLERİ GENEL MÜDÜRLÜĞÜ KÜLTÜR VE TURİZM BAKANLIĞI,Mal,"Ses, Işık, Görüntü Cihazları ve Otomasyon Sistemi",gray,automation_or_management_system_only,mixed,False,True
30,2025/1898657,136400000.0,ARTEKA BİLİŞİM TİCARET LİMİTED ŞİRKETİ,Bilgi İşlem Başkanlığı TÜRKİYE BÜYÜK MİLLET MECLİSİ GENEL SEKRETERLİK,Mal,"TBMM Ağ ve Siber Güvenlik ile Haberleşme Alt Yapısı Lisans Yenileme, Yazılım ve Donanım",IT,strong_IT_term,IT,False,True
31,2025/846159,134745000.0,SESASİS BİLGİ TEKNOLOJİLERİ YAZILIM EĞİTİM DANIŞMANLIK ENERJİ İNŞAAT TAAHHÜT İTHALAT İHRACAT SANAYİ VE TİCARET LİMİTED ŞİRKETİ,DESTEK HİZMETLERİ DAİRE BAŞKANLIĞI,Hizmet,Mali Otomasyon Sistemi Projesi V-2 (MOSİP 2),IT,weak_term_IT_system,IT,False,True
32,2021/148063,134447000.0,DİZMANLAR GAYRİMENKUL YATIRIM LOJİSTİK SANAYİ VE TİCARET ANONİM ŞİRKETİ,"T.C. Çevre, Şehircilik ve İklim Değişikliği Bakanlığı Toplu Konut İdaresi Başkanlığı",Yapım,"Osmaniye  İli, Merkez İlçesi, Yaverpaşa Mahallesi  604  Adet  Konut  İnşaatı  ile  Altyapı  ve  Çevre  Düzenlemesi  İşi",nonIT,works_contract,non-IT,False,True
33,2025/1798960,128707000.0,"RENİS DIŞ TİCARET LİMİTED ŞİRKETİ, LTS BİLİŞİM TEKNOLOJİ ANONİM ŞİRKETİ İş Ortaklığı",İSTON İSTANBUL BETON ELEMANL.VE HAZIR BET ON FAB.SAN.VE TİC.AŞ,Mal,İSTON AŞ DİJİTAL DÖNÜŞÜM PROJESİ KURUMSAL KAYNAK PLANLAMA YAZILIMI (ERP) TEMİN VE KURULUMU İŞİ,IT,strong_IT_term,IT,False,True
34,2025/1792465,119760000.0,TEKNOSER BİLİŞİM ANONİM ŞİRKETİ,BİLGİ TEKNOLOJİLERİ GENEL MÜDÜRLÜĞÜ,Hizmet,"Merkez ve Taşra İdarelerinde Bilişim Sistemleri Bakım, Onarım ve Destek Hizmeti Alımı",IT,strong_IT_term,IT,False,True
35,2025/1424987,118600000.0,FORTE BİLGİ İLETİŞİM TEKNOLOJİLERİ VE SAVUNMA SANAYİ ANONİM ŞİRKETİ,DESTEK HİZMETLERİ GENEL MÜDÜRLÜĞÜ,Mal,Veritabanı Sunucusu Kapasite Artırımı,IT,strong_IT_term,IT,False,True
36,2024/1428509,115771674.0,AKGÜN BİLGİSAYAR PROGRAM VE HİZMETLERİ SANAYİ TİCARET ANONİM ŞİRKETİ,TRABZON İL SAĞLIK MÜDÜRLÜĞÜ,Hizmet,36 Aylık Hastane Bilgi Yönetim Sistemi (HBYS) Hizmet Alımı,IT,strong_IT_term,IT,False,True
37,2015/133367,112352124.58,"AR YEMEK İŞGÜ.TE.GI.TE.İL.TE.OT.TA.İNŞ.TA.HA.SAN.VE TİC.LT.Ş, PARTEM TEMİZLİK HİZMETLERİ BİLGİSAYAR ELEKTRONİK DOĞALGAZ ISI SİSTEMLERİ TEKSTİL HAYVANCILIK GIDA YEMEK SANAYİ VE TİCARET ANONİM ŞİRKETİ İş Ortaklığı",NİLÜFER BELEDİYESİ DESTEK HİZMETLER MÜDÜRLÜĞÜ,Hizmet,Yardımcı Personel Ve Teknik Destek  Personeli Hizmet Alımı İşi,nonIT,facility_staffing,non-IT,False,True
38,2014/65349,112199820.0,TURKUAZ SOSYAL VE DESTEK HİZMETLERİ TEMİZLİK SANAYİ TİCARET LİMİTED ŞİRKETİ,Tıp Fakültesi YÜKSEKÖĞRETİM KURUMLARI DİCLE ÜNİVERSİTESİ,Hizmet,"Dicle Üniversitesi Hastaneleri ile bağlı birimlerin (Dekanlık, Çocuk Hastanesi, Onkoloji Hastanesi, Kalp Hastanesi, Acil ve Travmatoloji Hastanesi), hasta destek hizmetleri, temizlik hizmetleri idari ve teknik destek hizmetleri alımı işi",nonIT,facility_staffing,non-IT,False,True
39,2022/947133,111833000.0,"YAPITEM YAPI TEKNOLOJİLERİ MERKEZİ İNŞAATA TUR S T LTD ŞTİ.., SURYA KONUT ENDÜSTRİ İNŞAAT TURİZM SANAYİ VE TİCARET LİMİTED ŞİRKETİ İş Ortaklığı",Yapı İşleri ve Teknik Daire Başkanlığı YÜKSEKÖĞRETİM KURUMLARI İSTANBUL TEKNİK ÜNİVERSİTESİ,Yapım,"İTÜ Ayazağa Yerleşkesi Bilgisayar ve Bilişim Fakültesi Binası Tamamlama, Onarım, Tadilat ve Yenileme İnşaatı (2022",nonIT,works_contract,non-IT,False,True
40,2024/1904969,109222613.0,"TRAK MÜHENDİSLİK YAPI İNŞAAT SANAYİ VE TİCARET LİMİTED ŞİRKETİ, DİDEBAN MÜHENDİSLİK İNŞAAT SANAYİ VE TİCARET LİMİTED ŞİRKETİ İş Ortaklığı",TEKİRDAĞ YATIRIM İZLEME VE KOORDİNASYON BAŞKANLIĞI,Yapım,"Tekirdağ İli, Çorlu İlçesi, Kazimiye Mahallesi, 1928 Ada 3 Parsel Üzerine 32 Derslikli Bedia Süleyman Serpicioğlu Ortaokulu (Yık-Yap) (2021) Yapım İşi",nonIT,works_contract,non-IT,False,True
41,2024/58671,108505500.0,"ÇEKİNO BİLGİ TEKNOLOJİLERİ ANONİM ŞİRKETİ, BİMTAŞ BOĞAZİÇİ PEYZAJ İNŞAAT MÜŞAVİRLİK TEKNİK HİZMETLER SANAYİ TİCARET ANONİM ŞİRKETİ İş Ortaklığı",BİLGİ TEKNOLOJİLERİ ŞUBE MÜDÜRLÜĞÜ,Hizmet,"2024 Yılı İBB Platform, Devops, Mobil Uygulama ve Web Yazılım Geliştirme Süreçleri Yönetimi İşi",IT,strong_IT_term,IT,False,True
42,2015/78653,108186174.32,"MARMARA TEMİZLİK İNŞGIDA VE KARGO DAĞ.HİZ.SAN.LTD.ŞT, ÇANKAYA TEMİZLİK GIDA SAĞLIK HİZMETLERİ DAĞITIM İNŞAAT SANAYİ VE TİCARET LİMİTED ŞİRKETİ. İş Ortaklığı",Kamu Hastane Birliği (Anadolu Kuzey) SAĞLIK BAKANLIĞI TÜRKİYE KAMU HASTANELERİ KURUMU,Hizmet,2016-2017-2018 Yıllarına Ait Bilgi Sistemi Kurulum ve/veya Kullanımına ve/veya Bakım Destek ve İşletimi,gray,IT_user_staffing,mixed,False,True
43,2015/81479,107315127.07,CAMPAK TEMİZLİK BİLGİ İŞLEM OTOMASYON SAĞLIK HİZMETLERİ İNŞAAT SANAYİ VE TİCARET ANONİM ŞİRKETİ,Kamu Hastane Birliği (Bakırköy) SAĞLIK BAKANLIĞI TÜRKİYE KAMU HASTANELERİ KURUMU,Hizmet,"Bakırköy Genel Sekreterliği ve Bağlı Sağlık Tesislerine ''36 Ay Süreli Bilgi Sistemi Kullanım ve Network, Donanım Teknik Destek Yazılım Bakım Elemanı Hizmet Alımı''",gray,IT_user_staffing,mixed,False,True
44,2017/481394,99886310.9,"HAYME SULTAN GIDA ÜRETİM AŞ, KADIOĞLU BİLGİ İŞLEM AŞ İş Ortaklığı",İstanbul Fatih Kamu Hastane Birliği Genel Sekreterliği SAĞLIK BAKANLIĞI TÜRKİYE KAMU HASTANELERİ KURUMU,Hizmet,36 AYLIK (2018-2019-2020 YILLARI) BİLGİ SİSTEMİ KULLANIM ELEMANI HİZMET ALIMI,gray,IT_user_staffing,mixed,False,True
45,2024/1026763,99731118.0,FONET BİLGİ TEKNOLOJİLERİ ANONİM ŞİRKETİ,İl Sağlık Müdürlüğü SAĞLIK BAKANLIĞI BAKAN YARDIMCILIKLARI,Hizmet,Müdürlüğümüze bağlı sağlık tesislerinin HBYS Tam Otomasyon Yazılım Hizmeti Alımı,IT,strong_IT_term,IT,False,True
46,2024/1200111,89991000.0,VENTURA YAZILIM ANONİM ŞİRKETİ,SAĞLIK BAKANLIĞI - İSTANBUL İL SAĞLIK MÜDÜRLÜĞÜ,Hizmet,Müdürlüğümüze Bağlı Sağlık Tesisleri İçin 36 Aylık Laboratuvar Bilgi Yönetim Sistemi (LBYS)Hizmet Alımı,IT,strong_IT_term,IT,False,True
47,2022/699037,88840000.0,PSEUDONYM_318,ADALET BAKANLIĞI DESTEK HİZMETLERİ DAİRESİ BAŞKANLIĞI ADALET BAKANLIĞI BAKAN YARDIMCILIKLARI,Yapım,Silivri Ceza İnfaz Kurumları Kampüsü Altyapı Mekanik Tesisat Yenileme ve L Tipi Kapalı Ceza İnfaz Kurumları Sıcaksu ve Soğuksu Kotalı Otomasyon Sistemi Yapım İşi,nonIT,manual_override(was gray),non-IT,True,True
48,2022/54497,87508740.0,SUPERONLİNE İLETİŞİM HİZMETLERİ ANONİM ŞİRKETİ,Halk Sağlığı Genel Müdürlüğü SAĞLIK BAKANLIĞI BAKAN YARDIMCILIKLARI,Hizmet,Aşı ve Antiserum Soğuk Zincir ve Stok Yönetim Sistemi (60 Aylık) Hizmet Alımı İşi,IT,weak_term_IT_system,IT,False,True
49,2022/73221,86850000.0,"KARAKOÇ TOPLU KONUTYAPI İNŞ.SAN.VE TİC.LTD.ŞTİ, TUŞBA YAPI ENDÜSTRİ NAKLİYE TURİZM GIDA İTHALAT İHRACAT SANAYİ VE TİCARET LİMİTED ŞİRKETİ İş Ortaklığı","T.C. Çevre, Şehircilik ve İklim Değişikliği Bakanlığı Toplu Konut İdaresi Başkanlığı",Yapım,Kocaeli İli Çayırova İlçesi Şekerpınar Mahallesi 115 Adet Konut ve 4 Adet Dükkan İnşaatı İle Altyapı ve Çevre Düzenlemesi İşi,nonIT,works_contract,non-IT,False,True
50,2024/1436545,84996000.0,TEKNOSER BİLİŞİM ANONİM ŞİRKETİ,BİLGİ TEKNOLOJİLERİ GENEL MÜDÜRLÜĞÜ,Hizmet,"MERKEZ TAŞRA İDARELERİNDE BİLİŞİM SİSTEMLERİ BAKIM, ONARIM VE DESTEK",IT,strong_IT_term,IT,False,True
51,2025/1740411,84947236.8,PRESTİJ BİLGİ SİSTEMLERİ ARGE ANONİM ŞİRKETİ,KIRKLARELİ İL SAĞLIK MÜDÜRLÜĞÜ,Hizmet,Kırklareli İl Sağlık Müdürlüğüne Bağlı Sağlık Tesislerine 36 Ay Süreli Sağlık Bilgi Yönetim Sistemi (SBYS) Hizmeti Alımı,IT,strong_IT_term,IT,False,True
52,2025/1910294,84829986.0,AKGÜN BİLGİSAYAR PROGRAM VE HİZMETLERİ SANAYİ TİCARET ANONİM ŞİRKETİ,SAĞLIK BAKANLIĞI - RİZE İL SAĞLIK MÜDÜRLÜĞÜ,Hizmet,HASTANE BİLGİ YÖNETİM SİSTEMİ (HBYS) ve YOĞUN BAKIM BİLGİ YÖNETİM SİSTEMİ ( YBBYS ) HİZMETİ ALIMI,IT,strong_IT_term,IT,False,True
53,2024/1419541,84480000.0,"ASF 06 İNŞAAT KUYUMCULUK NAKLİYE HAYVANCILIK SANAYİ VE TİCARET LİMİTED ŞİRKETİ., KEMAL KESKİN İNŞAAT OTOMOTİV TARIM ÜRÜNLERİ SANAYİ VE TİCARET LİMİTED ŞİRKETİ İş Ortaklığı","T.C. Çevre, Şehircilik ve İklim Değişikliği Bakanlığı Toplu Konut İdaresi Başkanlığı",Yapım,"Osmaniye İli Merkez İlçesi Yaverpaşa Mahallesi 10 Adet Dükkan, 1 Adet Cami ve Akyar Mahallesi 2 Adet 10 Dükkanlı Ticaret Merkezi ve 1 Adet Cami İnşaatı ile Altyapı ve Çevre Düzenlemesi İşi",nonIT,works_contract,non-IT,False,True
54,2014/65485,83077392.8,BİNTED BURSA İNSAN KAY TA EĞİ DAN HİZ İMİNŞ TİC LTD ŞTİ,BURSA BÜYÜKŞEHİR BELEDİYESİ BURSA SU VE KANALİZASYON İDARESİ GENEL MÜDÜRLÜĞÜ (BUSKİ),Hizmet,"BUSKİ Altyapı Projeleri Planlama, Uygulama, Bilgi İşlem, Bakım İşletim Hizmetlerine Teknik Destek Sağlanması Hizmet Alımı İşi",gray,manual_override(was IT),mixed,True,True
55,2024/626647,79909099.0,KONYA BİLİM TEKNOLOJİ VE İNOVASYON HİZMETLERİ SANAYİ TİCARET ANONİM ŞİRKETİ,KONYA BÜYÜKŞEHİR BELEDİYESİ DESTEK HİZMETLERİ DAİRE BAŞKANLIĞI,Hizmet,Konya Dijital Sanatlar ve Yazılım Akademisi Organizasyonu,gray,manual_override(was IT),mixed,True,True
56,2022/1007338,78768732.9,İSTTELKOM İSTANBUL ELEKTRONİK HABERLEŞME VE ALTYAPI HİZMETLERİ SANAYİ VE TİCARET ANONİM ŞİRKETİ,İstanbul Su ve Kanalizasyon İdaresi Genel Müdürlüğü,Mal,"Sunucu, Veri Depolama Sistemleri ile Teknik Destek Temini",IT,strong_IT_term,IT,False,True
57,2025/1671703,77970708.0,FONET BİLGİ TEKNOLOJİLERİ ANONİM ŞİRKETİ,ANKARA GÜLHANE EĞİTİM VE ARAŞTIRMA HASTANESİ BAŞHEKİMLİĞİ,Hizmet,GÜLHANE EA HASTANESİ ve BAĞLI HASTANELER 36 AYLIK SAĞLIK BİLGİ YÖNETİM SİSTEMİ (SBYS) HİZMET ALIMI,IT,strong_IT_term,IT,False,True
58,2024/404826,77400000.0,MAH ZEN GRUP İNŞAAT BİLGİSAYAR TEMİZLİK TURİZM TEKSTİL MADENCİLİK TİCARET VE SANAYİ LİMİTED ŞİRKETİ.,İl Sağlık Müdürlüğü SAĞLIK BAKANLIĞI BAKAN YARDIMCILIKLARI,Hizmet,HASTANE BİLGİ YÖNETİM SİSTEMİ ALIMI,IT,strong_IT_term,IT,False,True
59,2024/939444,76742529.0,PANATES BİLGİ TEKNOLOJİLERİ ANONİM ŞİRKETİ,İl Sağlık Müdürlüğü SAĞLIK BAKANLIĞI BAKAN YARDIMCILIKLARI,Hizmet,SAĞLIK BİLGİ YÖNETİM SİSTEMİ (SBYS) HİZMETİ ALIMI (İl Sağlık Müdürlüğümüze Bağlı Sağlık Tesislerimiz için),IT,strong_IT_term,IT,False,True
60,2024/1455573,76488000.0,FORTE BİLGİ İLETİŞİM TEKNOLOJİLERİ VE SAVUNMA SANAYİ ANONİM ŞİRKETİ,PERSONEL VE DESTEK HİZMETLERİ DAİRESİ BAŞKANLIĞI DİĞER ÖZEL BÜTÇELİ KURULUŞLAR MESLEKİ YETERLİLİK KURUMU,Hizmet,"Bilgi İşlem Bakım, Onarım, Yazılım Geliştirme ve Destek",IT,strong_IT_term,IT,False,True
61,2025/1073583,75029663.52,SİSOFT SAĞLIK BİLGİ SİSTEMLERİ ANONİM ŞİRKETİ,SAĞLIK BAKANLIĞI - KASTAMONU İL SAĞLIK MÜDÜRLÜĞÜ,Hizmet,HBYS Hizmeti Alımı,IT,strong_IT_term,IT,False,True
62,2024/1480366,75008200.0,FGA MİMARLIK BİLGİSAYAR ELEKT.İNŞ.TURZ.SAN.VE TİC.LT,Ankara Büyükşehir Belediyesi Bilgi İşlem Dairesi Başkanlığı,Hizmet,BİLGİSAYAR DESTEKLİ TEKNİK ÇİZİM YAZILIMLARI LİSANS YENİLEME VE YENİ LİSANS ALIMI İŞİ,IT,strong_IT_term,IT,False,True
63,2021/219082,73811000.0,PRODAY BİLİŞİM TEKNOLOJİLERİ TİCARET A.Ş.,BİLGİ İŞLEM GENEL MÜDÜRLÜĞÜ ADALET BAKANLIĞI BAKAN YARDIMCILIKLARI,Mal,"UYAP Bilişim Sistemi Veri Merkezi ve Felaket Kurtarma Merkezi Sunucu, Disk ve Yedekleme Sistemleri Altyapısı",IT,strong_IT_term,IT,False,True
64,2025/263450,73267379.4,PRESTİJ BİLGİ SİSTEMLERİ ARGE ANONİM ŞİRKETİ,ANTALYA İL SAĞLIK MÜDÜRLÜĞÜ,Hizmet,SAĞLIK BİLGİ YÖNETİM SİSTEMİ HİZMETİ ALIMI – 36 AYLIK,IT,strong_IT_term,IT,False,True
65,2023/467071,71100000.0,İSTTELKOM İSTANBUL ELEKTRONİK HABERLEŞME VE ALTYAPI HİZMETLERİ SANAYİ VE TİCARET ANONİM ŞİRKETİ,İSTANBUL BÜYÜKŞEHİR BELEDİYESİ BİLGİ TEKNOLOJİLERİ ŞUBE MÜDÜRLÜĞÜ,Hizmet,"İBB Platform, Devops, Mobil Uygulama ve Web Yazılım Geliştirme Süreçleri Yönetimi İşi",IT,strong_IT_term,IT,False,True
66,2022/1184591,69952000.0,DT TELEKOMÜNİKASYON BİLİŞİM VE DAYANIKLI TÜKETİM MALLARI SERVİS HİZM.TURİZM VE İNŞAAT TİC.LTD.ŞTİ.,İSTTELKOM İSTANBUL ELEKTRONİK HABERLEŞME VE ALTYAPI HİZMETLERİ SANAYİ VE TİCARET ANONİM ŞİRKETİ,Mal,"Sunucu, Veri Depolama Sistemleri ve Teknik Destek Temini",IT,strong_IT_term,IT,False,True
67,2025/1955899,69422765.5,AKGÜN BİLGİSAYAR PROGRAM VE HİZMETLERİ SANAYİ TİCARET ANONİM ŞİRKETİ,İl Sağlık Müdürlüğü SAĞLIK BAKANLIĞI BAKAN YARDIMCILIKLARI,Hizmet,Sağlık Bilgi Yönetim Sistemi (SBYS) Hizmet Alımı,IT,strong_IT_term,IT,False,True
68,2024/374535,68876568.0,AKGÜN BİLGİSAYAR PROGRAM VE HİZMETLERİ SANAYİ TİCARET ANONİM ŞİRKETİ,ÇORUM İL SAĞLIK MÜDÜRLÜĞÜ,Hizmet,İSM VE BAĞLI SAĞLIK TESİSLERİ 36 AYLIK HBYS HİZMET ALIMI,IT,strong_IT_term,IT,False,True
69,2025/1888574,67940000.0,PRODES GRUP BİLGİSAYAR YAZILIM BİLİŞİM İNŞAAT HİZMETLERİ OTOMOTİV SANAYİ VE TİCARET ANONİM ŞİRKETİ,BİLGİ TEKNOLOJİLERİ GENEL MÜDÜRLÜĞÜ KÜLTÜR VE TURİZM BAKANLIĞI,Hizmet,"Bilişim Cihazları Parçalı, Bakım, Onarım, Güncelleme ve İşletim Destek Hizmet Alımı",IT,strong_IT_term,IT,False,True
70,2023/1175084,67263123.24,KARDELEN BİLGİSAYAR İNŞAAT REKLAM ORMAN ÜRÜNLERİ TEKSTİL İTHALAT VE İHRACAT SANAYİ VE TİCARET LİMİTED ŞİRKETİ,SAKARYA İL SAĞLIK MÜDÜRLÜĞÜ,Hizmet,SAKARYA İLİ 36 AYLIK SAĞLIK BİLGİ YÖNETİM SİSTEMİ (SBYS) HİZMET ALIMI,IT,strong_IT_term,IT,False,True
71,2025/1848131,67113558.0,İSTTELKOM İSTANBUL ELEKTRONİK HABERLEŞME VE ALTYAPI HİZMETLERİ SANAYİ VE TİCARET ANONİM ŞİRKETİ,BİLGİ TEKNOLOJİLERİ ŞUBE MÜDÜRLÜĞÜ,Hizmet,"Veritabanı, Ortakatman, Veri Ambarı ve Siebel Uygulamaları Yazılım Lisans Bakımları ve Exadata Sistemi Donanım Bakım İşi",IT,strong_IT_term,IT,False,True
72,2025/526009,66214080.0,KARDELEN BİLGİSAYAR İNŞAAT REKLAM ORMAN ÜRÜNLERİ TEKSTİL İTHALAT VE İHRACAT SANAYİ VE TİCARET LİMİTED ŞİRKETİ,YALOVA İL SAĞLIK MÜDÜRLÜĞÜ,Hizmet,Yalova İl Sağlık Müdürlüğü ve Bağlı Sağlık Tesislerine 36 Aylık Sağlık Bilgi Yönetim Sistemi (SBYS) Hizmet Alımı,IT,strong_IT_term,IT,False,True
73,2025/2398626,64990000.0,TÜRK TELEKOMÜNİKASYON ANONİM ŞİRKETİ,KOCAELİ SU VE KANALİZASYON İDARESİ GENEL MÜDÜRLÜĞÜ,Mal,BİLİŞİM SİSTEMLERİ MODERNİZASYONU ALT YAPI ÜRÜNLERİ,IT,strong_IT_term,IT,False,True
74,2024/1255608,64932900.0,İNTRON BİLİŞİM YAZILIM TANITIM VE TASARIM HİZMETLERİ SANAYİ TİCARET ANONİM ŞİRKETİ,İHALE ŞUBE MÜDÜRLÜĞÜ,Mal,"Merkez, Bağlı Hizmet Binaları'nın Alt Yapı Modernizasyonu Kapsamında Veri Merkezi Yapımı ve Bu Kapsamda Bilişim Ürünleri",IT,strong_IT_term,IT,False,True
75,2025/563487,64925000.0,DENERA BELGELENDİRME EĞİTİM DANIŞMANLIK SAĞLIK HİZMETLERİ MEDİKAL ELEKTRİK ELEKTRONİK İNŞAAT ENERJİ TEKSTİL SANAYİ VE TİCARET LİMİTED ŞİRKETİ,Uygulama ve Araştırma Hastanesi YÜKSEKÖĞRETİM KURUMLARI DİCLE ÜNİVERSİTESİ,Mal,DİYARBAKIR DİCLE ÜNİVERSİTESİ HASTANESİ SAĞLIK HİZMETLERİNE YÖNELİK  OTOMATİK İLAÇ VE MALZEME YÖNETİM SİSTEMİNİN ÜNİTESİ MALZEME ALIMI,gray,automation_or_management_system_only,mixed,False,True
76,2025/1539891,64380000.0,DESTEK BİLGİSAYAR VE İLETİŞİM HİZMETLERİ TİCARET ANONİM ŞİRKETİ,COĞRAFİ BİLGİ SİSTEMLERİ GENEL MÜDÜRLÜĞÜ,Hizmet,"2026 YILI BAKANLIK MERKEZ HİZMET BİRİMLERİ ENVANTERİNE KAYITLI , BİLİŞİM CİHAZLARI PARÇA DAHİL BAKIM, ONARIM VE HİZMETİ",IT,strong_IT_term,IT,False,True
77,2023/1567429,64040000.0,MERT SUYAPI İNŞAAT MADENCİLİK SANAYİ VE TİCARET LİMİTED ŞİRKETİ,Bölge Müdürlüğü-22.Bölge Trabzon DİĞER ÖZEL BÜTÇELİ KURULUŞLAR DEVLET SU İŞLERİ GENEL MÜDÜRLÜĞÜ,Yapım,Rize-Çayeli Beyazsu (Cano) Deresinin Şirinköy Köyü Hassadıklar ve Küçükcaferpaşa Yan Kolları 1Kısım,nonIT,works_contract,non-IT,False,True
78,2015/97241,63391673.54,ÇANKAYA TEMİZLİK GIDA SAĞLIK HİZMETLERİ DAĞITIM İNŞAAT SANAYİ VE TİCARET LİMİTED ŞİRKETİ.,Manisa Kamu Hastane Birliği SAĞLIK BAKANLIĞI TÜRKİYE KAMU HASTANELERİ KURUMU,Hizmet,2016-2017-2018 YILLARI BİLGİ SİSTEMİ KULLANIM ELEMANI HİZMET ALIM İHALESİ,gray,IT_user_staffing,mixed,False,True
79,2026/34145,63356292.0,AKGÜN BİLGİSAYAR PROGRAM VE HİZMETLERİ SANAYİ TİCARET ANONİM ŞİRKETİ,SAĞLIK BAKANLIĞI - BURDUR İL SAĞLIK MÜDÜRLÜĞÜ,Hizmet,36 AY SÜRE İLE SAĞLIK BİLGİ YÖNETİM SİSTEMİ (SBYS),IT,strong_IT_term,IT,False,True
80,2022/938209,61949073.0,FONET BİLGİ TEKNOLOJİLERİ ANONİM ŞİRKETİ,İl Sağlık Müdürlüğü SAĞLIK BAKANLIĞI BAKAN YARDIMCILIKLARI,Hizmet,Sağlık Bilgi Yönetim Sistemi Hizmet Alımı,IT,strong_IT_term,IT,False,True
81,2025/1481729,61542214.92,PRESTİJ BİLGİ SİSTEMLERİ ARGE ANONİM ŞİRKETİ,SAĞLIK BAKANLIĞI - BURSA İL SAĞLIK MÜDÜRLÜĞÜ,Hizmet,36 AYLIK 3 KISIM HBYS YAZILIMI HİZMETİ ALIMI İŞİ,IT,strong_IT_term,IT,False,True
82,2025/781108,61368991.0,FONET BİLGİ TEKNOLOJİLERİ ANONİM ŞİRKETİ,BİNGÖL İL SAĞLIK MÜDÜRLÜĞÜ,Hizmet,Yazılım Programı (SBYS) Hizmet Alımı,IT,strong_IT_term,IT,False,True
83,2025/1534119,60226124.3,SİSOFT SAĞLIK BİLGİ SİSTEMLERİ ANONİM ŞİRKETİ,İl Sağlık Müdürlüğü SAĞLIK BAKANLIĞI BAKAN YARDIMCILIKLARI,Hizmet,36 AYLIK HASTANE BİLGİ YÖNETİM SİSTEMİ (HBYS) HİZMET ALIMI,IT,strong_IT_term,IT,False,True
84,2025/1284946,59999976.0,AGERSOFT BİLİŞİM TEKNOLOJİLERİ DIŞ TİCARET SANAYİ LİMİTED ŞİRKETİ,SAĞLIK BAKANLIĞI - SAĞLIK BİLGİ SİSTEMLERİ GENEL MÜDÜRLÜĞÜ,Hizmet,"Laboratuvar Bilgi Yönetim Sistemi (LBYS) Yazılım Geliştirme, Güncelleme ve Bakım Destek Hizmeti Alımı",IT,strong_IT_term,IT,False,True
85,2023/1179488,59868000.0,DESTEK BİLGİSAYAR VE İLETİŞİM HİZMETLERİ TİCARET ANONİM ŞİRKETİ,Bilgi Teknolojileri Genel Müdürlüğü  TİCARET BAKANLIĞI BAKAN YARDIMCILIKLARI,Hizmet,"MERKEZ VE TAŞRA İDARELERİNDE BİLİŞİM SİSTEMLERİ BAKIM, ONARIM ve DESTEK HİZMET ALIMI",IT,strong_IT_term,IT,False,True
86,2025/1244342,59658284.0,AKGÜN BİLGİSAYAR PROGRAM VE HİZMETLERİ SANAYİ TİCARET ANONİM ŞİRKETİ,ELAZIĞ İL SAĞLIK MÜDÜRLÜĞÜ,Hizmet,SAĞLIK BİLGİ YÖNETİM SİSTEMİ (SBYS) DONANIM BAKIM-ONARIM HİZMET ALIMI (36 Ay),IT,strong_IT_term,IT,False,True
87,2023/315567,59473320.0,PSEUDONYM_399,MERSİN BÜYÜKŞEHİR BELEDİYESİ ULAŞIM DAİRE BAŞKANLIĞI,Yapım,"Kavşaklarda Altyapı ve Üstyapı Montaj Dahil Sinyalizasyon Sistemi Kurulması, Kavşaklara Adaptif Yönetim Sistemi Kurulması, Değişken Mesaj Sistemi Yaptırılması ve Trafik Güvenlik Malzemeleri Yaptırılması İşi",gray,works_contract_IT_installation,mixed,False,True
88,2024/1440570,58404550.0,ADAM TEKNOLOJİ YAZILIM VE DANIŞMANLIK HİZMETLERİ LİMİTED ŞİRKETİ,SAĞLIK UYGULAMA VE ARAŞTIRMA MERKEZİ MÜDÜRLÜĞÜ,Mal,"BİLGİ İŞLEM MERKEZİ İÇİN SWITCH DOLAPLARI, ALTYAPI İZLEME YÖNETİM YAZILIMI, KESİNTİSİZ GÜÇ KAYNAĞI VE MALZEMELERİ",IT,strong_IT_term,IT,False,True
89,2024/1752416,57500000.0,"ER-SAN MİMARLIK İNŞAAT SANAYİ TİCARET LİMİTED ŞİRKETİ, HATAYDORA İNŞAAT MİMARLIK DEKORASYON SANAYİ VE TİCARET LİMİTED ŞİRKETİ İş Ortaklığı",HATAY İL MİLLİ EĞİTİM MÜDÜRLÜĞÜ,Yapım,Kumlu Akkerpiç İlkokulu 8 Derslikli Yapım İşi,nonIT,works_contract,non-IT,False,True
90,2025/157233,56979970.0,MURTAZAOĞLU HAFRİYAT İNŞAAT NAKLİYAT TURİZM SANAYİ VE TİCARET LİMİTED ŞİRKETİ.,KOCAELİ SU VE KANALİZASYON İDARESİ GENEL MÜDÜRLÜĞÜ,Yapım,Gebze İlçesi Eskihisar ve Barış Dereleri ile Çayırova İlçesi Şekerpınar Mahallesi Güzel Sokak Dere Islahı ve Altyapı Hatları İnşaatı,nonIT,works_contract,non-IT,False,True
91,2024/1901960,56874029.5,DATA MARKET BİLGİ HİZMETLERİ ANONİM ŞİRKETİ,DEVLET HAVA MEYDANLARI İŞLETMESİ GENEL MÜDÜRLÜĞÜ (DHMİ) Satın Alma ve İkmal Dairesi Başkanlığı,Hizmet,Microsoft Yazılım Lisansları Yenileme ve Temini İşi,IT,strong_IT_term,IT,False,True
92,2025/2060934,56520000.0,FORTE BİLGİ İLETİŞİM TEKNOLOJİLERİ VE SAVUNMA SANAYİ ANONİM ŞİRKETİ,PERSONEL VE DESTEK HİZMETLERİ DAİRESİ BAŞKANLIĞI,Hizmet,"Bilgi İşlem Bakım, Onarım, Yazılım Geliştirme ve Destek Hizmeti Alımı",IT,strong_IT_term,IT,False,True
93,2024/1117535,56400000.0,FORTE BİLGİ İLETİŞİM TEKNOLOJİLERİ VE SAVUNMA SANAYİ ANONİM ŞİRKETİ,TÜRKİYE İŞ KURUMU DESTEK HİZMETLERİ DAİRESİ BAŞKANLIĞI,Mal,"3 Yıl Süreli Veri Merkezleri Donanım, Lisans, Parça Dahil Bakım-Onarım ve Teknik Destek Alımı",IT,strong_IT_term,IT,False,True
94,2025/2237550,56125097.0,İSTTELKOM İSTANBUL ELEKTRONİK HABERLEŞME VE ALTYAPI HİZMETLERİ SANAYİ VE TİCARET ANONİM ŞİRKETİ,İSTANBUL SU VE KANALİZASYON İDARESİ GENEL MÜDÜRLÜĞÜ,Hizmet,Oracle Veri Tabanı ve Oracle Orta Katman Ürünleri için Lisans Yenileme ve Teknik Destek Hizmeti Alımı İşi,IT,strong_IT_term,IT,False,True
95,2023/1182596,55980390.0,FONET BİLGİ TEKNOLOJİLERİ ANONİM ŞİRKETİ,MARDİN İL SAĞLIK MÜDÜRLÜĞÜ,Hizmet,36 AYLIK SAĞLIK BİLGİ YÖNETİM SİSTEMİ (SBYS) HİZMET ALIMI,IT,strong_IT_term,IT,False,True
96,2023/506556,55676448.0,KARDELEN BİLGİSAYAR İNŞAAT REKLAM ORMAN ÜRÜNLERİ TEKSTİL İTHALAT VE İHRACAT SANAYİ VE TİCARET LİMİTED ŞİRKETİ,İl Sağlık Müdürlüğü SAĞLIK BAKANLIĞI BAKAN YARDIMCILIKLARI,Hizmet,SAĞLIK BİLGİ YÖNETİM SİSTEMİ (SBYS) HİZMETİ ALIMI,IT,strong_IT_term,IT,False,True
97,2025/869773,55291438.8,TIPPLUS YAZILIM VE BİLİŞİM TEKNOLOJİLERİ ANONİM ŞİRKETİ,SAĞLIK BAKANLIĞI - BURSA İL SAĞLIK MÜDÜRLÜĞÜ,Hizmet,Bursa İl Sağlık Müdürlüğü 36 Aylık 4 Kısım HBYS Yazılım Hizmeti,IT,strong_IT_term,IT,False,True
98,2023/1172147,54870700.0,ÇEKİNO BİLGİ TEKNOLOJİLERİ ANONİM ŞİRKETİ,İSTANBUL BÜYÜKŞEHİR BELEDİYESİ AKILLI ŞEHİR MÜDÜRLÜĞÜ,Hizmet,İBB Yazılım Ve Uygulamaları İçin Uygulamalar Bütünü Çerçeve Yazılımı Geliştirilmesi(APP Framework) Ve Uzaktan Eğitim Platformu Alım İşi,IT,strong_IT_term,IT,False,True
99,2024/847685,53593807.5,PRESTİJ BİLGİ SİSTEMLERİ ARGE ANONİM ŞİRKETİ,İl Sağlık Müdürlüğü SAĞLIK BAKANLIĞI BAKAN YARDIMCILIKLARI,Hizmet,36 AYLIK HASTANE BİLGİ YÖNETİM SİSTEMLERİ (HBYS) HİZMETİ ALIMI,IT,strong_IT_term,IT,False,True
100,2023/1344738,52590000.0,AKTAŞ BİLGİ TEKNOLOJİLERİ SANAYİ VE TİCARET ANONİM ŞİRKETİ,BEŞİKTAŞ BELEDİYE BAŞKANLIĞI - DESTEK HİZMETLERİ MÜDÜRLÜĞÜ,Mal,LİSE VE ÜNİVERSİTE GİRİŞ SINAVLARINA HAZIRLANAN ÖĞRENCİLERE DİJİTAL KAYNAK DESTEĞİ YAZILIMI ALIM İŞİ,IT,strong_IT_term,IT,False,True
101,2022/1200303,52366722.0,FONET BİLGİ TEKNOLOJİLERİ ANONİM ŞİRKETİ,SAĞLIK BAKANLIĞI - DİYARBAKIR İL SAĞLIK MÜDÜRLÜĞÜ,Hizmet,Müdürlüğümüze Bağlı Sağlık Tesislerine Ait 36 Ay Süreli HBYS (Hastane Bilgi Yönetim Sistemi) Hizmet Alımı,IT,strong_IT_term,IT,False,True
102,2020/416551,51983776.0,ATOS BİLİŞİM VE DANIŞMANLIK ANONİM ŞİRKETİ,İzmir Su ve Kanalizasyon İdaresi Genel Müdürlüğü (İZSU),Hizmet,Bütünleşik Bilişim Hizmetleri Temini Alımı,IT,strong_IT_term,IT,False,True
103,2024/87354,51656232.0,FORTE BİLGİ İLETİŞİM TEKNOLOJİLERİ VE SAVUNMA SANAYİ ANONİM ŞİRKETİ,PERSONEL VE DESTEK HİZMETLERİ DAİRESİ BAŞKANLIĞI DİĞER ÖZEL BÜTÇELİ KURULUŞLAR MESLEKİ YETERLİLİK KURUMU,Hizmet,"Bilgi İşlem Bakım, Onarım, Yazılım Geliştirme ve Destek Hizmeti",IT,strong_IT_term,IT,False,True
104,2015/138228,51120556.0,MSD TEMİZLİK BİLGİ SİSTEM MEDİKAL SAĞLIK TURİZM İNŞAAT PETROL GIDA SANAYİ VE TİCARET LİMİTED ŞİRKETİ,Turgut Özal Tıp Merkezi Uyg. ve Araştırma Hastanesi YÜKSEKÖĞRETİM KURUMLARI İNÖNÜ ÜNİVERSİTESİ,Hizmet,"İnönü Üniversitesi Turgut Özal Tıp Merkezi ve Bağlı Birimlerin Genel Temizlik (malzemeli), Mutfak Destek Hizmetleri, İdari Destek Hizmetleri, Teknik Destek Hizmetleri ve İlaçlama Hizmet Alım İşi",nonIT,facility_staffing,non-IT,False,True
105,2025/1510964,50450000.0,UNİVERSAL YAZILIM ANONİM ŞİRKETİ,BİLGİ TEKNOLOJİLERİ ŞUBE MÜDÜRLÜĞÜ,Hizmet,"Finans Yönetim Sistemi (FYS) Geliştirme, Güncelleme ve Bakım İşi",IT,weak_term_IT_system,IT,False,True
106,2015/138270,49890000.24,SÜMERPAK TEMİZLİK HİZMETLERİ ANONİM ŞİRKETİ,Halk Sağlığı Müdürlüğü SAĞLIK BAKANLIĞI TÜRKİYE HALK SAĞLIĞI KURUMU,Hizmet,"Müdürlüğümüz ve Bağlı Birimlerin İhtiyaçları İçin 36 Aylık “Bilgi Sistem Kullanım Elemanı, Ekip Sorumlusu, Network Donanım Teknik Destek Ve Yazılım Bakım Elemanı""",gray,IT_user_staffing,mixed,False,True
107,2025/1360584,49610000.0,ELFCAN TEKNOLOJİ ANONİM ŞİRKETİ,DESTEK HİZMETLERİ GENEL MÜDÜRLÜĞÜ,Mal,1 Adet Dijital İkiz Dönüşümüne ait Malzeme ve Yazılım Alımı İşi,IT,strong_IT_term,IT,False,True
108,2023/1382605,49488000.0,ENTEGRES BİLİŞİM TEKNOLOJİLERİ LİMİTED ŞİRKETİ,KONYA B.B. SU KANAL İDARESİ,Mal,SU GÜVENLİĞİ YÖNETİM SİSTEMİ PROJESİ ALTYAPI VE YEDEKLİLİK  MONTAJLI MAL ALIMI,gray,automation_or_management_system_only,mixed,False,True
109,2017/410801,49287307.09,EMİN TEMİZLİK REKLAM MEDİKAL GÜVENLİK HAYVANCILIK ORMAN ÜRÜNLERİ İNŞAAT TAAHHÜT GIDA ÖZEL EĞİTİM HİZMETLERİ TİCARET VE SANAYİ LİMİTED ŞİRKETİ,Kamu Hastane Birliği SAĞLIK BAKANLIĞI TÜRKİYE KAMU HASTANELERİ KURUMU,Hizmet,"BİLGİ SİSTEMİ KULLANIM ELEMANI, HALKLA İLİŞKİLER, DANIŞMA VE YÖNLENDİRME ELEMANI VE DİŞ KLİNİK DESTEK ELEMANI HİZMETİ ALIMI",gray,IT_user_staffing,mixed,False,True
110,2025/967770,49000000.0,TURKGEN YAZILIM DANIŞMANLIK SANAYİ VE TİCARET ANONİM ŞİRKETİ,Bilgi İşlem Daire Başkanlığı YÜKSEKÖĞRETİM KURUMLARI İSTANBUL TEKNİK ÜNİVERSİTESİ,Hizmet,"İTÜ BİLGİ SİSTEMLERİ YAZILIM VE ALTYAPILARININ MODERNİZASYON, BAKIM VE SÜRDÜRÜLEBİLİRLİĞİ AMACIYLA (AĞUSTOS 2025- NİSAN 2026 TARİHLERİ ARASINDA)",IT,strong_IT_term,IT,False,True
111,2024/1047118,48946000.0,PRODAY BİLİŞİM TEKNOLOJİLERİ TİCARET ANONİM ŞİRKETİ,DESTEK HİZMETLERİ DAİRE BAŞKANLIĞI,Mal,Bilişim Ağları Altyapı,IT,strong_IT_term,IT,False,True
112,2025/1444616,48942000.0,ISSD BİLİŞİM ELEKTRONİK EĞİTİM SANAYİ VE TİCARET ANONİM ŞİRKETİ,TOKAT BELEDİYE BAŞKANLIĞI,Mal,Yapay Zeka Destekli Dinamik Kavşak Kontrol Sistemi Mal Alım İşi,IT,strong_IT_term,IT,False,True
113,2023/685564,48613306.0,KARDELEN BİLGİSAYAR İNŞAAT REKLAM ORMAN ÜRÜNLERİ TEKSTİL İTHALAT VE İHRACAT SANAYİ VE TİCARET LİMİTED ŞİRKETİ,AĞRI İL SAĞLIK MÜDÜRLÜĞÜ,Hizmet,AĞRI İL SAĞLIK MÜDÜRLÜĞÜ VE MÜDÜRLÜĞÜMÜZE BAĞLI SAĞLIK TESİSLERİNİN İHTİYACI OLAN 36 AYLIK HBYS/SBYS/DHBYS/YBBYS HİZMET ALIM İŞİ,IT,strong_IT_term,IT,False,True
114,2023/812655,48171783.0,FONET BİLGİ TEKNOLOJİLERİ ANONİM ŞİRKETİ,DENİZLİ İL SAĞLIK MÜDÜRLÜĞÜ,Hizmet,DENİZLİ İL SAĞLIK MÜDÜRLÜĞÜNE BAĞLI 2. BASAMAK SAĞLIK TESİSLERİNİN 36 AYLIK  SBYS (SAĞLIK BİLGİ YÖNETİM SİSTEMİ) DESTEK HİZMET ALIMI,IT,strong_IT_term,IT,False,True
115,2022/874367,47859400.0,İNTRON BİLİŞİM YAZILIM TANITIM VE TASARIM HİZMETLERİ SANAYİ TİCARET ANONİM ŞİRKETİ,HAZİNE VE MALİYE BAKANLIĞI - BİLGİ TEKNOLOJİLERİ GENEL MÜDÜRLÜĞÜ,Mal,Yazılım tanımlı geniş alan ağı (SD-WAN),IT,strong_IT_term,IT,False,True
116,2014/138960,47808501.36,5M KURUMSAL HİZMETLER İNŞAAT TURİZM ARAÇ KİRALAMA HİZMETLERİ SANAYİ VE TİCARET LİMİTED ŞİRKETİ,İl Sağlık Müdürlüğü - İstanbul Avrupa SAĞLIK BAKANLIĞI BAKAN YARDIMCILIKLARI,Hizmet,2015 - 2016 ve 2017 Yılları İçin Müdürlüğümüz ve Bağlı Birimlerine 630 Kişi İle Bilgi İşlem ve Bilgi Sistemi Kullanım Elemanı Hizmet Alımı İşi,gray,IT_user_staffing,mixed,False,True
117,2025/1666460,47290000.0,NEX TEKNOLOJİ ANONİM ŞİRKETİ,Muğla Su ve Kanalizasyon İdaresi Genel Müdürlüğü Bilgi İşlem Dairesi Başkanlığı,Mal,Siber Güvenlik ve Yazılım Ürünleri,IT,strong_IT_term,IT,False,True
118,2017/463172,47112105.94,"ALTINORDU KURUMSAL PERSONEL HİZMETLERİ ANONİM ŞİRKETİ, PAMUKKALE KURUMSAL PERSONEL HİZMETLERİ ANONİM ŞİRKETİ İş Ortaklığı",Kamu Hastane Birliği SAĞLIK BAKANLIĞI TÜRKİYE KAMU HASTANELERİ KURUMU,Hizmet,BİRLİĞİMİZE BAĞLI SAĞLIK TESİSLERİNİN 2018-2019-2020 YILLARI 36 AYLIK OTOMASYON SİSTEMİNE YÖNELİK BİLGİSAYAR KULLANICISI TOPLU HİZMET ALIMI,gray,IT_user_staffing,mixed,False,True
119,2022/1076386,46800000.0,ZİRVEDEKİ BEYİNLER BİLİŞİM EĞİTİM ÖĞRETİM HİZMETLERİ İNŞAAT TURİZM BASIM YAYIN DAĞITIM SANAYİ VE TİCARET LİMİTED ŞİRKETİ,"COĞRAFİ BİLGİ SİSTEMLERİ GEN. MÜD. ÇEVRE, ŞEHİRCİLİK VE İKLİM DEĞİŞİKLİĞİ BAKANLIĞI BAKAN YARDIMCILIKLARI",Hizmet,"ÇEVRE, ŞEHİRCİLİK VE İKLİM DEĞİŞİKLİĞİ BAKANLIĞI 2023 YILI BİLİŞİM SİSTEMLERİ GELİŞTİRME VE BAKIM DANIŞMANLIK HİZMETLERİ TEMİNİ",IT,strong_IT_term,IT,False,True
120,2023/139977,46780767.0,KARDELEN BİLGİSAYAR İNŞAAT REKLAM ORMAN ÜRÜNLERİ TEKSTİL İTHALAT VE İHRACAT SANAYİ VE TİCARET LİMİTED ŞİRKETİ,İl Sağlık Müdürlüğü SAĞLIK BAKANLIĞI BAKAN YARDIMCILIKLARI,Hizmet,36 Aylık  Sağlık Bilgi Yönetim Sistemi (SBYS) ve Yoğun Bakım Bilgi Yönetim Sistemi (YBBYS) Hizmet Alımı,IT,strong_IT_term,IT,False,True
121,2025/1754581,45363051.9,KARDELEN GLOBAL BİLGİ TEKNOLOJİLERİ ANONİM ŞİRKETİ,BARTIN İL SAĞLIK MÜDÜRLÜĞÜ,Hizmet,SBYS (SAĞLIK BİLGİ YÖNETİM SİSTEMİ) HİZMETİ ALIMI İŞİ,IT,strong_IT_term,IT,False,True
122,2013/97795,45291248.52,PİRİPAK END.TEMİZ.OR TURİZM İNŞ.PAZ.S AN.VE TİC.A.Ş.,Kamu Hastane Birliği (Fatih) SAĞLIK BAKANLIĞI TÜRKİYE KAMU HASTANELERİ KURUMU,Hizmet,2014-2015-2016 YILI BİLGİ SİSTEMİ KULLANIM ELEMANI HİZMET ALIMI İHALESİ,gray,IT_user_staffing,mixed,False,True
123,2025/1671688,44800000.0,JFORCE BİLİŞİM TEKNOLOJİLERİ ANONİM ŞİRKETİ,DESTEK HİZMETLERİ DAİRE BAŞKANLIĞI,Hizmet,"Muhasebe Veri Tabanı, İçerik Yönetimi ve Veri Tabanı Aktivite İzleme ve CDC Yazılımı  Lisans Güncelleme ve Destek Bakım",IT,strong_IT_term,IT,False,True
124,2012/141800,44745290.55,BİNTED BURSA İNSAN K AY TA EĞİ DAN HİZ İM İNŞ TİC LTD ŞTİ,BURSA BÜYÜKŞEHİR BELEDİYESİ BURSA SU VE KANALİZASYON İDARESİ GENEL MÜDÜRLÜĞÜ (BUSKİ),Hizmet,"BUSKİ Altyapı Projeleri Planlama, Uygulama, Bilgi İşlem, Bakım İşletim Hizmetlerine Teknik Destek Sağlanması Hizmet Alımı İşi.",gray,manual_override(was IT),mixed,True,True
125,2025/62771,44737000.0,BARİKAT İNTERNET GÜVENLİĞİ BİLİŞİM TİCARET ANONİM ŞİRKETİ,İLLER BANKASI ANONİM ŞİRKETİ GENEL MÜDÜRLÜĞÜ - YATIRIM KOORDİNASYON DAİRESİ BAŞKANLIĞI,Hizmet,İller Bankası AŞ Bilişim Güvenliği ve Ağ Çözümleri Lisans Güncellemelerinin Alınması,IT,strong_IT_term,IT,False,True
126,2024/1449898,44432040.0,DESTEK BİLGİSAYAR VE İLETİŞİM HİZMETLERİ TİCARET ANONİM ŞİRKETİ,COĞRAFİ BİLGİ SİSTEMLERİ GENEL MÜDÜRLÜĞÜ,Hizmet,MERKEZ HİZMET BİRİMLERİ ENVANTERİNE KAYITLI BİLİŞİM CİHAZLARI PARÇA DAHİL BAKIM ONARIM VE HİZMET ALIMI İŞİ,IT,strong_IT_term,IT,False,True
127,2024/1408892,44419600.0,PRODAY BİLİŞİM TEKNOLOJİLERİ TİCARET ANONİM ŞİRKETİ,TÜRKİYE CUMHURİYETİ DEVLET DEMİRYOLLARI TAŞIMACILIK ANONİM ŞİRKETİ GENEL MÜDÜRLÜĞÜ,Hizmet,"Ağ, Sistem Ve Güvenlik Yazılım Lisans Danışmanlık",IT,strong_IT_term,IT,False,True
128,2023/439483,43900000.0,TCDD TEKNİK MÜHENDİSLİK VE MÜŞAVİRLİK ANONİM ŞİRKETİ,ETİ MADEN İŞLETMELERİ GENEL MÜDÜRLÜĞÜ Satınalma Dairesi Başkanlığı,Hizmet,GENEL MÜDÜRLÜĞÜMÜZÜN İHTİYACI OLAN KURUMSAL KAYNAK YÖNETİM SİSTEMİ (ETİ KKYS) YAZILIMLARI VE BİLEŞENLERİ DANIŞMANLIK BAKIM VE TEKNİK HİZMET ALIMI,IT,strong_IT_term,IT,False,True
129,2024/1772755,43872000.0,INNOSA YAZILIM TEKNOLOJİLERİ ANONİM ŞİRKETİ,İZMİR BÜYÜKŞEHİR BELEDİYESİ SATIN ALMA DAİRESİ BAŞKANLIĞI HİZMET ALIMLARI ŞUBE MÜDÜRLÜĞÜ,Hizmet,"YAZILIM GELİŞTİRME, YAZILIM DESTEK, VERİ TABANI BAKIM VE VERİ TABANI YÖNETİM HİZMETİ",IT,strong_IT_term,IT,False,True
130,2023/190696,43800000.0,KONUMSAL BİLGİ SİSTEMLERİ SANAYİ TİCARET LİMİTED ŞİRKETİ,İdari ve Mali İşler Dairesi Başkanlığı DİĞER ÖZEL BÜTÇELİ KURULUŞLAR ORMAN GENEL MÜDÜRLÜĞÜ,Hizmet,Orman Bilgi Sistemi ( ORBİS) Bakım ve Destek,IT,strong_IT_term,IT,False,True
131,2015/126922,43498600.0,BAYBORA OTOMASYON BİLİŞİM HİZM.TURZ.TAŞ.GIDA SAN.LTD.ŞTİ.,Kamu Hastane Birliği SAĞLIK BAKANLIĞI TÜRKİYE KAMU HASTANELERİ KURUMU,Hizmet,"2016-2017-2018 Yılları Bilgi Sistemi Kurulum ve/veya Kullanımına ve/veya Network, Donanım Teknik Destek Yazılım Bakım Hizmet Alımı, Diş Klinik Destek Hizmet Alımı ve Tercümanlık Hizmetleri Alımı",gray,IT_user_staffing,mixed,False,True
132,2023/1292699,43366000.0,PRODAY BİLİŞİM TEKNOLOJİLERİ TİCARET ANONİM ŞİRKETİ,EGM DESTEK HİZMETLERİ DAİRE BAŞKANLIĞ İÇİŞLERİ BAKANLIĞI EMNİYET GENEL MÜDÜRLÜĞÜ,Mal,BİLİŞİM AĞLARI ALTYAPI,IT,strong_IT_term,IT,False,True
133,2024/1626012,43200000.0,ANKA COĞRAFİ BİLGİ TEKNOLOJİLERİ SANAYİ TİCARET LİMİTED ŞİRKETİ,HATAY BÜYÜKŞEHİR BELEDİYESİ SATIN ALMA DAİRESİ BAŞKANLIĞI,Hizmet,Coğrafi Bilgi Sistemi  (CBS) Tabanlı Dijital Platformun Geliştirilmesi ve  Mobil Haritalama Çekim İşi,IT,strong_IT_term,IT,False,True
134,2025/751342,43138800.0,KARDELEN BİLGİSAYAR İNŞAAT REKLAM ORMAN ÜRÜNLERİ TEKSTİL İTHALAT VE İHRACAT SANAYİ VE TİCARET LİMİTED ŞİRKETİ,İl Sağlık Müdürlüğü SAĞLIK BAKANLIĞI BAKAN YARDIMCILIKLARI,Hizmet,SAĞLIK BİLGİ YÖNETİM SİSTEMİ VE YOĞUN BAKIM BİLGİ YÖNETİM SİSTEMİ (SBYS VE YBBYS) YAZILIM HİZMET ALIMI,IT,strong_IT_term,IT,False,True
135,2018/168614,42827653.0,İSTANBUL UYGULAMALIGAZ.VE EN.TEK.ARMÜH.SAN.VE Tİ.AŞ,İstanbul Su ve Kanalizasyon İdaresi Genel Müdürlüğü,Hizmet,İSKİ Kurumsal Varlık Yönetim Sistemi Temelli Akıllı Şebekeler Dönüşümü,IT,weak_term_IT_system,IT,False,True
136,2021/520031,42296500.0,NEX TEKNOLOJİ ANONİM ŞİRKETİ,İLLER BANKASI ANONİM ŞİRKETİ GENEL MÜDÜRLÜĞÜ - YATIRIM KOORDİNASYON DAİRESİ BAŞKANLIĞI,Mal,"İLLER BANKASI AŞ VERİ MERKEZİ, İŞ SÜREKLİLİĞİ, AĞ VE SİBER GÜVENLİK CİHAZLARI ALIMI",IT,strong_IT_term,IT,False,True
137,2025/1827198,41650000.0,FORTE BİLGİ İLETİŞİM TEKNOLOJİLERİ VE SAVUNMA SANAYİ ANONİM ŞİRKETİ,Bilgi İşlem Dairesi Başkanlığı GENÇLİK VE SPOR BAKANLIĞI BAKAN YARDIMCILIKLARI,Mal,Yüksek Performanslı Veri Tabanı Yönetim Sistemi ve Harici Depolama Donanım Sistemi Mal,IT,strong_IT_term,IT,False,True
138,2023/1252185,41103900.0,FORTE BİLGİ İLETİŞİM TEKNOLOJİLERİ VE SAVUNMA SANAYİ ANONİM ŞİRKETİ,BİLGİ TEKNOLOJİLERİ GENEL MÜDÜRLÜĞÜ KÜLTÜR VE TURİZM BAKANLIĞI,Hizmet,"Parça Dahil Bakım Onarım, Lisans Güncelleştirme ve Teknik Destek Hizmeti Alımı",IT,strong_IT_term,IT,False,True
139,2024/1211581,40925844.0,AKGÜN BİLGİSAYAR PROGRAM VE HİZMETLERİ SANAYİ TİCARET ANONİM ŞİRKETİ,İl Sağlık Müdürlüğü SAĞLIK BAKANLIĞI BAKAN YARDIMCILIKLARI,Hizmet,SAĞLIK BİLGİ YÖNETİM SİSTEMİ YAZILIMI VE LABORATUVAR YÖNETİM SİSTEMİ (LBYS) HİZMET ALIMI,IT,strong_IT_term,IT,False,True
140,2023/1254358,40890000.0,"KEOS YAPI İNŞAAT GIDA SANAYİ TİCARET LİMİTED ŞİRKETİ, ASBEN İNŞAAT TİCARET ANONİM ŞİRKETİ İş Ortaklığı",Yapı İşleri ve Teknik Daire Başkanlığı YÜKSEKÖĞRETİM KURUMLARI BOĞAZİÇİ ÜNİVERSİTESİ,Yapım,BÜ Güney Kampüs Bilgi İşlem Binasının Depreme Karşı Güçlendirilmesi Yapılarak Veri Bilimi ve Yapay Zeka Enstitüsüne Dönüştürülmesi İşi,nonIT,manual_override(was nonIT),non-IT,True,True
141,2016/593442,40203586.5,İSBAK İSTANBUL BİLİŞİM VE AKILLI KENT TEKNOLOJİLERİ A.Ş.,İSTANBUL BÜYÜKŞEHİR BELEDİYESİ COĞRAFİ BİLGİ SİSTEMİ MÜDÜRLÜĞÜ,Hizmet,Coğrafi Bilgi Sistemi Müdürlüğü'ndeki Mevcut Coğrafi Veritabanının İşletilmesi Ve Yönetilmesi İle Kullanımda Olan Uygulama Programlarının Ve Web Servislerinin Bakımının Yapılmasına İlişkin Hizmet Alımı İşi,IT,strong_IT_term,IT,False,True
142,2021/633509,39973000.0,PSEUDONYM_089,Yapı İşleri ve Teknik Daire Başkanlığı YÜKSEKÖĞRETİM KURUMLARI İSTANBUL TEKNİK ÜNİVERSİTESİ,Yapım,"İTÜ Ayazağa Yerleşkesi Bilgisayar ve Bilişim Fakültesi Binası Tamamlama, Onarım, Tadilat ve Yenileme İnşaatı (2021)",nonIT,works_contract,non-IT,False,True
143,2024/1227595,39950000.0,İNNOVA BİLİŞİM ÇÖZÜMLERİ ANONİM ŞİRKETİ,DEVLET HAVA MEYDANLARI İŞLETMESİ GENEL MÜDÜRLÜĞÜ (DHMİ) Satın Alma ve İkmal Dairesi Başkanlığı,Hizmet,01.01.2025-31.12.2026 Tarihleri Arası (24 ay) Bilişim Sistemlerinin Yedek Parça Dahil Bakım ve Onarım,IT,strong_IT_term,IT,False,True
144,2024/1832226,39720000.0,FPİCT BİLİŞİM SİSTEMLERİ FİNANSAL DANIŞMANLIK VE TİCARET LİMİTED ŞİRKETİ,SAĞLIK UYGULAMA VE ARAŞTIRMA MERKEZİ MÜDÜRLÜĞÜ,Hizmet,"EĞİTİM VE KALİTE YÖNETİM SİSTEMİ YAZILIMI, SAĞLIKTA KALİTE SİSTEMİ DOKÜMANTASYONU, SPICE LEVEL-2 VE KAĞITSIZ HASTANE DANIŞMANLIĞI",IT,strong_IT_term,IT,False,True
145,2025/1446772,39698451.0,PANTECH TEKNOLOJİ VE İNOVASYON ÇÖZÜMLERİ ANONİM ŞİRKETİ,MUĞLA BÜYÜKŞEHİR BELEDİYESİ DESTEK HİZMETLER DAİRESİ BAŞKANLIĞI,Mal,"3 Kısım 151 Kalem Bilgisayar, Yazılım ve Bilgi Sistemleri Yan Donanımları Satın Alımı",IT,strong_IT_term,IT,False,True
146,2024/1159818,39490038.0,AKGÜN BİLGİSAYAR PROGRAM VE HİZMETLERİ SANAYİ TİCARET ANONİM ŞİRKETİ,İl Sağlık Müdürlüğü SAĞLIK BAKANLIĞI BAKAN YARDIMCILIKLARI,Hizmet,Artvin İl Sağlık Müdürlüğüne Bağlı Sağlık Tesisleri Hastane Bilgi Yönetim Sistemi,IT,strong_IT_term,IT,False,True
147,2024/286168,39490000.0,RESOLUTİON7 TEKNOLOJİ ANONİM ŞİRKETİ,SAĞLIK UYGULAMA VE ARAŞTIRMA MERKEZİ MÜDÜRLÜĞÜ,Mal,VERİ SIZINTISI ÖNLEME YAZILIMI VE UÇ NOKTA GÜVENLİĞİ YAZILIMI,IT,strong_IT_term,IT,False,True
148,2024/689187,38600000.0,RESOLUTİON7 TEKNOLOJİ ANONİM ŞİRKETİ,SAĞLIK UYGULAMA VE ARAŞTIRMA MERKEZİ MÜDÜRLÜĞÜ,Mal,GENİŞLETİLMİŞ TESPİT MÜDAHALE VE GÜVENLİK OLAY BİLGİ YÖNETİMİ YAZILIMLARI,IT,strong_IT_term,IT,False,True
149,2025/760816,38473236.0,AKGÜN BİLGİSAYAR PROGRAM VE HİZMETLERİ SANAYİ TİCARET ANONİM ŞİRKETİ,İl Sağlık Müdürlüğü SAĞLIK BAKANLIĞI BAKAN YARDIMCILIKLARI,Hizmet,Müdürlüğümüz ve Bağlı Sağlık Tesislerinde Kullanılmak Üzere 36 Aylık Sağlık Bilgi Yönetim Sistemi (SBYS) Hizmet Alım İşi,IT,strong_IT_term,IT,False,True
150,2024/156513,37814000.0,MERSİN BÜYÜKŞEHİR İMAR İNŞAAT ELEKTRİK ÜRETİM ÖZEL GÜVENLİK HİZMETLERİ SANAYİ VE TİCARET ANONİM ŞİRKETİ,MERSİN BÜYÜKŞEHİR BELEDİYESİ Bilgi İşlem Dairesi Başkanlığı,Hizmet,ELEKTRONİK ÜCRET TOPLAMA SİSTEMİ YAZILIM VE DONANIMLARI İLE İLGİLİ ONARIM VE TEKNİK DESTEK HİZMET ALIMI,IT,strong_IT_term,IT,False,True
