scenario,sigma,calibration_status,rep,incumbency_all_eligible,OR_incumbent_main,OR_incumbent_plac,OR_future_only,past_future_ratio,OR_inc_last,OR_inc_earlier,last_earlier_ratio,share_chosen_incumbent,share_chosen_future_only,share_chosen_last
legacy_all_fixed,2.90625,matched_within_0.01,0,0.461021778953796,52.12818179096461,73.14701043176478,36.24386704645774,2.018190010961144,59.45057295712267,26.85406593676417,2.213838794360474,0.7022900763358778,0.0627281778957849,0.5688682376369067
legacy_all_fixed,2.90625,matched_within_0.01,1,0.4591899043354366,50.37940353640271,71.88046192463666,51.97972686667638,1.3828557065912257,57.66345698932239,25.171663714529483,2.2908083328651068,0.6969797543976104,0.0687022900763358,0.5688682376369067
legacy_all_fixed,2.90625,matched_within_0.01,2,0.4577651129656014,46.100091160008745,65.22589631796657,40.357172533562725,1.616215711438208,53.25805274724586,21.88686206344771,2.4333343259922957,0.6943245934284766,0.0653833388649186,0.5692001327580485
legacy_all_fixed,2.90625,matched_within_0.01,3,0.4563403215957663,47.285297428633854,62.20596473896456,32.896995944041805,1.890931465133706,54.778871637642816,23.013694688089057,2.380272806260618,0.6936608031861932,0.0580816461998008,0.568536342515765
legacy_all_fixed,2.90625,matched_within_0.01,4,0.4581721962141258,46.92610667837192,65.69363253149601,42.5928730467564,1.5423620862434122,53.58594779407654,23.693144615062824,2.2616646572109924,0.6969797543976104,0.0653833388649186,0.5642217059409227
legacy_all_fixed,2.90625,matched_within_0.01,5,0.4589863627111744,48.10692918683298,69.99964409366396,45.68332485475937,1.5322799799754785,55.731366118154654,21.64530277262378,2.574755673486893,0.6966478592764687,0.069697975439761,0.5665449717889147
legacy_all_fixed,2.90625,matched_within_0.01,6,0.4579686545898636,48.330339805810745,66.65137992902183,48.50316916978135,1.3741654632033249,55.91281630369168,21.838722297101476,2.560260419223915,0.6953202787919017,0.0640557583803518,0.5765018254231663
legacy_all_fixed,2.90625,matched_within_0.01,7,0.4595969875839609,50.76288040188373,70.84320453894173,48.55284958371964,1.459094680257373,59.21923723810234,22.95404136891221,2.579904614021732,0.6989711251244607,0.0650514437437769,0.5774975107865914
legacy_all_fixed,2.90625,matched_within_0.01,8,0.4543049053531447,46.4162772319262,65.69469142881427,46.58729212884713,1.4101418740355531,52.749733710324165,23.61242498826764,2.23398205548706,0.6906737470959177,0.0653833388649186,0.562562230335214
legacy_all_fixed,2.90625,matched_within_0.01,9,0.4563403215957663,46.57970260792412,63.64609265977063,41.662697268126,1.5276517564421592,52.89383949162079,23.521216468992847,2.2487714256339078,0.692665117822768,0.06372386325921,0.5648854961832062
legacy_all_fixed,2.90625,matched_within_0.01,10,0.4524730307347853,44.44082992282416,60.2757936586048,36.42581486707829,1.6547548456652963,49.715682793089165,26.25892356432558,1.8932871589843492,0.6883504812479256,0.0643876535014935,0.5462993693992698
legacy_all_fixed,2.90625,matched_within_0.01,11,0.457154488092815,49.49146824292431,72.62653350530438,53.72009787221298,1.3519434323828894,56.58151866901781,25.3191768014869,2.2347297904920427,0.69498838367076,0.072021241287753,0.5582475937603717
legacy_all_fixed,2.90625,matched_within_0.01,12,0.4638713616934663,50.72937530158663,70.73126907244308,42.97437158506621,1.6458942030701509,58.86798977457632,23.199499082950407,2.5374681394668177,0.705609027547295,0.0640557583803518,0.5808164619980086
legacy_all_fixed,2.90625,matched_within_0.01,13,0.4492163647465906,43.85819349742116,59.96612830335558,36.77702706260426,1.6305322396309336,52.43810709425134,17.623545644724995,2.975457274679962,0.6823763690673748,0.0623962827746432,0.5655492864254895
legacy_all_fixed,2.90625,matched_within_0.01,14,0.4567474048442906,49.480497849287566,67.75449414572068,38.37435506645151,1.7656190971390302,57.30964025689127,23.70730515710306,2.41738316004763,0.6939926983073349,0.0623962827746432,0.5632260205774975
legacy_all_fixed,2.90625,matched_within_0.01,15,0.4530836556075717,45.415684558281065,63.48922228144355,40.84149188091966,1.5545275002822427,53.83860307550366,19.76187037422234,2.724367787865438,0.6876866910056422,0.0683703949551941,0.5652173913043478
legacy_all_fixed,2.90625,matched_within_0.01,16,0.461021778953796,44.92841387851957,66.62215585778866,49.74236840362915,1.3393442651783338,52.78103929817532,20.78268478584817,2.5396641407041027,0.6996349153667442,0.0713574510454696,0.5695320278791902
legacy_all_fixed,2.90625,matched_within_0.01,17,0.4636678200692041,52.10266152476955,73.55412896361,45.67261586798029,1.610464554432859,59.51309012554721,26.325856421587225,2.2606326332748066,0.7036176568204447,0.0663790242283438,0.5765018254231663
legacy_all_fixed,2.90625,matched_within_0.01,18,0.4504376144921636,45.81826605749846,62.83272088474162,40.941799688130814,1.5346839016204037,52.11483650148519,23.69132242188917,2.1997436687339422,0.6846996349153668,0.0657152339860604,0.5492864254895453
legacy_all_fixed,2.90625,matched_within_0.01,19,0.4606146957052717,50.75003789056428,73.04568001286921,37.57207069269533,1.9441483704828268,58.320317677749664,24.648284606957603,2.3661004653154354,0.6989711251244607,0.0680384998340524,0.5748423498174576
legacy_all_fixed,2.90625,matched_within_0.01,20,0.4561367799715041,48.61702273869916,70.99426202371492,39.31569762692058,1.8057485001894795,56.17820105066985,22.38260142695239,2.5099049024311317,0.6943245934284766,0.0703617656820444,0.5692001327580485
legacy_all_fixed,2.90625,matched_within_0.01,21,0.4595969875839609,51.36758142392556,70.69261521208163,43.289087911282216,1.6330354512657073,58.47491053402613,25.902493625968305,2.2575012034904103,0.698639230003319,0.0653833388649186,0.5665449717889147
legacy_all_fixed,2.90625,matched_within_0.01,22,0.455933238347242,49.66478741210722,70.39499914032179,38.34860916513571,1.8356597715757772,55.43824572780312,27.249392125977337,2.034476419565809,0.6936608031861932,0.0657152339860604,0.5622303352140724
legacy_all_fixed,2.90625,matched_within_0.01,23,0.4504376144921636,43.23675631588075,60.29695960092105,38.42394194281932,1.5692549111866794,50.58407356213383,20.182137755609176,2.5063783715416923,0.6813806837039496,0.0667109193494855,0.5585794888815134
legacy_all_fixed,2.90625,matched_within_0.01,24,0.4581721962141258,47.48736727765734,66.67471756227307,44.91729111427224,1.4843886598737368,53.65904015403941,24.62124984892125,2.179379214430514,0.6956521739130435,0.0660471291072021,0.5648854961832062
legacy_all_fixed,2.90625,matched_within_0.01,25,0.4604111540810096,49.123973112661,67.43003030276773,50.45062117558332,1.3365550062920133,55.55967486771307,26.1057197652214,2.1282567715957352,0.6976435446398938,0.0680384998340524,0.5678725522734815
legacy_all_fixed,2.90625,matched_within_0.01,26,0.4563403215957663,45.52853790036852,65.67370503220153,37.93655262530846,1.7311458339624906,52.04513820397928,23.39557894484619,2.224571502448085,0.6923332227016263,0.0703617656820444,0.5605708596083637
legacy_all_fixed,2.90625,matched_within_0.01,27,0.4530836556075717,46.94663699780398,63.92819981852188,33.32843662674671,1.9181277698221904,55.12204766859008,19.87189445010465,2.773869789163448,0.6896780617324926,0.0610687022900763,0.5758380351808828
legacy_all_fixed,2.90625,matched_within_0.01,28,0.4638713616934663,48.98945246588024,71.66246945783341,42.16287661968444,1.6996579741045603,55.5376406190182,25.977276030381383,2.1379316504957973,0.7059409226684368,0.0687022900763358,0.5718552937271822
legacy_all_fixed,2.90625,matched_within_0.01,29,0.4463667820069204,42.42482455185521,59.02363898596956,45.21052703610506,1.3055286645703856,49.91654242920045,18.47343508837311,2.7020714983656253,0.6750746764022569,0.067374709591769,0.549618320610687
legacy_all_fixed,2.90625,matched_within_0.01,30,0.459800529208223,51.276420974147264,71.00078164508716,31.389043422301977,2.2619606685637628,58.987360958746336,24.16525902519181,2.4409984969436147,0.6983073348821772,0.0650514437437769,0.5755061400597411
legacy_all_fixed,2.90625,matched_within_0.01,31,0.4557296967229798,45.87541548035627,63.24307311784701,33.474012072321244,1.889318584853502,53.47954656091911,20.292621118738403,2.635418374393024,0.6923332227016263,0.0627281778957849,0.568536342515765
legacy_all_fixed,2.90625,matched_within_0.01,32,0.4654996946875636,53.9248760418236,80.10718476310129,54.37795797837923,1.4731554427798124,63.08381162554344,23.90857664033797,2.6385431711191862,0.7079322933952871,0.0680384998340524,0.5804845668768669
legacy_all_fixed,2.90625,matched_within_0.01,33,0.4581721962141258,51.07611854021631,71.13267873286688,41.759453040021455,1.703391054109226,57.81527783309518,25.38152845824796,2.27784855148499,0.6956521739130435,0.0650514437437769,0.5738466644540325
legacy_all_fixed,2.90625,matched_within_0.01,34,0.4543049053531447,46.9794676379986,66.54354385368408,43.4320961539964,1.532128304785057,54.42278805745151,22.25775447544698,2.4451158411998164,0.6880185861267839,0.069697975439761,0.562562230335214
legacy_all_fixed,2.90625,matched_within_0.01,35,0.4573580297170771,47.87018189265629,67.94081119480275,43.0722890004041,1.5773670908032154,53.42841655735176,25.974669698147316,2.0569430594592943,0.6966478592764687,0.0680384998340524,0.5672087620311982
legacy_all_fixed,2.90625,matched_within_0.01,36,0.4606146957052717,47.16904634897816,68.21607613878545,43.74521350722384,1.5593952039466137,55.14139265846176,21.89735768633789,2.5181756378243456,0.698639230003319,0.0663790242283438,0.5668768669100565
legacy_all_fixed,2.90625,matched_within_0.01,37,0.4579686545898636,50.800475883396224,73.29401049365514,38.85861698211818,1.886171361358108,58.70769578888803,23.65999998796876,2.4813058249679294,0.697311649518752,0.0670428144706272,0.568536342515765
legacy_all_fixed,2.90625,matched_within_0.01,38,0.4614288622023204,49.34842706024134,72.27499101872439,49.00554166966997,1.4748330200267152,56.9921843686129,22.637921129769285,2.5175538001882662,0.6999668104878858,0.0723531364088947,0.5761699303020246
legacy_all_fixed,2.90625,matched_within_0.01,39,0.458375737838388,48.02317209058163,66.83118249199424,41.555551520670925,1.6082371679930778,54.80366051916388,23.961243812138644,2.287179286218883,0.6966478592764687,0.0663790242283438,0.5665449717889147
legacy_all_fixed,2.90625,matched_within_0.01,40,0.4612253205780582,47.03895408464628,68.6897912178495,51.46237875002546,1.3347574069886057,53.93737777941002,22.32807381468796,2.415675361299132,0.7002987056090275,0.0716893461666113,0.5741785595751743
legacy_all_fixed,2.90625,matched_within_0.01,41,0.459800529208223,49.06510784835942,72.20098481648384,53.14455406721225,1.358577300793056,58.24452586598581,17.783309026203995,3.2752355470043035,0.6983073348821772,0.0693660803186193,0.5834716229671424
legacy_all_fixed,2.90625,matched_within_0.01,42,0.4581721962141258,48.011235620941775,70.15896754263389,54.71932118819961,1.282160780126123,54.64806872727407,25.3765789800817,2.153484469682372,0.6946564885496184,0.0713574510454696,0.562562230335214
legacy_all_fixed,2.90625,matched_within_0.01,43,0.4520659474862609,44.888136147906,61.77748648315847,43.29040868701334,1.427047892520614,51.68521728406595,22.36590471467113,2.3108932074705,0.6846996349153668,0.067374709591769,0.5552605376700962
legacy_all_fixed,2.90625,matched_within_0.01,44,0.4581721962141258,45.48119219086393,65.64613140402648,45.71531751119114,1.435976713668373,53.92297250461894,17.632809263157704,3.0581044517555425,0.6943245934284766,0.069697975439761,0.5834716229671424
legacy_all_fixed,2.90625,matched_within_0.01,45,0.4587828210869122,47.84499281448464,69.16306161771439,48.65273870528746,1.4215656396378344,55.8620717149557,21.48663885488257,2.5998515678622174,0.6969797543976104,0.0690341851974776,0.5735147693328908
legacy_all_fixed,2.90625,matched_within_0.01,46,0.4500305312436393,45.43983012481076,65.07269349663808,46.91349524703752,1.3870783482232072,54.185091755922414,18.45518266521052,2.93603659952202,0.6817125788250913,0.0693660803186193,0.5655492864254895
legacy_all_fixed,2.90625,matched_within_0.01,47,0.4565438632200285,49.74830427539297,66.56337132443977,33.03230064131859,2.015099464224986,56.36434526790767,25.23203452428957,2.2338406842955383,0.6943245934284766,0.0610687022900763,0.566213076667773
legacy_all_fixed,2.90625,matched_within_0.01,48,0.461021778953796,48.50167914582268,68.76129738777819,43.97913203708649,1.5634982820896404,56.722768609901344,20.458444029071288,2.772584685780538,0.7002987056090275,0.0657152339860604,0.5771656156654498
legacy_all_fixed,2.90625,matched_within_0.01,49,0.4492163647465906,44.2490079586345,61.20985907464542,40.05364602031011,1.528196934771121,50.88495656368888,21.79256673402185,2.3349684864908054,0.6817125788250913,0.0657152339860604,0.5549286425489546
legacy_all_fixed,2.90625,matched_within_0.01,50,0.4522694891105231,46.26632546827867,63.874947608245535,39.871863649650514,1.6020055688770247,55.75930584619549,16.7525768087033,3.3284017427830808,0.6856953202787919,0.0650514437437769,0.576833720544308
legacy_all_fixed,2.90625,matched_within_0.01,51,0.4636678200692041,52.62010873236994,71.98506918590657,38.54735715498516,1.8674449949053653,62.42587676789805,20.043674019412787,3.114492717624377,0.7059409226684368,0.06372386325921,0.5907733156322602
legacy_all_fixed,2.90625,matched_within_0.01,52,0.4508446977406879,43.37046061826658,62.405539681834334,38.90622449697194,1.603998858503768,49.66953008338258,22.58050809975512,2.1996639696482845,0.6840358446730833,0.0710255559243279,0.5529372718221042
legacy_all_fixed,2.90625,matched_within_0.01,53,0.4575615713413393,44.55899978727005,62.09152149837085,44.47359774558577,1.3961434344387789,51.42019142970765,22.257767287765283,2.3102133634927733,0.6953202787919017,0.0683703949551941,0.5645536010620644
legacy_all_fixed,2.90625,matched_within_0.01,54,0.462243028699369,52.811966411243,79.28558851036219,51.791245661804034,1.5308685376693922,60.99910682215882,23.828125999189485,2.5599624084677792,0.700962495851311,0.0716893461666113,0.576833720544308
legacy_all_fixed,2.90625,matched_within_0.01,55,0.4699776104213312,55.89246021095249,83.17208410164989,52.342394863917335,1.589000356553904,63.15741275371808,27.7441892505244,2.2764194759277143,0.7139064055758381,0.0706936608031861,0.5844673083305676
legacy_all_fixed,2.90625,matched_within_0.01,56,0.4543049053531447,46.79859474079389,67.65660018323337,44.41459569570029,1.5232965452792155,54.580471877247966,22.869011278986648,2.386656388918729,0.6913375373382011,0.0693660803186193,0.5559243279123797
legacy_all_fixed,2.90625,matched_within_0.01,57,0.4608182373295338,49.57139617035672,68.1399632469165,44.18039673123846,1.5423121630489351,57.743687808835446,21.662300632001283,2.66563043278662,0.7006306007301693,0.0643876535014935,0.5838035180882841
legacy_all_fixed,2.90625,matched_within_0.01,58,0.4581721962141258,44.62727073341127,64.43437250362511,39.24920233389889,1.641673427028457,51.346306794144944,20.906129738868668,2.45604076103488,0.69498838367076,0.067374709591769,0.5688682376369067
legacy_all_fixed,2.90625,matched_within_0.01,59,0.459800529208223,48.26494208530338,68.81471801612689,41.0342909015206,1.6770051706578126,55.32532901824287,23.39079476383113,2.3652607607755023,0.6989711251244607,0.0700298705609027,0.570859608363757
legacy_all_fixed,2.90625,matched_within_0.01,60,0.4557296967229798,46.57235012558844,66.08783455044909,37.95691245519232,1.7411277755656491,54.64655677004135,20.96523577106769,2.606531944918756,0.6916694324593429,0.0687022900763358,0.5632260205774975
legacy_all_fixed,2.90625,matched_within_0.01,61,0.4667209444331365,51.5239227220157,75.77797104568022,60.18078371457886,1.2591722202401785,59.15666145322412,24.66858037241365,2.3980569842348025,0.7059409226684368,0.0710255559243279,0.5814802522402921
legacy_all_fixed,2.90625,matched_within_0.01,62,0.4589863627111744,46.016630210030776,62.94740257510742,48.42394369027061,1.2999230913064783,51.72623554015792,25.41366038537625,2.035371322185555,0.697311649518752,0.0650514437437769,0.5665449717889147
legacy_all_fixed,2.90625,matched_within_0.01,63,0.4608182373295338,48.46649778120761,69.78454664894555,45.99556443551146,1.517201658581398,56.2202890173638,22.451606694250724,2.504065289534952,0.6999668104878858,0.0660471291072021,0.5751742449385994
legacy_all_fixed,2.90625,matched_within_0.01,64,0.4581721962141258,47.46021343695124,66.13602691714235,44.726284711713895,1.4786836721052576,56.31289290003289,19.28361075744113,2.920246296627977,0.6956521739130435,0.0663790242283438,0.5771656156654498
legacy_all_fixed,2.90625,matched_within_0.01,65,0.4565438632200285,50.86244110831275,69.72424423782518,36.38092911457616,1.9165053211873548,58.56166482201599,23.95915993923167,2.4442286361687,0.6929970129439097,0.0630600730169266,0.5668768669100565
legacy_all_fixed,2.90625,matched_within_0.01,66,0.4538978221046204,46.19907310082348,65.68072268328494,44.77147179180309,1.4670217452022651,55.49779674751586,17.30007280653003,3.2079516293461983,0.6893461666113508,0.0690341851974776,0.572187188848324
legacy_all_fixed,2.90625,matched_within_0.01,67,0.4563403215957663,49.80724092048346,66.39596976748162,32.470048199115304,2.0448374255659614,57.28149045653115,22.60664716407882,2.5338339666551466,0.6923332227016263,0.0600730169266511,0.5748423498174576
legacy_all_fixed,2.90625,matched_within_0.01,68,0.4630571951964177,51.34835244445368,74.20752215051661,56.05238266702949,1.3238959455360697,58.87812940090013,24.56368743919012,2.3969580929841605,0.7019581812147362,0.0713574510454696,0.5711915034848988
legacy_all_fixed,2.90625,matched_within_0.01,69,0.459800529208223,48.25649617839396,68.19000210707391,44.3773583931921,1.5365944386075692,56.33258863394792,20.9544966555204,2.6883293624286253,0.6963159641553269,0.0677066047129107,0.5758380351808828
legacy_all_fixed,2.90625,matched_within_0.01,70,0.4551190718501933,47.03815582780321,68.29465348122717,47.09196794520547,1.4502399551594956,55.56284014668636,20.902259069948308,2.6582217721418653,0.6893461666113508,0.0677066047129107,0.563889810819781
legacy_all_fixed,2.90625,matched_within_0.01,71,0.4514553226134744,47.37264356915625,68.68757216762864,37.36057196796685,1.8385042987704183,55.80727053778494,20.13830308330125,2.7712002499386617,0.6853634251576501,0.0663790242283438,0.5592432791237969
legacy_all_fixed,2.90625,matched_within_0.01,72,0.4555261550987177,46.60506230880653,65.72276620667783,40.48339204582894,1.623450083735,52.561996786964365,25.296503069607628,2.077836475750466,0.6906737470959177,0.0680384998340524,0.5599070693660804
legacy_all_fixed,2.90625,matched_within_0.01,73,0.4604111540810096,50.03816685585726,70.55219870268793,39.80181008793083,1.7725876925401838,57.63726369930065,24.617866421488184,2.341277782261051,0.6999668104878858,0.0647195486226352,0.5682044473946233
legacy_all_fixed,2.90625,matched_within_0.01,74,0.4587828210869122,48.87708836605183,72.43760861531982,39.001856898547416,1.857286149317103,55.13705446087614,26.5349541353817,2.0779027609984224,0.6956521739130435,0.0703617656820444,0.5635579156986392
legacy_all_fixed,2.90625,matched_within_0.01,75,0.4508446977406879,45.613246146170034,65.27779830348679,41.64412350857648,1.567515241137036,53.87561234628713,20.680797057777333,2.6051032847414537,0.6840358446730833,0.0683703949551941,0.5549286425489546
legacy_all_fixed,2.90625,matched_within_0.01,76,0.4555261550987177,47.47056571441255,68.87191059009966,40.92447679136628,1.682902653617538,55.65632753144288,22.24849816213949,2.50157683120175,0.6920013275804846,0.0730169266511782,0.5635579156986392
legacy_all_fixed,2.90625,matched_within_0.01,77,0.4575615713413393,47.5435922745952,66.77300167731514,44.3736966424095,1.50478789755591,54.4984564464641,23.70630548574935,2.298901297767589,0.6946564885496184,0.0660471291072021,0.5642217059409227
legacy_all_fixed,2.90625,matched_within_0.01,78,0.4536942804803582,47.938977899345645,65.8715334896324,41.6332182881476,1.5821869218403688,56.009540996555366,22.388978377325294,2.5016568443908853,0.6883504812479256,0.0653833388649186,0.5665449717889147
legacy_all_fixed,2.90625,matched_within_0.01,79,0.458375737838388,46.24917413002829,63.40127011005408,37.1890873379302,1.7048353333852682,54.41779021587719,19.53150038861068,2.7861551408313523,0.6943245934284766,0.0650514437437769,0.5738466644540325
legacy_all_fixed,2.90625,matched_within_0.01,80,0.462243028699369,47.56428835658534,67.53379912754117,47.46170628301813,1.422911319808679,54.3898649677004,23.21923338093621,2.342448782669817,0.6989711251244607,0.0683703949551941,0.574510454696316
legacy_all_fixed,2.90625,matched_within_0.01,81,0.4561367799715041,44.22926611898455,60.63287254673486,32.64380330893575,1.8574083409618365,51.318864953640045,21.61559061705817,2.3741597378857286,0.6920013275804846,0.06372386325921,0.5599070693660804
legacy_all_fixed,2.90625,matched_within_0.01,82,0.4555261550987177,46.45170857213021,65.09626889179783,41.1111020261517,1.583423106741061,54.21563579464752,20.72994451756389,2.6153295175832314,0.6920013275804846,0.067374709591769,0.5701958181214736
legacy_all_fixed,2.90625,matched_within_0.01,83,0.4524730307347853,47.183105992052376,65.40949125591855,39.683677055991296,1.648271937190439,54.48720915012124,23.63215596724597,2.3056385217514723,0.6860272153999336,0.0653833388649186,0.560238964487222
legacy_all_fixed,2.90625,matched_within_0.01,84,0.458375737838388,48.99812559274747,70.75674215367557,45.0202975379705,1.571663139142933,56.96503324637937,21.80291571276213,2.612725471989759,0.6956521739130435,0.0687022900763358,0.5738466644540325
legacy_all_fixed,2.90625,matched_within_0.01,85,0.4683492774272338,53.18084560646497,75.70366728842068,52.966615036289085,1.4292713860712776,60.51257645009562,25.697518975629578,2.354802286846569,0.711583139727846,0.0660471291072021,0.5854629936939927
legacy_all_fixed,2.90625,matched_within_0.01,86,0.4549155302259312,48.83020032399752,69.20685973420771,48.25287135723149,1.4342537094185988,55.8061800681072,25.291003098241497,2.2065625412851837,0.6890142714902091,0.0683703949551941,0.5542648523066711
legacy_all_fixed,2.90625,matched_within_0.01,87,0.4569509464685528,47.95871465727922,69.43309205303197,41.43364210210237,1.6757660811456612,55.16579407608726,22.58254947104195,2.442850580127254,0.69498838367076,0.0667109193494855,0.5665449717889147
legacy_all_fixed,2.90625,matched_within_0.01,88,0.4595969875839609,48.444959754320976,69.17972931268974,47.914419622150405,1.4438185802569663,55.52525707209043,23.74213028153765,2.33868049807089,0.6993030202456024,0.0677066047129107,0.5718552937271822
legacy_all_fixed,2.90625,matched_within_0.01,89,0.4518624058619988,45.478481617835385,65.49186065829882,41.6502657309186,1.5724235970403833,53.221865994643615,19.92776759317806,2.670738995012328,0.6850315300365085,0.0703617656820444,0.5678725522734815
legacy_all_fixed,2.90625,matched_within_0.01,90,0.4569509464685528,47.01136956215532,67.19784060996177,37.24564289420584,1.8041799090656985,52.40498761456235,25.62374279626564,2.0451730268772352,0.6933289080650514,0.067374709591769,0.5592432791237969
legacy_all_fixed,2.90625,matched_within_0.01,91,0.4593934459596988,50.560452959173126,70.4067510586192,48.103540866314965,1.4636500721285215,57.51937704846239,25.25753896028383,2.277315186523462,0.6956521739130435,0.072021241287753,0.568536342515765
legacy_all_fixed,2.90625,matched_within_0.01,92,0.4600040708324852,47.98963131934306,70.83172900200304,52.93752308211705,1.3380249939561466,53.95807663134912,26.51003181850362,2.035383322085912,0.6976435446398938,0.0730169266511782,0.562562230335214
legacy_all_fixed,2.90625,matched_within_0.01,93,0.4510482393649501,44.91805928365233,64.9281030045257,42.96312606469531,1.5112518327170792,52.58506239172375,21.49243352164862,2.4466779128923,0.6837039495519416,0.0703617656820444,0.5492864254895453
legacy_all_fixed,2.90625,matched_within_0.01,94,0.4567474048442906,45.10489833259151,65.27672247809322,44.12938796944189,1.4792120507833724,50.52100476956614,25.907681482942717,1.9500395974386409,0.692665117822768,0.0723531364088947,0.5595751742449386
legacy_all_fixed,2.90625,matched_within_0.01,95,0.4528801139833096,45.226195968319786,63.7814659686729,41.21407208902114,1.5475652546758027,51.582954862283415,23.466333015316977,2.198168534837297,0.6856953202787919,0.0680384998340524,0.5492864254895453
legacy_all_fixed,2.90625,matched_within_0.01,96,0.4508446977406879,43.85464845231287,62.1608643421465,34.13341382400284,1.821114778107386,49.73965345942111,23.51358110480413,2.1153584916615973,0.6840358446730833,0.0687022900763358,0.5453036840358447
legacy_all_fixed,2.90625,matched_within_0.01,97,0.457154488092815,45.50478472840175,64.21742128960595,44.07466848052526,1.4570142783485922,52.45918695904247,21.49930999420233,2.440040493075778,0.69498838367076,0.0663790242283438,0.5718552937271822
legacy_all_fixed,2.90625,matched_within_0.01,98,0.4479951150010177,42.427104024010426,57.63207583570546,33.12955602402415,1.7395969868691608,48.98503339689301,21.128085935413395,2.3184794659883403,0.6787255227348158,0.0627281778957849,0.5545967474278128
legacy_all_fixed,2.90625,matched_within_0.01,99,0.4624465703236312,50.08872646898811,69.82296693508081,39.50205680974942,1.767578009199965,57.63446185102765,22.27320286578585,2.587614462020668,0.7026219714570195,0.0617324925323597,0.5741785595751743
no_tilt,10.0,target_not_attained_by_sigma_10,0,0.2391614085080399,19.91731096770372,30.845497758593503,97.2145710077206,0.3172929473313606,29.247490571545395,6.27085544336635,4.664035207905322,0.3461666113508131,0.1709259873879854,0.2850979090607368
no_tilt,10.0,target_not_attained_by_sigma_10,1,0.2458782821086912,20.831601515523182,33.98588312153676,108.45367516388438,0.313367740375609,30.93029081403464,6.2758056309208845,4.928497253267556,0.3564553601062064,0.1762363093262529,0.2960504480584135
no_tilt,10.0,target_not_attained_by_sigma_10,2,0.2430286993690209,21.783085634545763,34.93986844113506,101.4347921808849,0.3444564501973651,31.653387424357945,6.958622876130817,4.54880052961831,0.3521407235313641,0.1699303020245602,0.290740126120146
no_tilt,10.0,target_not_attained_by_sigma_10,3,0.2422145328719723,20.78069877367591,33.79898676887556,98.2145316731437,0.3441342761920203,30.09045246633166,6.466037582236568,4.653615461344648,0.3504812479256555,0.1712578825091271,0.2900763358778626
no_tilt,10.0,target_not_attained_by_sigma_10,4,0.2477101567270506,20.48122959552012,32.488685296613795,103.93166411999783,0.3125966044294535,29.76321219065173,6.62212961014786,4.494507649781137,0.3597743113176236,0.1722535678725522,0.2943909724527049
no_tilt,10.0,target_not_attained_by_sigma_10,5,0.2409932831263993,20.64895217197762,33.198713266625624,105.98065354402006,0.3132525810744904,29.89697195507824,6.801511607760685,4.395636393675355,0.3484898771988052,0.1759044142051112,0.286093594424162
no_tilt,10.0,target_not_attained_by_sigma_10,6,0.2426216161204966,19.78641264628393,30.59328730711769,111.4670957894714,0.2744602529602047,28.39565823444533,7.147608598589724,3.972749464771757,0.3511450381679389,0.1695984069034185,0.2821108529704613
no_tilt,10.0,target_not_attained_by_sigma_10,7,0.2420109912477101,20.546450712271863,31.817615066678105,108.37620216316348,0.293584887010303,29.43942840662182,7.277646512644136,4.045185260849637,0.3498174576833721,0.1659475605708596,0.2837703285761699
no_tilt,10.0,target_not_attained_by_sigma_10,8,0.2454711988601669,23.22903205360788,38.01234890644231,128.4504618273489,0.2959300290997392,33.52602883695603,7.301592376494931,4.591605105878278,0.3564553601062064,0.1798871556588118,0.2957185529372718
no_tilt,10.0,target_not_attained_by_sigma_10,9,0.2401791166293507,18.7866605587976,29.517611105404256,90.1731362834398,0.3273437336439315,27.736195541257253,5.945667637878046,4.664942144521897,0.3471622967142383,0.1672751410554264,0.2857616993030202
no_tilt,10.0,target_not_attained_by_sigma_10,10,0.2436393242418074,21.08738478182377,33.83263982182608,98.14711888010336,0.3447135301358777,30.621492917340174,7.132598332681712,4.293175009874292,0.353468304015931,0.1742449385994026,0.2870892797875871
no_tilt,10.0,target_not_attained_by_sigma_10,11,0.2442499491145939,21.492329012955757,33.9229803558963,106.64548076389649,0.318091119407101,31.422261634057964,6.811172281297063,4.613341189495529,0.3541320942582144,0.1705940922668437,0.2920677066047129
no_tilt,10.0,target_not_attained_by_sigma_10,12,0.2379401587624669,18.501384950502278,29.962173912664746,96.34454820458885,0.3109898221645057,27.809407768683897,5.167985995223744,5.381091936856131,0.3435114503816794,0.1739130434782608,0.2890806505144374
no_tilt,10.0,target_not_attained_by_sigma_10,13,0.2361082841441074,20.252903719052348,31.558728938584395,100.03563268060644,0.3154748772304468,30.493151858310352,6.0035404738882105,5.079194850261644,0.3411881845336874,0.1745768337205443,0.2850979090607368
no_tilt,10.0,target_not_attained_by_sigma_10,14,0.2346834927742723,20.7505772035402,32.52078960350085,98.7099691656228,0.3294580058974093,29.972833463041244,6.603736036490814,4.538769159975181,0.3385330235645536,0.1695984069034185,0.280119482243611
no_tilt,10.0,target_not_attained_by_sigma_10,15,0.2493384897211479,23.738893020672908,38.324599569222094,125.67406985851264,0.3049523231989621,34.12446833613272,7.634697090346805,4.469655826853849,0.3624294722867573,0.174908728841686,0.2983737139064056
no_tilt,10.0,target_not_attained_by_sigma_10,16,0.2464889069814777,19.966387797936004,32.312873315587225,116.44358883539516,0.2774980884629445,29.097716410882093,6.733329693387368,4.321445367432137,0.3577829405907733,0.177231994689678,0.2923996017258546
no_tilt,10.0,target_not_attained_by_sigma_10,17,0.238143700386729,21.45209858300429,34.175222222048525,111.6925584512244,0.3059758205554282,32.2856216773408,6.029293869761857,5.354793177234202,0.3441752406239628,0.1775638898108197,0.2890806505144374
no_tilt,10.0,target_not_attained_by_sigma_10,18,0.2385507836352534,19.70799547302263,32.2353976927333,107.80367490746278,0.2990194696090252,28.951870436191413,6.306075700433978,4.591107340211436,0.3451709259873879,0.1739130434782608,0.2831065383338865
no_tilt,10.0,target_not_attained_by_sigma_10,19,0.2454711988601669,20.21172945524335,32.76455962721012,109.60555150253956,0.2989315703269917,29.73262322699823,6.281873262419406,4.733082312384472,0.355791569863923,0.1709259873879854,0.2947228675738467
no_tilt,10.0,target_not_attained_by_sigma_10,20,0.2385507836352534,21.799880743134143,34.39500679440724,103.7380094239244,0.3315564563597163,30.559109889304487,8.345024393018196,3.6619557295568295,0.3445071357451045,0.1775638898108197,0.27414537006306
no_tilt,10.0,target_not_attained_by_sigma_10,21,0.2310197435375534,19.83411974114025,31.07754230343586,110.41656976053676,0.2814572339172872,29.1721241184894,6.290297181318603,4.637638457707048,0.3325589113840027,0.1722535678725522,0.2728177895784932
no_tilt,10.0,target_not_attained_by_sigma_10,22,0.2357012008955831,18.65651187376585,28.983356384666205,96.52162331315984,0.3002783769045313,27.831402000509453,5.670221163516557,4.908345053555014,0.3398606040491205,0.1652837703285761,0.2814470627281779
no_tilt,10.0,target_not_attained_by_sigma_10,23,0.244453490738856,21.34593297794952,35.51791113517428,111.99749833865484,0.3171312900916432,31.00778560664269,7.194300066104498,4.310048972343253,0.3544639893793561,0.1838698971125124,0.2897444407567209
no_tilt,10.0,target_not_attained_by_sigma_10,24,0.2460818237329534,21.06048195543083,34.04604777041091,108.5430290828224,0.3136640653766212,31.043738999501382,7.168704877552028,4.3304529241692284,0.3564553601062064,0.1705940922668437,0.2870892797875871
no_tilt,10.0,target_not_attained_by_sigma_10,25,0.2430286993690209,20.737749627268183,33.79427600454335,109.5550215005922,0.308468526058029,30.94153425088015,5.950165348663088,5.200113347746251,0.3511450381679389,0.1739130434782608,0.2927314968469963
no_tilt,10.0,target_not_attained_by_sigma_10,26,0.2340728679014858,18.888268681165687,31.19740294474813,108.51519584702388,0.2874934031241832,27.7365737721358,6.352422324242722,4.366298768626392,0.3378692333222701,0.1788914702953866,0.2751410554264852
no_tilt,10.0,target_not_attained_by_sigma_10,27,0.2403826582536128,20.48026581802757,32.2711713570757,96.54265656846108,0.3342685244443353,30.51452225356054,6.033075055232474,5.057872142183173,0.3481579820776634,0.1679389312977099,0.290740126120146
no_tilt,10.0,target_not_attained_by_sigma_10,28,0.2407897415021372,19.625068641058288,32.40203709337864,113.0313643122255,0.2866641245156944,29.41773835501032,5.42948012885011,5.418150109565019,0.3484898771988052,0.1775638898108197,0.2947228675738467
no_tilt,10.0,target_not_attained_by_sigma_10,29,0.2387543252595155,20.206805241199472,31.766606268979285,100.84380587008772,0.3150080066385306,30.33227375019836,6.0103753770007895,5.046652138611405,0.3448390308662463,0.1735811483571191,0.2867573846664454
no_tilt,10.0,target_not_attained_by_sigma_10,30,0.2454711988601669,20.73260786909294,34.66022746036625,108.48942955596112,0.3194802258821702,30.57198160062579,6.473156964100361,4.722885876269599,0.3561234649850647,0.1802190507799535,0.2950547626949883
no_tilt,10.0,target_not_attained_by_sigma_10,31,0.2422145328719723,20.867445590536597,32.743963444623354,106.75650073271792,0.3067163425167254,30.728635344208858,6.484220129409836,4.738987068751109,0.3508131430467972,0.1709259873879854,0.2920677066047129
no_tilt,10.0,target_not_attained_by_sigma_10,32,0.2409932831263993,20.84688463441345,33.032483166205026,106.84046487069304,0.309175771615966,29.789313683745647,7.726024603162267,3.85571043503445,0.3488217723199469,0.1752406239628277,0.280119482243611
no_tilt,10.0,target_not_attained_by_sigma_10,33,0.2352941176470588,17.70856845998828,28.20341770996479,94.41798907747378,0.2987080956238407,25.87766807752712,6.61476432700527,3.912107340223688,0.3382011284434119,0.1705940922668437,0.2658479920345171
no_tilt,10.0,target_not_attained_by_sigma_10,34,0.2483207815998371,19.85703216510387,32.143770632238414,108.917703137365,0.2951197987686105,29.169011334983058,6.532720421900009,4.465063472974923,0.3601062064387653,0.1725854629936939,0.2950547626949883
no_tilt,10.0,target_not_attained_by_sigma_10,35,0.2377366171382047,19.82671560631899,30.7999429695294,102.06529937641848,0.3017670369626675,28.292537471991764,7.118522812727687,3.9744955823426777,0.3438433455028211,0.1705940922668437,0.2761367407899104
no_tilt,10.0,target_not_attained_by_sigma_10,36,0.2377366171382047,21.252657133116927,32.61883907173029,111.71863215690496,0.2919731332363455,31.354148223337614,6.996151209693743,4.481628152904109,0.3435114503816794,0.1669432459342847,0.2811151676070362
no_tilt,10.0,target_not_attained_by_sigma_10,37,0.2361082841441074,20.150131326968427,31.42325262204154,105.18232703780834,0.2987503082218963,29.19048215494693,6.7760682338648985,4.307879015896128,0.3408562894125456,0.1702621971457019,0.2784600066379024
no_tilt,10.0,target_not_attained_by_sigma_10,38,0.2375330755139426,19.198629378846128,29.41042167482114,97.26892470012164,0.3023619492607011,28.423964278482213,6.17239632961363,4.605012828180048,0.3435114503816794,0.1626286093594424,0.2821108529704613
no_tilt,10.0,target_not_attained_by_sigma_10,39,0.2344799511500102,20.511235798995912,31.496708250056894,89.65979061103121,0.3512913429242576,30.30432031888272,6.006877762704724,5.044937073138901,0.3382011284434119,0.1656156654497179,0.2827746432127447
no_tilt,10.0,target_not_attained_by_sigma_10,40,0.2403826582536128,20.48770412818845,31.835487151691265,92.32096344718978,0.3448348670007334,30.479259374723053,5.645877073440641,5.39849858193047,0.34749419183538,0.1656156654497179,0.2927314968469963
no_tilt,10.0,target_not_attained_by_sigma_10,41,0.2428251577447588,21.817623020424087,34.89102082563278,104.9461280063747,0.3324660136438135,31.466961755165475,7.727001558617822,4.072337958838742,0.3511450381679389,0.1709259873879854,0.2827746432127447
no_tilt,10.0,target_not_attained_by_sigma_10,42,0.2450641156116425,20.627007946867707,34.16539856919853,107.02335282843366,0.3192331175044403,30.05384946482461,6.495905690548699,4.626583404459188,0.355791569863923,0.1769000995685363,0.2930633919681381
no_tilt,10.0,target_not_attained_by_sigma_10,43,0.2391614085080399,21.083298900289357,33.39475034303807,110.08020409909744,0.3033674457305251,31.5607015066088,6.053326110990444,5.21377849597547,0.3461666113508131,0.1712578825091271,0.2900763358778626
no_tilt,10.0,target_not_attained_by_sigma_10,44,0.2383472420109912,20.05370683374707,31.91005519436765,106.84265876293362,0.298663993987372,29.57854657098158,6.187150101762748,4.780641504487585,0.3438433455028211,0.1745768337205443,0.2841022236973116
no_tilt,10.0,target_not_attained_by_sigma_10,45,0.2416039079991858,22.354388718081072,36.803233531875165,119.95254534049806,0.3068149444216067,32.419050819517146,6.725475203484935,4.820336086098212,0.3491536674410886,0.1762363093262529,0.2890806505144374
no_tilt,10.0,target_not_attained_by_sigma_10,46,0.2446570323631182,19.435991766709552,31.44414102553651,97.18665265977089,0.3235438217593062,28.44035010044714,6.973027137471386,4.078623177531531,0.3538001991370726,0.1732492532359774,0.2814470627281779
no_tilt,10.0,target_not_attained_by_sigma_10,47,0.2420109912477101,20.652182846585237,31.718397639998937,94.26507957744282,0.3364808875373717,30.26957006355431,6.279182185625068,4.820622999735608,0.3508131430467972,0.1573182874211749,0.2920677066047129
no_tilt,10.0,target_not_attained_by_sigma_10,48,0.2379401587624669,19.187861857335022,31.001423350959016,98.82748221016158,0.3136923319065535,28.182915529687538,6.82926901152596,4.126783625322475,0.3441752406239628,0.1735811483571191,0.2761367407899104
no_tilt,10.0,target_not_attained_by_sigma_10,49,0.2338693262772237,18.508808439939447,28.91293238733517,91.0907549116784,0.3174079786183477,27.101661364429244,6.22918511724231,4.350755492787037,0.3375373382011284,0.1659475605708596,0.2751410554264852
no_tilt,10.0,target_not_attained_by_sigma_10,50,0.2328516181559128,18.52106009367796,28.6672569043769,91.15504138472944,0.3144889900645619,26.932590663651023,6.3847094729691465,4.21829540994389,0.3342183869897112,0.1682708264188516,0.2701626286093594
no_tilt,10.0,target_not_attained_by_sigma_10,51,0.2436393242418074,21.246519195921103,33.03560680600723,109.71287063131328,0.3011096748805559,31.01403887374008,6.919523838456955,4.482105936447813,0.3531364088947892,0.1729173581148357,0.2870892797875871
no_tilt,10.0,target_not_attained_by_sigma_10,52,0.2367189090168939,19.172244593927157,30.921296281313587,98.36048346785452,0.3143670627790181,28.39276104503344,5.940294931519749,4.7796887818446265,0.3418519747759708,0.1722535678725522,0.2807832724858944
no_tilt,10.0,target_not_attained_by_sigma_10,53,0.2409932831263993,20.573786036848237,33.22727991544542,115.18782652215798,0.2884617317529964,30.503852305714496,6.494257053366972,4.697050340792972,0.3484898771988052,0.1762363093262529,0.286093594424162
no_tilt,10.0,target_not_attained_by_sigma_10,54,0.2446570323631182,20.684513859659827,32.45920668297386,108.7261825142493,0.2985408475894925,29.72324975468792,7.285717856020494,4.079659731830866,0.3541320942582144,0.1742449385994026,0.286093594424162
no_tilt,10.0,target_not_attained_by_sigma_10,55,0.2446570323631182,19.14212850066055,31.35363125361378,100.7019689862103,0.3113507269942975,28.335322729415285,6.112750735949187,4.635445473471507,0.3547958845004978,0.1735811483571191,0.2920677066047129
no_tilt,10.0,target_not_attained_by_sigma_10,56,0.2462853653572155,22.01551271591074,36.17796678004845,113.49825096244018,0.3187535179905175,32.81086677805722,6.552749154809877,5.007191028207335,0.3574510454696316,0.177231994689678,0.2977099236641221
no_tilt,10.0,target_not_attained_by_sigma_10,57,0.2407897415021372,23.155573248195758,36.74415022919686,111.52882390197894,0.3294587797455011,33.73865044201961,7.148789709050745,4.719491244693448,0.3481579820776634,0.1792233654165284,0.2880849651510123
no_tilt,10.0,target_not_attained_by_sigma_10,58,0.2350905760227966,19.69666789793764,31.16826116374702,98.33491011466757,0.316960285288327,29.164867511840296,5.98729356626936,4.871127027434654,0.3385330235645536,0.1705940922668437,0.2797875871224693
no_tilt,10.0,target_not_attained_by_sigma_10,59,0.2411968247506615,20.26561276608509,32.409782617870704,109.65478624938837,0.2955619515244961,29.973806733920725,6.643270587904004,4.511905143303467,0.3494855625622303,0.1739130434782608,0.2844341188184534
no_tilt,10.0,target_not_attained_by_sigma_10,60,0.2450641156116425,21.1944310506823,33.61431856568394,110.27149415212531,0.3048323487782909,30.806274414875503,7.374014919848262,4.1776799680667605,0.3554596747427813,0.1709259873879854,0.2877530700298705
no_tilt,10.0,target_not_attained_by_sigma_10,61,0.2377366171382047,19.564710092355966,31.661989966215867,100.27151490694422,0.3157625572486802,29.249273483575077,5.763356387933039,5.0750416102699125,0.3431795552605376,0.1695984069034185,0.2864254895453036
no_tilt,10.0,target_not_attained_by_sigma_10,62,0.2383472420109912,19.028170601773034,29.96044675977165,91.06528476184978,0.3289996494067194,28.948429450610924,5.398877013046916,5.361935339637151,0.3445071357451045,0.1672751410554264,0.2874211749087288
no_tilt,10.0,target_not_attained_by_sigma_10,63,0.2348870343985345,20.163471983334723,32.39285002214397,93.59755381064736,0.3460865022997968,29.08236491416164,6.795272012188707,4.279794077705276,0.3385330235645536,0.1792233654165284,0.2774643212744773
no_tilt,10.0,target_not_attained_by_sigma_10,64,0.241807449623448,20.102910050524518,30.7336171781883,92.12782374177736,0.3335975596724258,29.564219629325333,6.550201457408183,4.51348249692208,0.3498174576833721,0.1622967142383007,0.2854298041818785
no_tilt,10.0,target_not_attained_by_sigma_10,65,0.2442499491145939,21.354373207524706,33.62145085817354,104.6386318004484,0.3213101153911443,30.92332888207397,7.020862345843827,4.404491550867651,0.3538001991370726,0.1722535678725522,0.2887487553932957
no_tilt,10.0,target_not_attained_by_sigma_10,66,0.239364950132302,19.12110259255992,30.827212065581417,95.05943211573384,0.3242940903333992,27.95263290414584,6.30007038314526,4.43687628933928,0.3461666113508131,0.1769000995685363,0.2844341188184534
no_tilt,10.0,target_not_attained_by_sigma_10,67,0.2322409932831264,20.40252570257501,32.66191626989811,92.34725746362288,0.3536858285451972,29.689077878081957,6.2634943980777615,4.740018269545096,0.3348821772319947,0.1755725190839694,0.2764686359110521
no_tilt,10.0,target_not_attained_by_sigma_10,68,0.2458782821086912,21.29618974352326,32.886555583731145,118.98526209651048,0.2763918405042167,31.87045912359961,6.038333051815769,5.278022734108038,0.3564553601062064,0.168934616661135,0.3006969797543976
no_tilt,10.0,target_not_attained_by_sigma_10,69,0.2399755750050885,22.47207943766628,35.21326795383086,103.02925341663142,0.3417793178742629,32.03555456617536,7.227779527438196,4.432281649510966,0.3464985064719548,0.1705940922668437,0.2867573846664454
no_tilt,10.0,target_not_attained_by_sigma_10,70,0.2479136983513128,20.535844632601904,32.07013213726286,114.04996503340844,0.2811937042494368,29.99849841544963,6.489822865564004,4.622390939917062,0.3594424161964819,0.1692665117822768,0.296714238300697
no_tilt,10.0,target_not_attained_by_sigma_10,71,0.248117239975575,21.99932149544384,35.1549575357718,134.1959817262319,0.2619672890615315,31.709394047022684,7.269390754467325,4.362042861368543,0.3604381015599071,0.1815466312645204,0.2940590773315632
no_tilt,10.0,target_not_attained_by_sigma_10,72,0.2373295338896804,20.275992078537456,32.831989113613325,94.79239451017246,0.3463567861458551,29.29687664498017,6.866692061530307,4.26651965494592,0.3428476601393959,0.1769000995685363,0.2787919017590441
no_tilt,10.0,target_not_attained_by_sigma_10,73,0.2432322409932831,21.444811291152625,34.84928657049536,120.18563970781284,0.2899621506797199,31.980229953308804,6.271611997967495,5.099204154158925,0.3521407235313641,0.177231994689678,0.2937271822104215
no_tilt,10.0,target_not_attained_by_sigma_10,74,0.244453490738856,22.05664999972697,35.00693787730238,111.94792207189089,0.312707348465312,32.53101598138162,6.656837119377975,4.88685773709022,0.3538001991370726,0.1765682044473946,0.2950547626949883
no_tilt,10.0,target_not_attained_by_sigma_10,75,0.2434357826175452,18.983952023300883,30.431458034757856,102.52890840340378,0.2968085636396728,28.68484993454372,5.781741519609447,4.961281966213073,0.3521407235313641,0.1702621971457019,0.2897444407567209
no_tilt,10.0,target_not_attained_by_sigma_10,76,0.2336657846529615,20.700318361297512,32.76600950886768,99.69300186488994,0.3286691031058948,30.79432972412813,6.406452327401712,4.806767950557356,0.336873547958845,0.174908728841686,0.2781281115167607
no_tilt,10.0,target_not_attained_by_sigma_10,77,0.2397720333808263,21.978520112943684,35.38380704836914,108.2102567298364,0.3269912494220421,31.927916564959265,6.810402744190475,4.688109905422988,0.3458347162296714,0.1735811483571191,0.2874211749087288
no_tilt,10.0,target_not_attained_by_sigma_10,78,0.2308162019132912,19.130860913794866,29.114805966201487,83.90535384709956,0.3469958069571734,27.76399692630945,6.724452468836217,4.128811535954613,0.3318951211417192,0.1682708264188516,0.2681712578825091
no_tilt,10.0,target_not_attained_by_sigma_10,79,0.231833910034602,18.84434080598489,30.649464368108227,89.07166540112708,0.3440989256244489,28.10915483890826,6.300333756384664,4.461534249740796,0.3328908065051443,0.174908728841686,0.2701626286093594
no_tilt,10.0,target_not_attained_by_sigma_10,80,0.2401791166293507,19.025734331767943,31.54329994217109,106.77706199064475,0.2954126977658811,27.801526356284278,6.309334008645504,4.40641220106411,0.3478260869565217,0.1759044142051112,0.2837703285761699
no_tilt,10.0,target_not_attained_by_sigma_10,81,0.2363118257683696,19.522266087570923,30.10713941046013,90.74599049684424,0.3317737703409291,28.63866693404016,6.5748395932042,4.355797054523015,0.3408562894125456,0.1639561898440092,0.2771324261533355
no_tilt,10.0,target_not_attained_by_sigma_10,82,0.244453490738856,21.135396823214645,34.823995301647294,111.2187491210424,0.3131126323291713,30.997313880823903,6.586287456792508,4.706340876278645,0.3544639893793561,0.1759044142051112,0.2933952870892798
no_tilt,10.0,target_not_attained_by_sigma_10,83,0.2436393242418074,20.912028252723903,33.95754711629735,111.44898336647628,0.3046914031026661,30.95281819861593,6.179353887207781,5.009070327351385,0.353468304015931,0.1732492532359774,0.2947228675738467
no_tilt,10.0,target_not_attained_by_sigma_10,84,0.2440464074903317,20.053912338782222,31.682175057627653,118.33884444568056,0.2677242219664421,29.106141177034413,7.014252385091247,4.149571412471463,0.3524726186525058,0.1705940922668437,0.2844341188184534
no_tilt,10.0,target_not_attained_by_sigma_10,85,0.2503561978424587,20.858038984102546,34.004872098267334,116.50656052415422,0.2918708778740183,30.65086593542824,5.83121842288572,5.256339878323391,0.3637570527713242,0.1775638898108197,0.307334882177232
no_tilt,10.0,target_not_attained_by_sigma_10,86,0.240586199877875,19.538983070950312,31.70601745275162,114.45249617962024,0.2770233809753927,28.952112488267822,6.184815240312978,4.681160449152355,0.3481579820776634,0.1782276800531032,0.2854298041818785
no_tilt,10.0,target_not_attained_by_sigma_10,87,0.235497659271321,20.485000667945677,31.865991617483576,98.31497651870367,0.3241214385218443,30.19711215182793,6.557810094645698,4.604755507708767,0.3398606040491205,0.1725854629936939,0.2791237968801858
no_tilt,10.0,target_not_attained_by_sigma_10,88,0.239364950132302,18.454611261845702,28.81482854868163,97.5560016517028,0.2953670513430547,26.89068861947036,5.653002411961928,4.756886104023028,0.3458347162296714,0.1699303020245602,0.2867573846664454
no_tilt,10.0,target_not_attained_by_sigma_10,89,0.2411968247506615,20.18452542461957,32.84245792146191,108.21534788614306,0.303491681753096,29.832773694103352,6.533061968188833,4.566430540436756,0.3491536674410886,0.1692665117822768,0.286093594424162
no_tilt,10.0,target_not_attained_by_sigma_10,90,0.2411968247506615,20.90762197984561,33.46467805425086,104.06941635396844,0.3215611197474998,30.74256539280569,7.361228023740215,4.176282176514552,0.3491536674410886,0.1752406239628277,0.2804513773647527
no_tilt,10.0,target_not_attained_by_sigma_10,91,0.239364950132302,20.138905513871173,32.33550208829832,96.70214189022307,0.3343824806383895,29.382590655869887,6.732441592264782,4.364329085250279,0.3455028211085297,0.1719216727514105,0.2811151676070362
no_tilt,10.0,target_not_attained_by_sigma_10,92,0.2420109912477101,21.024843518006172,33.45188556570681,101.53624732545124,0.3294575725108732,31.157188615311288,6.533665424705419,4.768715045845198,0.3491536674410886,0.1729173581148357,0.288416860272154
no_tilt,10.0,target_not_attained_by_sigma_10,93,0.2501526562181966,21.58831741504244,34.45739079780428,112.86154797042212,0.3053067357080252,31.5134271217603,6.840774566881005,4.606704520615213,0.3637570527713242,0.1709259873879854,0.2983737139064056
no_tilt,10.0,target_not_attained_by_sigma_10,94,0.2475066151027885,18.93980024210516,31.53666342858677,105.80933218253077,0.298051814316181,27.69469949863862,6.006351960609757,4.61090187192878,0.3591105210753402,0.1682708264188516,0.2930633919681381
no_tilt,10.0,target_not_attained_by_sigma_10,95,0.246895990230002,20.105962477365797,32.86288043100446,119.5971945640348,0.2747796932093503,29.697129549481417,6.360543789487599,4.668960788944399,0.3584467308330568,0.1742449385994026,0.2963823431795552
no_tilt,10.0,target_not_attained_by_sigma_10,96,0.2332587014044372,18.84418347976181,29.55879983996904,92.65155267985696,0.3190318886733057,27.65144425842209,6.379174506720045,4.334643021490177,0.3365416528377032,0.1686027215399933,0.2724858944573515
no_tilt,10.0,target_not_attained_by_sigma_10,97,0.2422145328719723,18.794728586031887,29.138599499825744,111.71259981700346,0.2608353896297975,28.007840915122,5.988884528000855,4.676637324391904,0.3511450381679389,0.1709259873879854,0.2864254895453036
no_tilt,10.0,target_not_attained_by_sigma_10,98,0.2375330755139426,20.60023581737526,32.59890800799895,104.08109181688864,0.313206822093591,30.8237850696952,5.651989995856611,5.453616353229863,0.3431795552605376,0.168934616661135,0.288416860272154
no_tilt,10.0,target_not_attained_by_sigma_10,99,0.2373295338896804,20.68008578994626,32.804476586633925,99.4255539428375,0.329940093725745,30.52571756335813,6.282950183612,4.858500651967485,0.3421838698971125,0.1759044142051112,0.2844341188184534
pre_first_simulated,3.40625,matched_within_0.01,0,0.4575615713413393,64.25121454074952,87.89617460281016,48.04527814846379,1.8294445987221448,74.9705019216791,28.102802954596164,2.6677232887695927,0.7019581812147362,0.0594092266843677,0.5947560570859608
pre_first_simulated,3.40625,matched_within_0.01,1,0.4526765723590474,62.70931874755206,82.84656010408881,37.40226817306005,2.215014333375674,73.71131154157479,25.793255141562742,2.8577746832270825,0.6936608031861932,0.0564221705940922,0.5924327912379688
pre_first_simulated,3.40625,matched_within_0.01,2,0.4500305312436393,59.60157874053107,79.09397767773102,44.75641684398926,1.767209782530955,70.22056743279174,24.931392881860557,2.816552118268628,0.6896780617324926,0.0574178559575174,0.5828078327248589
pre_first_simulated,3.40625,matched_within_0.01,3,0.4569509464685528,63.44415738241737,83.41177673341996,40.18431508114524,2.0757297110821566,73.65987463253981,27.130062007384986,2.715064735660725,0.7006306007301693,0.0554264852306671,0.5987387985396615
pre_first_simulated,3.40625,matched_within_0.01,4,0.4553226134744555,63.011751008979736,85.0141142950566,46.70127475031361,1.8203810227789488,73.58519764163415,28.17855931186413,2.6113896323525765,0.6979754397610355,0.0607368071689346,0.5894457351476934
pre_first_simulated,3.40625,matched_within_0.01,5,0.4543049053531447,64.40873647072964,92.50865180293928,55.53358507735635,1.665814509797593,73.47444179352942,28.968840167437204,2.536326665784822,0.6963159641553269,0.0657152339860604,0.5828078327248589
pre_first_simulated,3.40625,matched_within_0.01,6,0.4520659474862609,61.753988672793625,82.50865762337635,51.77641297848098,1.5935568510253528,72.51031167466229,25.73396255031513,2.8176893291458667,0.6920013275804846,0.0587454364420843,0.585131098572851
pre_first_simulated,3.40625,matched_within_0.01,7,0.4500305312436393,62.34693302502214,81.59123422889024,34.52478842543272,2.3632652928521924,72.80218773202672,27.702767227066836,2.627975289807719,0.6896780617324926,0.0560902754729505,0.5821440424825755
pre_first_simulated,3.40625,matched_within_0.01,8,0.4453490738856096,58.24177775266603,76.05111321824056,34.400734805799914,2.2107409521211285,69.09889346600832,22.87309251066297,3.0209685653042246,0.6817125788250913,0.0554264852306671,0.5811483571191504
pre_first_simulated,3.40625,matched_within_0.01,9,0.4573580297170771,63.21145710460806,82.47722176450715,40.187682079765445,2.0523010409210576,73.23446343436727,28.21306880956925,2.5957638259304763,0.700962495851311,0.0527713242615333,0.5927646863591105
pre_first_simulated,3.40625,matched_within_0.01,10,0.4538978221046204,65.05593497956224,87.85233101563779,36.42937980744026,2.4115791012641674,76.1804749253794,27.094326351930874,2.811676287347532,0.6959840690341852,0.0580816461998008,0.5891138400265516
pre_first_simulated,3.40625,matched_within_0.01,11,0.459800529208223,70.43213164435716,94.44992113966734,55.32326830646649,1.707236828750906,81.09689681961899,33.46708596901841,2.4231836884362465,0.7052771324261533,0.0574178559575174,0.5927646863591105
pre_first_simulated,3.40625,matched_within_0.01,12,0.4514553226134744,60.04339122372415,77.62803065478343,33.15782405201577,2.341167820089937,70.63618057412228,25.73644813320245,2.7445970869226093,0.6920013275804846,0.0544307998672419,0.5857948888151344
pre_first_simulated,3.40625,matched_within_0.01,13,0.4439242825157745,60.61878789526044,81.12750444561324,51.50994055269405,1.5749873437073911,71.98920090217867,25.01896828752354,2.877384873543257,0.6793893129770993,0.0610687022900763,0.5705277132426153
pre_first_simulated,3.40625,matched_within_0.01,14,0.4543049053531447,65.9595080655806,84.96222021893105,38.84719601608833,2.18708758757632,76.46214605443458,29.81661992479364,2.564413613860149,0.6959840690341852,0.0521075340192499,0.5864586790574179
pre_first_simulated,3.40625,matched_within_0.01,15,0.4481986566252798,62.49092730296511,86.31527778200274,45.2491337895555,1.9075564669024936,74.4024184620563,24.099142411393085,3.0873471425639565,0.6860272153999336,0.0633919681380683,0.5811483571191504
pre_first_simulated,3.40625,matched_within_0.01,16,0.4467738652554447,52.48247499492987,70.48986954067112,35.28079279364734,1.9979672779168247,62.3671065640078,21.928383875283178,2.844126905052295,0.6837039495519416,0.0584135413209425,0.5725190839694656
pre_first_simulated,3.40625,matched_within_0.01,17,0.449623447995115,61.144081410800574,76.51243907978112,30.45220283768035,2.512542015026501,72.53981020684182,23.283869654980936,3.115453371013179,0.6880185861267839,0.0481247925655492,0.5864586790574179
pre_first_simulated,3.40625,matched_within_0.01,18,0.4477915733767555,58.51748951892541,75.59734810444024,37.30519054196617,2.026456560231146,69.43975540541472,24.7695975925579,2.8034268681974104,0.6856953202787919,0.0550945901095253,0.5781613010288749
pre_first_simulated,3.40625,matched_within_0.01,19,0.4477915733767555,57.15397867583628,74.87237765740235,33.9325750402493,2.2065044450234645,66.66804367818432,25.324252090404467,2.632577003268945,0.6856953202787919,0.0554264852306671,0.5774975107865914
pre_first_simulated,3.40625,matched_within_0.01,20,0.4534907388560961,64.6528861991669,85.61514662352748,38.46082062332207,2.2260353584762496,74.64214923242568,29.521917411089525,2.5283638658370924,0.6946564885496184,0.0537670096249585,0.5834716229671424
pre_first_simulated,3.40625,matched_within_0.01,21,0.4510482393649501,59.37413887286832,77.54762285300754,46.174768385422205,1.6794371810534092,70.60612357296787,23.730481534664914,2.975334633215435,0.6910056422170594,0.0560902754729505,0.5871224692997012
pre_first_simulated,3.40625,matched_within_0.01,22,0.4541013637288825,62.36006775601482,83.81186454975057,48.13239064134968,1.7412778262825217,73.86415926729819,23.82689710955404,3.100032661730023,0.6959840690341852,0.0587454364420843,0.5967474278128112
pre_first_simulated,3.40625,matched_within_0.01,23,0.4502340728679015,60.00448134405245,80.02441634270882,36.72633515969386,2.178938246757967,71.02947312133337,24.27055985366872,2.9265692076978023,0.6896780617324926,0.0554264852306671,0.5861267839362762
pre_first_simulated,3.40625,matched_within_0.01,24,0.4536942804803582,61.24841004644009,82.95152340637182,41.61151106340543,1.993475393863363,71.24902859569697,25.7283921804201,2.769276373590073,0.6953202787919017,0.0584135413209425,0.5881181546631264
pre_first_simulated,3.40625,matched_within_0.01,25,0.4536942804803582,62.327632488530405,80.33284787945993,40.36314377055574,1.9902525020377988,71.86533103006792,26.91499877915557,2.670084870511839,0.69498838367076,0.0540989047461002,0.5904414205111185
pre_first_simulated,3.40625,matched_within_0.01,26,0.4488092814980663,58.35318645346063,77.23237447481637,38.51362633749681,2.0053259539370623,67.73916237744321,25.41682986597688,2.6651302595418978,0.6873547958845005,0.0560902754729505,0.5784931961500166
pre_first_simulated,3.40625,matched_within_0.01,27,0.4479951150010177,59.73158612427289,80.49504143891777,42.38241157417355,1.899255810350556,71.30820093971656,21.55255739851827,3.308572603296673,0.6860272153999336,0.0574178559575174,0.5881181546631264
pre_first_simulated,3.40625,matched_within_0.01,28,0.455933238347242,62.131633142228345,83.95600951713516,38.85553553855322,2.1607219757357963,72.75034756944322,27.412478514856375,2.653913528104205,0.698639230003319,0.0567540657152339,0.5917690009956854
pre_first_simulated,3.40625,matched_within_0.01,29,0.4469774068797069,60.18450515616499,81.44225636901541,47.30604990822517,1.721603400136246,69.00054572705315,29.903181945558437,2.3074649999680688,0.684367739794225,0.059077331563226,0.5648854961832062
pre_first_simulated,3.40625,matched_within_0.01,30,0.4520659474862609,64.22676692073928,87.80528644883603,41.48642986095911,2.116482106151664,76.19258536201397,26.89326928584588,2.833147006121516,0.692665117822768,0.0600730169266511,0.5884500497842682
pre_first_simulated,3.40625,matched_within_0.01,31,0.454711988601669,63.12746330609336,86.19946177720209,41.10243760291197,2.097186123362551,73.8628005558927,26.594521237734664,2.777369063936733,0.6969797543976104,0.0580816461998008,0.5891138400265516
pre_first_simulated,3.40625,matched_within_0.01,32,0.4543049053531447,62.53677077733439,83.87243483938666,40.27198841432951,2.082649457893252,74.7190892147777,24.671002905614547,3.0286198538679336,0.6966478592764687,0.0577497510786591,0.593428476601394
pre_first_simulated,3.40625,matched_within_0.01,33,0.4492163647465906,58.83047581452302,75.86180744071181,36.069312557161055,2.103222991025664,68.51850991561174,25.29619587051356,2.708648773370709,0.6873547958845005,0.0547626949883836,0.5841354132094259
pre_first_simulated,3.40625,matched_within_0.01,34,0.4498269896193771,60.6868426946911,80.69304999829394,35.09315953010541,2.299395411492365,69.20906630502068,29.136640461890075,2.375327601531283,0.6883504812479256,0.0574178559575174,0.5748423498174576
pre_first_simulated,3.40625,matched_within_0.01,35,0.448402198249542,59.29886666920369,76.81196507231272,43.5863076811616,1.7622957565986157,67.60646530867443,28.337010359642044,2.3858009172682686,0.6870229007633588,0.0560902754729505,0.574510454696316
pre_first_simulated,3.40625,matched_within_0.01,36,0.4591899043354366,66.43168566737288,88.76733887215744,37.1630927641258,2.388588577263035,77.2122784306324,29.50473648134483,2.6169451972381435,0.703285761699303,0.0557583803518088,0.5924327912379688
pre_first_simulated,3.40625,matched_within_0.01,37,0.4516588642377366,63.50444908577493,84.76219615325185,37.511155123021,2.25965305187929,74.85825811158097,26.78334406025325,2.794955624031705,0.6923332227016263,0.0564221705940922,0.5814802522402921
pre_first_simulated,3.40625,matched_within_0.01,38,0.4508446977406879,60.27790021695331,85.38687067897044,50.00465037937099,1.7075785958138825,69.8647529724942,26.94453750415417,2.592909711726276,0.6903418519747759,0.0633919681380683,0.5834716229671424
pre_first_simulated,3.40625,matched_within_0.01,39,0.4536942804803582,64.10414756437802,82.73586627893884,35.37283863356623,2.338965982798693,74.54581658582775,28.312596186168285,2.6329558792720693,0.69498838367076,0.0517756388981082,0.5861267839362762
pre_first_simulated,3.40625,matched_within_0.01,40,0.4555261550987177,61.64411760267855,82.76851134742277,42.76359521334795,1.9354900104747963,73.48840005357098,22.815620901824207,3.2209686674665634,0.6979754397610355,0.0580816461998008,0.6000663790242283
pre_first_simulated,3.40625,matched_within_0.01,41,0.4465703236311826,58.53727589257312,78.45446788495778,37.99492809651088,2.064866860273447,69.54013003515465,21.21618363640717,3.277692690961777,0.6830401593096581,0.0597411218055094,0.5821440424825755
pre_first_simulated,3.40625,matched_within_0.01,42,0.4502340728679015,61.93505869222131,82.9671433120686,35.9582897311171,2.3073161691633968,72.763241059246,26.042237952495004,2.7940471626124146,0.6896780617324926,0.0580816461998008,0.5861267839362762
pre_first_simulated,3.40625,matched_within_0.01,43,0.4453490738856096,55.51140356117566,72.4089694083686,33.424921269614174,2.166316827623882,67.14886636424171,21.04996072517476,3.189975850355617,0.6813806837039496,0.0544307998672419,0.5784931961500166
pre_first_simulated,3.40625,matched_within_0.01,44,0.4532871972318339,59.59065559473286,77.2233573989575,37.61491050436416,2.052998567948152,70.77037256963703,22.7520043880434,3.110511555932548,0.6939926983073349,0.0554264852306671,0.595751742449386
pre_first_simulated,3.40625,matched_within_0.01,45,0.4490128231223285,63.2564505864739,83.25214593445918,36.26073136973541,2.295931239929281,75.45223285321964,24.07438120431892,3.1341296880222025,0.6873547958845005,0.0547626949883836,0.5864586790574179
pre_first_simulated,3.40625,matched_within_0.01,46,0.4451455322613474,58.11108095556383,76.92473737961456,34.971563181559354,2.199636801484964,68.95771258254464,24.96424288165495,2.762259320638898,0.6807168934616661,0.0567540657152339,0.568536342515765
pre_first_simulated,3.40625,matched_within_0.01,47,0.4561367799715041,64.94194164577587,84.05780485549931,33.70797326429714,2.493706880458808,74.58555156769626,28.970676501051585,2.574518809216931,0.6993030202456024,0.0514437437769664,0.5930965814802522
pre_first_simulated,3.40625,matched_within_0.01,48,0.4498269896193771,61.502873250172506,84.48519105934135,47.64428562552489,1.7732491934789207,72.16969984685703,25.80856272470148,2.796347112262208,0.6890142714902091,0.0607368071689346,0.5841354132094259
pre_first_simulated,3.40625,matched_within_0.01,49,0.448402198249542,58.0753978805039,76.3591811694067,33.76434035329723,2.2615333328124656,66.98082349588407,26.36575154703829,2.540448102774,0.6863591105210753,0.0554264852306671,0.5771656156654498
pre_first_simulated,3.40625,matched_within_0.01,50,0.4459596987583961,58.4854000227545,77.1890192025358,37.37147030860647,2.065453100055299,69.1393102302395,24.35761055315158,2.838509552460749,0.6810487885828078,0.0574178559575174,0.5755061400597411
pre_first_simulated,3.40625,matched_within_0.01,51,0.4520659474862609,62.16982941627174,80.35307368616373,33.594453806937224,2.3918553386205343,73.83152719789959,22.985896667148225,3.212035983065245,0.6923332227016263,0.0547626949883836,0.5904414205111185
pre_first_simulated,3.40625,matched_within_0.01,52,0.4431101160187258,54.76222270248452,72.97498682178951,34.273067256906266,2.12922252551191,63.6338726992238,26.08568481017252,2.439417372489634,0.6777298373713906,0.0580816461998008,0.5628941254563558
pre_first_simulated,3.40625,matched_within_0.01,53,0.4530836556075717,59.41010337457105,81.22888543937906,42.71155853637188,1.901801016467404,69.49474951885675,26.298825499799573,2.6425039216822204,0.6939926983073349,0.0604049120477929,0.5804845668768669
pre_first_simulated,3.40625,matched_within_0.01,54,0.4553226134744555,69.03390065456941,93.19082275705976,45.47304203164092,2.049364163765776,80.78018400913568,27.80472085102117,2.9052686571449224,0.697311649518752,0.0574178559575174,0.5907733156322602
pre_first_simulated,3.40625,matched_within_0.01,55,0.4632607368206798,67.40167332937173,91.46326407987138,44.831973199282906,2.040134697469313,78.18545003436043,29.626117207618613,2.639071785426352,0.7105874543644208,0.0574178559575174,0.6000663790242283
pre_first_simulated,3.40625,matched_within_0.01,56,0.4477915733767555,59.46672009237019,80.67503773175214,40.71694516302296,1.9813627326103305,68.56918284110374,28.553083292773525,2.401463342435521,0.6853634251576501,0.059077331563226,0.572187188848324
pre_first_simulated,3.40625,matched_within_0.01,57,0.4473844901282312,60.3043656728072,79.4624270326314,36.55469496312738,2.1737953801224417,71.89335401902366,23.178078885697943,3.1017822647667974,0.6850315300365085,0.0554264852306671,0.5857948888151344
pre_first_simulated,3.40625,matched_within_0.01,58,0.4508446977406879,58.34260698011017,74.40918766840673,29.960057553111177,2.483612974925002,68.11153707347577,25.00876722650981,2.7235063790459906,0.6900099568536342,0.0501161632923996,0.5844673083305676
pre_first_simulated,3.40625,matched_within_0.01,59,0.4516588642377366,62.46744942197192,83.1170144488915,41.72598372100472,1.9919725561089807,72.77535325982149,26.202430162922465,2.7774276205419164,0.6923332227016263,0.0587454364420843,0.587454364420843
pre_first_simulated,3.40625,matched_within_0.01,60,0.4488092814980663,57.41094303368038,77.20111830431574,43.47974346283722,1.7755651748566703,67.57409067502203,24.92125593132879,2.711504221987219,0.6873547958845005,0.0597411218055094,0.5725190839694656
pre_first_simulated,3.40625,matched_within_0.01,61,0.4561367799715041,62.32241044985607,84.84677888942569,44.6663761642165,1.8995671056341223,70.66952965567656,30.14507145968377,2.344314550728151,0.6989711251244607,0.059077331563226,0.5857948888151344
pre_first_simulated,3.40625,matched_within_0.01,62,0.4532871972318339,58.727406951767634,74.7323714356728,33.14926295742904,2.254420302847929,69.18315368404626,24.179375994343037,2.86124644822233,0.6943245934284766,0.0517756388981082,0.5914371058745437
pre_first_simulated,3.40625,matched_within_0.01,63,0.4479951150010177,61.01902273276536,79.87177709070613,37.46695886444952,2.1317923715044933,72.87910030685205,23.17407866624608,3.1448542725887614,0.6853634251576501,0.0534351145038167,0.5814802522402921
pre_first_simulated,3.40625,matched_within_0.01,64,0.4557296967229798,63.34280362455832,83.65336959872856,40.09815490596532,2.086214934200965,75.11396236605789,25.337033342728787,2.964591842699456,0.6976435446398938,0.0557583803518088,0.592100896116827
pre_first_simulated,3.40625,matched_within_0.01,65,0.4526765723590474,65.45652262774085,84.52612989870325,36.52170826610257,2.314407893596689,77.7038506944468,25.540935246325173,3.0423259737768147,0.6929970129439097,0.0534351145038167,0.5891138400265516
pre_first_simulated,3.40625,matched_within_0.01,66,0.4447384490128231,57.58007808543647,76.34426331822401,43.643286287635895,1.749278521673843,67.85685195862382,23.165679203351143,2.929197601458957,0.6807168934616661,0.0597411218055094,0.5771656156654498
pre_first_simulated,3.40625,matched_within_0.01,67,0.4461632403826582,59.87029195706169,79.81417753884232,41.277191453319766,1.9336145393783368,70.66781602668881,22.58616169801676,3.128810329596374,0.6830401593096581,0.0587454364420843,0.5824759376037172
pre_first_simulated,3.40625,matched_within_0.01,68,0.4557296967229798,66.16224774129964,85.686592127403,39.87636949838834,2.148806253058372,77.64974832993269,26.194388595128427,2.964365747569837,0.6979754397610355,0.053103219382675,0.5977431131762363
pre_first_simulated,3.40625,matched_within_0.01,69,0.4538978221046204,63.6916524315643,86.511704940927,48.1301578497037,1.7974531729373828,73.6140050169959,28.358001181840606,2.595881301540235,0.6953202787919017,0.0597411218055094,0.5871224692997012
pre_first_simulated,3.40625,matched_within_0.01,70,0.4506411561164258,60.7791093647691,79.62016000149477,41.23225655040083,1.931016312536035,72.01058592931024,24.270950052219195,2.9669454955153687,0.6900099568536342,0.0550945901095253,0.5871224692997012
pre_first_simulated,3.40625,matched_within_0.01,71,0.4475880317524934,58.63586912459256,79.69380760032584,41.162600517732365,1.9360731974646423,68.87720441253599,26.166811200197376,2.6322353108129755,0.6853634251576501,0.0600730169266511,0.5701958181214736
pre_first_simulated,3.40625,matched_within_0.01,72,0.4443313657642988,56.57260262733371,73.69935947871082,35.52807637363724,2.074397687722763,68.29275021838762,21.581964387457813,3.1643435691180835,0.6793893129770993,0.0597411218055094,0.5741785595751743
pre_first_simulated,3.40625,matched_within_0.01,73,0.4577651129656014,65.2171441269146,86.8326127594901,41.64296371121222,2.085168898199979,76.35111093913704,26.69921242775042,2.8596765221351554,0.7019581812147362,0.0557583803518088,0.5960836375705277
pre_first_simulated,3.40625,matched_within_0.01,74,0.4490128231223285,58.88149306591627,78.99109767205537,39.86590924865112,1.9814196931863053,69.0641028479338,24.13165876680004,2.8619708042180307,0.6873547958845005,0.0587454364420843,0.5838035180882841
pre_first_simulated,3.40625,matched_within_0.01,75,0.4520659474862609,61.1290241786757,81.00280957222127,41.16390951263471,1.9678113797077152,71.54581521354484,27.3498097756004,2.6159529371708112,0.6920013275804846,0.059077331563226,0.5765018254231663
pre_first_simulated,3.40625,matched_within_0.01,76,0.4555261550987177,65.39382921759434,89.49924241219757,48.248968739104654,1.854946224781392,77.60824661727844,27.287729515305152,2.8440712362583884,0.6979754397610355,0.0604049120477929,0.5871224692997012
pre_first_simulated,3.40625,matched_within_0.01,77,0.4555261550987177,68.63486664161209,87.80892208031472,36.63070351314494,2.397139930681497,78.53043600116558,30.87216079518696,2.54372981930726,0.698639230003319,0.0527713242615333,0.5940922668436774
pre_first_simulated,3.40625,matched_within_0.01,78,0.4457561571341339,60.71442379851784,77.21855174016937,31.096880634127587,2.48316069539866,69.83904106574347,28.27260562978718,2.470201791099265,0.6823763690673748,0.0504480584135413,0.5705277132426153
pre_first_simulated,3.40625,matched_within_0.01,79,0.4557296967229798,62.79931897752126,80.42427363708086,31.823374074616595,2.5272076257064766,74.67595164388483,24.08608197822674,3.1003777082295976,0.6979754397610355,0.050779953534683,0.6000663790242283
pre_first_simulated,3.40625,matched_within_0.01,80,0.4595969875839609,65.09585714811686,86.07928180016937,34.21371151690504,2.5159293740358297,75.75794284113908,27.647409458876268,2.7401461592206,0.7052771324261533,0.0524394291403916,0.6000663790242283
pre_first_simulated,3.40625,matched_within_0.01,81,0.4553226134744555,59.67693652650932,79.08962369109368,38.200423165312834,2.0703860621865964,69.52895170314817,26.038755327545804,2.670210262684679,0.697311649518752,0.0550945901095253,0.5884500497842682
pre_first_simulated,3.40625,matched_within_0.01,82,0.4500305312436393,58.63847043456235,78.44194020214638,41.26648743908796,1.900863026394767,68.57710369143835,26.908322236148432,2.548546248614208,0.6896780617324926,0.059077331563226,0.5725190839694656
pre_first_simulated,3.40625,matched_within_0.01,83,0.4508446977406879,64.40708781977975,85.77999465501296,42.9881251113858,1.995434656262628,74.63257737260889,29.42946219177983,2.5359816936598687,0.6906737470959177,0.0584135413209425,0.5811483571191504
pre_first_simulated,3.40625,matched_within_0.01,84,0.4481986566252798,58.76225124576625,78.47408564250789,36.09543077408902,2.174072561528764,68.28827105804879,26.442773908460424,2.5824927178384947,0.6866910056422171,0.0567540657152339,0.5755061400597411
pre_first_simulated,3.40625,matched_within_0.01,85,0.4565438632200285,63.60346086528526,82.05579505754898,39.88691657676805,2.057210787392425,73.20194056190488,26.91704872819074,2.719538137375331,0.6996349153667442,0.0544307998672419,0.5950879522071025
pre_first_simulated,3.40625,matched_within_0.01,86,0.4536942804803582,63.67529113422357,86.09786052645109,48.6486928152478,1.7697877485305364,74.72199023794174,26.574042670323628,2.811841283049755,0.6946564885496184,0.059077331563226,0.5884500497842682
pre_first_simulated,3.40625,matched_within_0.01,87,0.4477915733767555,60.48746332950543,79.99512842480567,42.12467559094062,1.899008771049373,72.45393497700485,21.65519725637105,3.345798891565792,0.6860272153999336,0.0574178559575174,0.5884500497842682
pre_first_simulated,3.40625,matched_within_0.01,88,0.4532871972318339,62.25646905845553,84.5876054782868,56.05291177506003,1.5090671081947769,72.10863177820585,27.7949058599004,2.594311063389378,0.6939926983073349,0.0620643876535014,0.5814802522402921
pre_first_simulated,3.40625,matched_within_0.01,89,0.4528801139833096,63.89801609714336,89.98378206964715,59.43848114734784,1.513897736494605,75.08920963036658,26.786871437565846,2.803209393279935,0.6936608031861932,0.0653833388649186,0.585131098572851
pre_first_simulated,3.40625,matched_within_0.01,90,0.4508446977406879,58.57744651438083,75.50891006583393,38.25504574306424,1.9738287747185332,68.12535162415703,25.426388737394387,2.67931684391994,0.6910056422170594,0.0547626949883836,0.5867905741785596
pre_first_simulated,3.40625,matched_within_0.01,91,0.4569509464685528,68.05553002699452,91.3826847195905,40.057453209208695,2.2812904315789804,78.64687433138003,29.921694695222907,2.6284231268470317,0.6993030202456024,0.0607368071689346,0.5940922668436774
pre_first_simulated,3.40625,matched_within_0.01,92,0.4524730307347853,61.12659690620792,83.1577968031274,44.36443264847128,1.8744248903629983,70.55290231419218,28.82069668012982,2.4479943388333933,0.6923332227016263,0.0607368071689346,0.5794888815134418
pre_first_simulated,3.40625,matched_within_0.01,93,0.4498269896193771,58.77962631045151,81.36670844161083,45.210321642968815,1.7997374379278523,70.2854839044478,25.376325789570817,2.769726574575023,0.6890142714902091,0.0640557583803518,0.5751742449385994
pre_first_simulated,3.40625,matched_within_0.01,94,0.4543049053531447,58.64435896477593,77.35125724584915,34.81885897423306,2.221533373712541,68.1333465357896,26.467259206608126,2.574250170897129,0.6963159641553269,0.0580816461998008,0.5911052107534019
pre_first_simulated,3.40625,matched_within_0.01,95,0.4549155302259312,63.65506306831077,83.9890274576475,41.32426521943204,2.032438496163582,72.69587684471567,30.970787002901645,2.347240218271005,0.6969797543976104,0.0557583803518088,0.5841354132094259
pre_first_simulated,3.40625,matched_within_0.01,96,0.4488092814980663,60.29139564459643,78.36179413491273,29.51011445675059,2.655421558928826,69.17146611958495,29.22767318669279,2.366642930408787,0.6876866910056422,0.0544307998672419,0.574510454696316
pre_first_simulated,3.40625,matched_within_0.01,97,0.4500305312436393,58.13039477670512,76.7006569362531,39.98016368592242,1.918467806655341,68.5117270453538,22.709297947785917,3.016902028538204,0.6893461666113508,0.0580816461998008,0.5924327912379688
pre_first_simulated,3.40625,matched_within_0.01,98,0.448402198249542,62.379014801467065,80.55953296096808,37.48885694631458,2.148892751687049,74.32512911945656,24.21918558401583,3.068853362621311,0.6863591105210753,0.0534351145038167,0.5838035180882841
pre_first_simulated,3.40625,matched_within_0.01,99,0.4567474048442906,63.23250430531191,85.85507670746959,40.5889439959373,2.1152330722391586,74.34825684998285,25.256623741017854,2.9437132061811586,0.7006306007301693,0.0580816461998008,0.5930965814802522
